<?xml version="1.0" encoding="UTF-8"?>
<gpx version="1.1" creator="viewmygpx-samples" xmlns="http://www.topografix.com/GPX/1/1">
  <metadata>
    <name>Berlin Marathon course</name>
    <desc>42.2 km marathon course modeled on the BMW Berlin Marathon route, starting on Strasse des 17. Juni and finishing at the Brandenburg Gate.</desc>
    <author>
      <name>viewmygpx samples</name>
    </author>
    <bounds minlat="52.45854578379554" minlon="13.313497001134728" maxlat="52.57054078223144" maxlon="13.52147231965016"/>
  </metadata>
  <wpt lat="52.52" lon="13.37">
    <ele>35</ele>
    <name>Start</name>
    <sym>Trailhead</sym>
  </wpt>
  <wpt lat="52.54" lon="13.408">
    <name>10K split</name>
    <sym>Pin</sym>
  </wpt>
  <wpt lat="52.52" lon="13.462">
    <name>Half marathon</name>
    <sym>Pin</sym>
  </wpt>
  <wpt lat="52.487" lon="13.398">
    <name>30K split</name>
    <sym>Pin</sym>
  </wpt>
  <wpt lat="52.5165" lon="13.378">
    <ele>35</ele>
    <name>Finish</name>
    <sym>Flag</sym>
  </wpt>
  <trk>
    <name>Berlin Marathon</name>
    <type>running</type>
    <trkseg>
      <trkpt lat="52.52656242613112" lon="13.333478575003815">
        <ele>35.31535288766027</ele>
        <time>2025-09-28T09:15:00.000Z</time>
      </trkpt>
      <trkpt lat="52.526641930257675" lon="13.333635270081082">
        <ele>34.790605566894556</ele>
        <time>2025-09-28T09:15:04.808Z</time>
      </trkpt>
      <trkpt lat="52.52675430882651" lon="13.333806158942277">
        <ele>34.90385033723322</ele>
        <time>2025-09-28T09:15:09.797Z</time>
      </trkpt>
      <trkpt lat="52.52688204925986" lon="13.33394482949158">
        <ele>35.360277606719855</ele>
        <time>2025-09-28T09:15:14.793Z</time>
      </trkpt>
      <trkpt lat="52.52696633900292" lon="13.334124852406676">
        <ele>34.885236195146696</ele>
        <time>2025-09-28T09:15:19.691Z</time>
      </trkpt>
      <trkpt lat="52.52708827434108" lon="13.334279262702344">
        <ele>35.039481728998524</ele>
        <time>2025-09-28T09:15:24.728Z</time>
      </trkpt>
      <trkpt lat="52.52717893116463" lon="13.334431013455879">
        <ele>35.36662692573988</ele>
        <time>2025-09-28T09:15:29.716Z</time>
      </trkpt>
      <trkpt lat="52.527291382472434" lon="13.33460360029234">
        <ele>35.30671683515735</ele>
        <time>2025-09-28T09:15:34.826Z</time>
      </trkpt>
      <trkpt lat="52.52741614603377" lon="13.334755383777157">
        <ele>34.71590650407157</ele>
        <time>2025-09-28T09:15:39.818Z</time>
      </trkpt>
      <trkpt lat="52.527523041370586" lon="13.334924248457533">
        <ele>35.27749591633415</ele>
        <time>2025-09-28T09:15:44.973Z</time>
      </trkpt>
      <trkpt lat="52.52761638089333" lon="13.335095265027647">
        <ele>35.25775034261783</ele>
        <time>2025-09-28T09:15:49.936Z</time>
      </trkpt>
      <trkpt lat="52.52773194216971" lon="13.335243076930336">
        <ele>34.83320273634139</ele>
        <time>2025-09-28T09:15:54.735Z</time>
      </trkpt>
      <trkpt lat="52.5278331059638" lon="13.335389923667009">
        <ele>34.85991864050079</ele>
        <time>2025-09-28T09:15:59.681Z</time>
      </trkpt>
      <trkpt lat="52.52795280931946" lon="13.335568069503452">
        <ele>34.99235211164208</ele>
        <time>2025-09-28T09:16:04.654Z</time>
      </trkpt>
      <trkpt lat="52.528045851207054" lon="13.33571106270757">
        <ele>35.36240046626584</ele>
        <time>2025-09-28T09:16:09.691Z</time>
      </trkpt>
      <trkpt lat="52.52814356357947" lon="13.33588806732272">
        <ele>35.03122894012242</ele>
        <time>2025-09-28T09:16:14.693Z</time>
      </trkpt>
      <trkpt lat="52.528265052684525" lon="13.336045985029445">
        <ele>35.18649781419946</ele>
        <time>2025-09-28T09:16:19.664Z</time>
      </trkpt>
      <trkpt lat="52.52838020301618" lon="13.336202809473775">
        <ele>35.131586973417974</ele>
        <time>2025-09-28T09:16:24.607Z</time>
      </trkpt>
      <trkpt lat="52.52846069666958" lon="13.336360559575713">
        <ele>35.30281154374998</ele>
        <time>2025-09-28T09:16:29.549Z</time>
      </trkpt>
      <trkpt lat="52.52859418804666" lon="13.336517440994072">
        <ele>35.22638286647971</ele>
        <time>2025-09-28T09:16:34.422Z</time>
      </trkpt>
      <trkpt lat="52.52868067737694" lon="13.33667845446153">
        <ele>35.450544739363885</ele>
        <time>2025-09-28T09:16:39.577Z</time>
      </trkpt>
      <trkpt lat="52.528803258762835" lon="13.336859499165046">
        <ele>35.27744636228317</ele>
        <time>2025-09-28T09:16:44.654Z</time>
      </trkpt>
      <trkpt lat="52.52889311561819" lon="13.337004090014753">
        <ele>35.135461760276925</ele>
        <time>2025-09-28T09:16:49.622Z</time>
      </trkpt>
      <trkpt lat="52.52899414253542" lon="13.337166536599522">
        <ele>35.08339856697611</ele>
        <time>2025-09-28T09:16:54.553Z</time>
      </trkpt>
      <trkpt lat="52.52911410617949" lon="13.337314446399704">
        <ele>35.1622901645357</ele>
        <time>2025-09-28T09:16:59.498Z</time>
      </trkpt>
      <trkpt lat="52.52923431934443" lon="13.3374809705554">
        <ele>35.351045118968685</ele>
        <time>2025-09-28T09:17:04.514Z</time>
      </trkpt>
      <trkpt lat="52.5293370727933" lon="13.33764175877892">
        <ele>35.285030580693515</ele>
        <time>2025-09-28T09:17:09.495Z</time>
      </trkpt>
      <trkpt lat="52.52944446101898" lon="13.337812630492454">
        <ele>35.40777378349709</ele>
        <time>2025-09-28T09:17:14.546Z</time>
      </trkpt>
      <trkpt lat="52.529545086528856" lon="13.33797038759986">
        <ele>35.32298015983165</ele>
        <time>2025-09-28T09:17:19.635Z</time>
      </trkpt>
      <trkpt lat="52.52963747861675" lon="13.338143734669776">
        <ele>35.58101240545079</ele>
        <time>2025-09-28T09:17:24.674Z</time>
      </trkpt>
      <trkpt lat="52.52976591102379" lon="13.338299522488226">
        <ele>35.455977416091855</ele>
        <time>2025-09-28T09:17:29.529Z</time>
      </trkpt>
      <trkpt lat="52.529878731427345" lon="13.338445723044588">
        <ele>35.113868877775204</ele>
        <time>2025-09-28T09:17:34.467Z</time>
      </trkpt>
      <trkpt lat="52.52995860446972" lon="13.338615659913849">
        <ele>35.43571136014638</ele>
        <time>2025-09-28T09:17:39.388Z</time>
      </trkpt>
      <trkpt lat="52.530091083554694" lon="13.338771853933553">
        <ele>35.41887068137806</ele>
        <time>2025-09-28T09:17:44.388Z</time>
      </trkpt>
      <trkpt lat="52.53017929176139" lon="13.338926091903614">
        <ele>35.69111187598194</ele>
        <time>2025-09-28T09:17:49.307Z</time>
      </trkpt>
      <trkpt lat="52.530291280294946" lon="13.339091581940945">
        <ele>35.487187604016455</ele>
        <time>2025-09-28T09:17:54.296Z</time>
      </trkpt>
      <trkpt lat="52.53040246658813" lon="13.339260383496292">
        <ele>35.75466977751695</ele>
        <time>2025-09-28T09:17:59.390Z</time>
      </trkpt>
      <trkpt lat="52.53051258824634" lon="13.339419999589103">
        <ele>35.391807131739924</ele>
        <time>2025-09-28T09:18:04.237Z</time>
      </trkpt>
      <trkpt lat="52.53062882498848" lon="13.339589586685141">
        <ele>35.250019704133784</ele>
        <time>2025-09-28T09:18:09.083Z</time>
      </trkpt>
      <trkpt lat="52.530720516106484" lon="13.33972263953126">
        <ele>35.26530813054597</ele>
        <time>2025-09-28T09:18:14.010Z</time>
      </trkpt>
      <trkpt lat="52.53082484663634" lon="13.339891437191188">
        <ele>35.8213782490011</ele>
        <time>2025-09-28T09:18:19.108Z</time>
      </trkpt>
      <trkpt lat="52.530924364459906" lon="13.340067711793514">
        <ele>35.36037384489391</ele>
        <time>2025-09-28T09:18:24.010Z</time>
      </trkpt>
      <trkpt lat="52.531030252029545" lon="13.340220096632525">
        <ele>35.80181977357732</ele>
        <time>2025-09-28T09:18:29.125Z</time>
      </trkpt>
      <trkpt lat="52.53115225304767" lon="13.34039370818092">
        <ele>35.44352735584797</ele>
        <time>2025-09-28T09:18:33.940Z</time>
      </trkpt>
      <trkpt lat="52.531268567923675" lon="13.340550664861615">
        <ele>35.50362682391331</ele>
        <time>2025-09-28T09:18:38.892Z</time>
      </trkpt>
      <trkpt lat="52.53137395983775" lon="13.340713015337817">
        <ele>35.807494169460526</ele>
        <time>2025-09-28T09:18:44.062Z</time>
      </trkpt>
      <trkpt lat="52.53147398236908" lon="13.340874788344303">
        <ele>35.724990057989785</ele>
        <time>2025-09-28T09:18:48.919Z</time>
      </trkpt>
      <trkpt lat="52.531578811955306" lon="13.34101882692851">
        <ele>35.40432461305496</ele>
        <time>2025-09-28T09:18:53.763Z</time>
      </trkpt>
      <trkpt lat="52.53167389826453" lon="13.34117917368583">
        <ele>35.629863435376095</ele>
        <time>2025-09-28T09:18:58.910Z</time>
      </trkpt>
      <trkpt lat="52.531795287095136" lon="13.341338510328306">
        <ele>35.82001095752562</ele>
        <time>2025-09-28T09:19:04.032Z</time>
      </trkpt>
      <trkpt lat="52.5318899938498" lon="13.34149448916398">
        <ele>35.47422777572224</ele>
        <time>2025-09-28T09:19:09.080Z</time>
      </trkpt>
      <trkpt lat="52.53201474909793" lon="13.341667244576223">
        <ele>35.30749499812477</ele>
        <time>2025-09-28T09:19:13.999Z</time>
      </trkpt>
      <trkpt lat="52.5321263059516" lon="13.341834377434704">
        <ele>35.58168222198196</ele>
        <time>2025-09-28T09:19:19.177Z</time>
      </trkpt>
      <trkpt lat="52.53221004916737" lon="13.341985000906345">
        <ele>35.568271266372115</ele>
        <time>2025-09-28T09:19:24.186Z</time>
      </trkpt>
      <trkpt lat="52.532338102995375" lon="13.342153446886076">
        <ele>35.59925135257011</ele>
        <time>2025-09-28T09:19:29.105Z</time>
      </trkpt>
      <trkpt lat="52.5324280530706" lon="13.342315550787015">
        <ele>35.66217332836706</ele>
        <time>2025-09-28T09:19:34.122Z</time>
      </trkpt>
      <trkpt lat="52.53254191406301" lon="13.342462306834591">
        <ele>35.46434948059443</ele>
        <time>2025-09-28T09:19:39.228Z</time>
      </trkpt>
      <trkpt lat="52.53265648689612" lon="13.342620802816905">
        <ele>35.36744080142008</ele>
        <time>2025-09-28T09:19:44.315Z</time>
      </trkpt>
      <trkpt lat="52.5327458319908" lon="13.342792094159272">
        <ele>35.931529217577285</ele>
        <time>2025-09-28T09:19:49.503Z</time>
      </trkpt>
      <trkpt lat="52.532850207824204" lon="13.342935841290078">
        <ele>35.98929634266779</ele>
        <time>2025-09-28T09:19:54.655Z</time>
      </trkpt>
      <trkpt lat="52.53297889347044" lon="13.343094058893321">
        <ele>35.90562252468853</ele>
        <time>2025-09-28T09:19:59.759Z</time>
      </trkpt>
      <trkpt lat="52.533078381389636" lon="13.343260366438477">
        <ele>35.945683954075406</ele>
        <time>2025-09-28T09:20:04.735Z</time>
      </trkpt>
      <trkpt lat="52.533186127008065" lon="13.343441968020622">
        <ele>35.9431027055144</ele>
        <time>2025-09-28T09:20:09.821Z</time>
      </trkpt>
      <trkpt lat="52.53330146554083" lon="13.343594197462822">
        <ele>35.646096813958394</ele>
        <time>2025-09-28T09:20:14.745Z</time>
      </trkpt>
      <trkpt lat="52.53339683273298" lon="13.34376271449191">
        <ele>36.213685534859245</ele>
        <time>2025-09-28T09:20:19.982Z</time>
      </trkpt>
      <trkpt lat="52.53349263725935" lon="13.343911641088663">
        <ele>36.01635286828884</ele>
        <time>2025-09-28T09:20:24.822Z</time>
      </trkpt>
      <trkpt lat="52.533608958430065" lon="13.344059361462849">
        <ele>35.69132823542319</ele>
        <time>2025-09-28T09:20:29.899Z</time>
      </trkpt>
      <trkpt lat="52.53371376613333" lon="13.344237920317134">
        <ele>36.02003025258697</ele>
        <time>2025-09-28T09:20:34.853Z</time>
      </trkpt>
      <trkpt lat="52.53382997708043" lon="13.344382480755684">
        <ele>35.69713610430232</ele>
        <time>2025-09-28T09:20:39.743Z</time>
      </trkpt>
      <trkpt lat="52.53392281009307" lon="13.344565239108606">
        <ele>36.03374657656227</ele>
        <time>2025-09-28T09:20:44.807Z</time>
      </trkpt>
      <trkpt lat="52.53403977752228" lon="13.344718871256196">
        <ele>36.13994374567051</ele>
        <time>2025-09-28T09:20:49.868Z</time>
      </trkpt>
      <trkpt lat="52.53413423477189" lon="13.344886557905951">
        <ele>36.13210422806027</ele>
        <time>2025-09-28T09:20:54.835Z</time>
      </trkpt>
      <trkpt lat="52.53426536305804" lon="13.345032206822145">
        <ele>36.06966606030004</ele>
        <time>2025-09-28T09:20:59.921Z</time>
      </trkpt>
      <trkpt lat="52.53435095569851" lon="13.3451945069336">
        <ele>36.009076148010195</ele>
        <time>2025-09-28T09:21:04.763Z</time>
      </trkpt>
      <trkpt lat="52.53446420566657" lon="13.345357675784406">
        <ele>35.93742426930114</ele>
        <time>2025-09-28T09:21:09.806Z</time>
      </trkpt>
      <trkpt lat="52.53456041222508" lon="13.34552004453963">
        <ele>36.192036328464745</ele>
        <time>2025-09-28T09:21:14.920Z</time>
      </trkpt>
      <trkpt lat="52.53466607389898" lon="13.34566909494817">
        <ele>35.770292717777195</ele>
        <time>2025-09-28T09:21:19.950Z</time>
      </trkpt>
      <trkpt lat="52.53478683297649" lon="13.34582431727777">
        <ele>35.772573358751835</ele>
        <time>2025-09-28T09:21:24.851Z</time>
      </trkpt>
      <trkpt lat="52.53488661141737" lon="13.346008432903794">
        <ele>35.80542753916234</ele>
        <time>2025-09-28T09:21:29.707Z</time>
      </trkpt>
      <trkpt lat="52.534997510338805" lon="13.346149365470588">
        <ele>35.875363947823644</ele>
        <time>2025-09-28T09:21:34.832Z</time>
      </trkpt>
      <trkpt lat="52.53509553290973" lon="13.346317149501637">
        <ele>35.79978786744177</ele>
        <time>2025-09-28T09:21:39.941Z</time>
      </trkpt>
      <trkpt lat="52.53520609925945" lon="13.346487813500762">
        <ele>35.72990416828543</ele>
        <time>2025-09-28T09:21:45.000Z</time>
      </trkpt>
      <trkpt lat="52.53533413621579" lon="13.3466492886597">
        <ele>36.01983271948993</ele>
        <time>2025-09-28T09:21:50.053Z</time>
      </trkpt>
      <trkpt lat="52.53541757071448" lon="13.346796946439332">
        <ele>36.09236481711268</ele>
        <time>2025-09-28T09:21:55.008Z</time>
      </trkpt>
      <trkpt lat="52.53553987237325" lon="13.346970744918286">
        <ele>36.352832068502906</ele>
        <time>2025-09-28T09:22:00.155Z</time>
      </trkpt>
      <trkpt lat="52.53564513465537" lon="13.347115195957887">
        <ele>35.643653825111684</ele>
        <time>2025-09-28T09:22:05.078Z</time>
      </trkpt>
      <trkpt lat="52.535762135252845" lon="13.347283616081196">
        <ele>36.00969047751278</ele>
        <time>2025-09-28T09:22:10.027Z</time>
      </trkpt>
      <trkpt lat="52.535861499159815" lon="13.347442872024686">
        <ele>36.29068754334003</ele>
        <time>2025-09-28T09:22:15.116Z</time>
      </trkpt>
      <trkpt lat="52.535977381674655" lon="13.347612356344156">
        <ele>36.043530377559364</ele>
        <time>2025-09-28T09:22:20.218Z</time>
      </trkpt>
      <trkpt lat="52.5360788094949" lon="13.34777231048793">
        <ele>35.89117971472442</ele>
        <time>2025-09-28T09:22:25.114Z</time>
      </trkpt>
      <trkpt lat="52.53618043282962" lon="13.347937671871215">
        <ele>35.67748459111899</ele>
        <time>2025-09-28T09:22:30.097Z</time>
      </trkpt>
      <trkpt lat="52.53629840795978" lon="13.348098642899519">
        <ele>36.28431743215769</ele>
        <time>2025-09-28T09:22:35.265Z</time>
      </trkpt>
      <trkpt lat="52.536396892471274" lon="13.348231841675027">
        <ele>36.130383235402405</ele>
        <time>2025-09-28T09:22:40.363Z</time>
      </trkpt>
      <trkpt lat="52.53650681296841" lon="13.348409194598617">
        <ele>35.65684440732002</ele>
        <time>2025-09-28T09:22:45.367Z</time>
      </trkpt>
      <trkpt lat="52.536602176885935" lon="13.348563814962032">
        <ele>36.321807597391306</ele>
        <time>2025-09-28T09:22:50.335Z</time>
      </trkpt>
      <trkpt lat="52.5367061233383" lon="13.348726431564327">
        <ele>36.310182257182895</ele>
        <time>2025-09-28T09:22:55.255Z</time>
      </trkpt>
      <trkpt lat="52.53682404791982" lon="13.348875677242509">
        <ele>35.98909289930016</ele>
        <time>2025-09-28T09:23:00.328Z</time>
      </trkpt>
      <trkpt lat="52.53691925866734" lon="13.34905279317222">
        <ele>36.26547691654414</ele>
        <time>2025-09-28T09:23:05.247Z</time>
      </trkpt>
      <trkpt lat="52.53704099630412" lon="13.349197432057123">
        <ele>36.372558545134964</ele>
        <time>2025-09-28T09:23:10.357Z</time>
      </trkpt>
      <trkpt lat="52.537127760071506" lon="13.349377226902682">
        <ele>36.23741822093725</ele>
        <time>2025-09-28T09:23:15.419Z</time>
      </trkpt>
      <trkpt lat="52.53724887519814" lon="13.349533687247444">
        <ele>35.93273696564138</ele>
        <time>2025-09-28T09:23:20.443Z</time>
      </trkpt>
      <trkpt lat="52.53734941917056" lon="13.349689288991456">
        <ele>35.765031510591506</ele>
        <time>2025-09-28T09:23:25.511Z</time>
      </trkpt>
      <trkpt lat="52.53747530268767" lon="13.349858711138369">
        <ele>36.14318734817207</ele>
        <time>2025-09-28T09:23:30.533Z</time>
      </trkpt>
      <trkpt lat="52.53755675685881" lon="13.350000758763356">
        <ele>36.09582493137568</ele>
        <time>2025-09-28T09:23:35.483Z</time>
      </trkpt>
      <trkpt lat="52.5376652039615" lon="13.350169244232625">
        <ele>35.65216725897044</ele>
        <time>2025-09-28T09:23:40.500Z</time>
      </trkpt>
      <trkpt lat="52.537771797353926" lon="13.350319388489797">
        <ele>35.86225744560361</ele>
        <time>2025-09-28T09:23:45.440Z</time>
      </trkpt>
      <trkpt lat="52.53788422648743" lon="13.350489465419189">
        <ele>36.17881259117276</ele>
        <time>2025-09-28T09:23:50.395Z</time>
      </trkpt>
      <trkpt lat="52.53798993157867" lon="13.350667200996234">
        <ele>35.73974991030991</ele>
        <time>2025-09-28T09:23:55.311Z</time>
      </trkpt>
      <trkpt lat="52.538093807444874" lon="13.350819454279986">
        <ele>35.949080030992626</ele>
        <time>2025-09-28T09:24:00.318Z</time>
      </trkpt>
      <trkpt lat="52.53821361619029" lon="13.35098690151679">
        <ele>36.294856591336426</ele>
        <time>2025-09-28T09:24:05.301Z</time>
      </trkpt>
      <trkpt lat="52.538329344810414" lon="13.351136740237024">
        <ele>36.37108373027295</ele>
        <time>2025-09-28T09:24:10.355Z</time>
      </trkpt>
      <trkpt lat="52.53842661350592" lon="13.35130673180396">
        <ele>36.25721482355148</ele>
        <time>2025-09-28T09:24:15.333Z</time>
      </trkpt>
      <trkpt lat="52.538543746338135" lon="13.351458596988776">
        <ele>36.222417620196936</ele>
        <time>2025-09-28T09:24:20.270Z</time>
      </trkpt>
      <trkpt lat="52.53864068422737" lon="13.351617503272648">
        <ele>35.98283604793251</ele>
        <time>2025-09-28T09:24:25.348Z</time>
      </trkpt>
      <trkpt lat="52.53875191578468" lon="13.351788177324414">
        <ele>36.130467218719424</ele>
        <time>2025-09-28T09:24:30.365Z</time>
      </trkpt>
      <trkpt lat="52.538846639036464" lon="13.351941905868559">
        <ele>36.04934257660061</ele>
        <time>2025-09-28T09:24:35.369Z</time>
      </trkpt>
      <trkpt lat="52.53896037309058" lon="13.352091306141398">
        <ele>36.34101459234953</ele>
        <time>2025-09-28T09:24:40.275Z</time>
      </trkpt>
      <trkpt lat="52.53906724213939" lon="13.352261002250845">
        <ele>35.9936265880242</ele>
        <time>2025-09-28T09:24:45.164Z</time>
      </trkpt>
      <trkpt lat="52.539166337189776" lon="13.352418155248122">
        <ele>36.36939931232482</ele>
        <time>2025-09-28T09:24:50.233Z</time>
      </trkpt>
      <trkpt lat="52.53928482928934" lon="13.352588913331353">
        <ele>35.62845727745444</ele>
        <time>2025-09-28T09:24:55.134Z</time>
      </trkpt>
      <trkpt lat="52.53938843909601" lon="13.352741599009464">
        <ele>35.84545804131776</ele>
        <time>2025-09-28T09:25:00.115Z</time>
      </trkpt>
      <trkpt lat="52.539482692287294" lon="13.352903544298972">
        <ele>35.69056865386665</ele>
        <time>2025-09-28T09:25:05.182Z</time>
      </trkpt>
      <trkpt lat="52.53960859110065" lon="13.35306964916515">
        <ele>36.090861544944346</ele>
        <time>2025-09-28T09:25:10.315Z</time>
      </trkpt>
      <trkpt lat="52.539699170211485" lon="13.353208963566663">
        <ele>36.32631903905421</ele>
        <time>2025-09-28T09:25:15.451Z</time>
      </trkpt>
      <trkpt lat="52.53982974555138" lon="13.35337224476416">
        <ele>36.18957602269948</ele>
        <time>2025-09-28T09:25:20.477Z</time>
      </trkpt>
      <trkpt lat="52.53991308671305" lon="13.353539077058246">
        <ele>36.0086101487279</ele>
        <time>2025-09-28T09:25:25.384Z</time>
      </trkpt>
      <trkpt lat="52.54003488690859" lon="13.353696128304103">
        <ele>35.791638035327196</ele>
        <time>2025-09-28T09:25:30.459Z</time>
      </trkpt>
      <trkpt lat="52.54012592422369" lon="13.353868183590231">
        <ele>35.824769550934434</ele>
        <time>2025-09-28T09:25:35.374Z</time>
      </trkpt>
      <trkpt lat="52.54025583888552" lon="13.354034625910796">
        <ele>35.83045122809708</ele>
        <time>2025-09-28T09:25:40.521Z</time>
      </trkpt>
      <trkpt lat="52.5403395144183" lon="13.354180962591817">
        <ele>35.76651304028928</ele>
        <time>2025-09-28T09:25:45.618Z</time>
      </trkpt>
      <trkpt lat="52.540470209033394" lon="13.354353636826664">
        <ele>36.071528515964744</ele>
        <time>2025-09-28T09:25:50.522Z</time>
      </trkpt>
      <trkpt lat="52.54057302789048" lon="13.354514843857656">
        <ele>35.835606711544095</ele>
        <time>2025-09-28T09:25:55.503Z</time>
      </trkpt>
      <trkpt lat="52.54066055358661" lon="13.35466064020088">
        <ele>35.87264987006783</ele>
        <time>2025-09-28T09:26:00.405Z</time>
      </trkpt>
      <trkpt lat="52.54079295921899" lon="13.35481651615579">
        <ele>35.983036297746004</ele>
        <time>2025-09-28T09:26:05.271Z</time>
      </trkpt>
      <trkpt lat="52.54087697040897" lon="13.354985310957519">
        <ele>36.22155214305967</ele>
        <time>2025-09-28T09:26:10.259Z</time>
      </trkpt>
      <trkpt lat="52.541008159528204" lon="13.355154724200023">
        <ele>36.01588546205312</ele>
        <time>2025-09-28T09:26:15.085Z</time>
      </trkpt>
      <trkpt lat="52.541098751851614" lon="13.35531944473074">
        <ele>36.028423574753106</ele>
        <time>2025-09-28T09:26:20.149Z</time>
      </trkpt>
      <trkpt lat="52.541207186282804" lon="13.35547568882761">
        <ele>35.72252051271498</ele>
        <time>2025-09-28T09:26:25.185Z</time>
      </trkpt>
      <trkpt lat="52.54133059981976" lon="13.355624313027489">
        <ele>36.05924769770354</ele>
        <time>2025-09-28T09:26:30.278Z</time>
      </trkpt>
      <trkpt lat="52.541416677619466" lon="13.355782136237847">
        <ele>35.63673928938806</ele>
        <time>2025-09-28T09:26:35.079Z</time>
      </trkpt>
      <trkpt lat="52.54151583166026" lon="13.355964964398387">
        <ele>36.16204202976078</ele>
        <time>2025-09-28T09:26:40.195Z</time>
      </trkpt>
      <trkpt lat="52.5416372113977" lon="13.356099533465551">
        <ele>35.75701466891915</ele>
        <time>2025-09-28T09:26:44.984Z</time>
      </trkpt>
      <trkpt lat="52.541755947452785" lon="13.356268375161548">
        <ele>35.69296183567494</ele>
        <time>2025-09-28T09:26:50.004Z</time>
      </trkpt>
      <trkpt lat="52.54185749809249" lon="13.356421220398596">
        <ele>35.91000620312989</ele>
        <time>2025-09-28T09:26:55.061Z</time>
      </trkpt>
      <trkpt lat="52.54195135478589" lon="13.35658553458982">
        <ele>36.38622755780816</ele>
        <time>2025-09-28T09:27:00.043Z</time>
      </trkpt>
      <trkpt lat="52.542061020539535" lon="13.356749520151643">
        <ele>35.78115425184369</ele>
        <time>2025-09-28T09:27:05.003Z</time>
      </trkpt>
      <trkpt lat="52.54217050647388" lon="13.356925205005505">
        <ele>36.0130048725754</ele>
        <time>2025-09-28T09:27:10.112Z</time>
      </trkpt>
      <trkpt lat="52.54228488543126" lon="13.357087428356737">
        <ele>35.928378112986685</ele>
        <time>2025-09-28T09:27:15.231Z</time>
      </trkpt>
      <trkpt lat="52.54238514271124" lon="13.357242211433478">
        <ele>35.73988388050348</ele>
        <time>2025-09-28T09:27:20.303Z</time>
      </trkpt>
      <trkpt lat="52.54249658884881" lon="13.357388215623853">
        <ele>36.132004958577454</ele>
        <time>2025-09-28T09:27:25.364Z</time>
      </trkpt>
      <trkpt lat="52.54259370478949" lon="13.357567403227169">
        <ele>36.24835616294295</ele>
        <time>2025-09-28T09:27:30.500Z</time>
      </trkpt>
      <trkpt lat="52.54269462363361" lon="13.357701843551961">
        <ele>35.807796749658884</ele>
        <time>2025-09-28T09:27:35.397Z</time>
      </trkpt>
      <trkpt lat="52.542825162460915" lon="13.357871517556847">
        <ele>36.071522909775375</ele>
        <time>2025-09-28T09:27:40.454Z</time>
      </trkpt>
      <trkpt lat="52.54293335204918" lon="13.358051398459498">
        <ele>35.75173411425203</ele>
        <time>2025-09-28T09:27:45.368Z</time>
      </trkpt>
      <trkpt lat="52.5430342586663" lon="13.358186802264209">
        <ele>35.816861372627315</ele>
        <time>2025-09-28T09:27:50.521Z</time>
      </trkpt>
      <trkpt lat="52.54312230347222" lon="13.35837121028689">
        <ele>36.03852252978832</ele>
        <time>2025-09-28T09:27:55.600Z</time>
      </trkpt>
      <trkpt lat="52.54325347946786" lon="13.358505448076633">
        <ele>35.87253206279129</ele>
        <time>2025-09-28T09:28:00.442Z</time>
      </trkpt>
      <trkpt lat="52.54333911057291" lon="13.358686975924043">
        <ele>35.696932000853124</ele>
        <time>2025-09-28T09:28:05.469Z</time>
      </trkpt>
      <trkpt lat="52.54346070721964" lon="13.358827975372606">
        <ele>35.686894062906504</ele>
        <time>2025-09-28T09:28:10.504Z</time>
      </trkpt>
      <trkpt lat="52.54355878021216" lon="13.358990048944284">
        <ele>35.940375823155044</ele>
        <time>2025-09-28T09:28:15.554Z</time>
      </trkpt>
      <trkpt lat="52.54366763299557" lon="13.359158279165428">
        <ele>36.08671639282257</ele>
        <time>2025-09-28T09:28:20.678Z</time>
      </trkpt>
      <trkpt lat="52.54378077454512" lon="13.359319495480138">
        <ele>36.14194024447352</ele>
        <time>2025-09-28T09:28:25.827Z</time>
      </trkpt>
      <trkpt lat="52.54387788705746" lon="13.35948413226982">
        <ele>36.11872502733022</ele>
        <time>2025-09-28T09:28:30.726Z</time>
      </trkpt>
      <trkpt lat="52.54400026350738" lon="13.359652466486095">
        <ele>35.82007166147232</ele>
        <time>2025-09-28T09:28:35.587Z</time>
      </trkpt>
      <trkpt lat="52.54409178348808" lon="13.359811497300866">
        <ele>36.23202370647341</ele>
        <time>2025-09-28T09:28:40.567Z</time>
      </trkpt>
      <trkpt lat="52.54421854144403" lon="13.359960991714745">
        <ele>35.76043148040772</ele>
        <time>2025-09-28T09:28:45.383Z</time>
      </trkpt>
      <trkpt lat="52.544322522365" lon="13.360116697226175">
        <ele>36.37045793440193</ele>
        <time>2025-09-28T09:28:50.407Z</time>
      </trkpt>
      <trkpt lat="52.544429085530076" lon="13.360298029156063">
        <ele>36.14535682816059</ele>
        <time>2025-09-28T09:28:55.480Z</time>
      </trkpt>
      <trkpt lat="52.544523597432764" lon="13.360446416794947">
        <ele>36.05963413398713</ele>
        <time>2025-09-28T09:29:00.318Z</time>
      </trkpt>
      <trkpt lat="52.544645723603224" lon="13.360591825906866">
        <ele>36.21569239292294</ele>
        <time>2025-09-28T09:29:05.296Z</time>
      </trkpt>
      <trkpt lat="52.544749145142056" lon="13.360757641193425">
        <ele>35.81676867362112</ele>
        <time>2025-09-28T09:29:10.326Z</time>
      </trkpt>
      <trkpt lat="52.54484496724976" lon="13.36094158677074">
        <ele>36.398710354045036</ele>
        <time>2025-09-28T09:29:15.341Z</time>
      </trkpt>
      <trkpt lat="52.544963184055995" lon="13.361090119445391">
        <ele>36.06520332582295</ele>
        <time>2025-09-28T09:29:20.143Z</time>
      </trkpt>
      <trkpt lat="52.545047889720365" lon="13.361244019304204">
        <ele>35.88875053152442</ele>
        <time>2025-09-28T09:29:25.029Z</time>
      </trkpt>
      <trkpt lat="52.5451796255198" lon="13.361403734292596">
        <ele>35.82939511276781</ele>
        <time>2025-09-28T09:29:30.054Z</time>
      </trkpt>
      <trkpt lat="52.54528682657209" lon="13.361572943854593">
        <ele>36.25228066053241</ele>
        <time>2025-09-28T09:29:35.189Z</time>
      </trkpt>
      <trkpt lat="52.545396302537625" lon="13.361744456841626">
        <ele>35.82335035987198</ele>
        <time>2025-09-28T09:29:40.087Z</time>
      </trkpt>
      <trkpt lat="52.54549176586047" lon="13.361879525867934">
        <ele>35.770491999946536</ele>
        <time>2025-09-28T09:29:45.013Z</time>
      </trkpt>
      <trkpt lat="52.5456110124893" lon="13.362037675405006">
        <ele>36.06805748976767</ele>
        <time>2025-09-28T09:29:50.091Z</time>
      </trkpt>
      <trkpt lat="52.54570999252748" lon="13.362216282014419">
        <ele>35.728991840593515</ele>
        <time>2025-09-28T09:29:55.036Z</time>
      </trkpt>
      <trkpt lat="52.54579813194434" lon="13.362381478495793">
        <ele>36.34598367735744</ele>
        <time>2025-09-28T09:30:00.005Z</time>
      </trkpt>
      <trkpt lat="52.54592239094583" lon="13.362524527688883">
        <ele>35.8550092259422</ele>
        <time>2025-09-28T09:30:05.011Z</time>
      </trkpt>
      <trkpt lat="52.54602712119451" lon="13.362699851945594">
        <ele>36.159576926752926</ele>
        <time>2025-09-28T09:30:10.195Z</time>
      </trkpt>
      <trkpt lat="52.54613050718335" lon="13.36285722888236">
        <ele>36.110833192802964</ele>
        <time>2025-09-28T09:30:15.283Z</time>
      </trkpt>
      <trkpt lat="52.54625124680069" lon="13.363018797995064">
        <ele>35.85442207232118</ele>
        <time>2025-09-28T09:30:20.194Z</time>
      </trkpt>
      <trkpt lat="52.54634153994" lon="13.36316879876998">
        <ele>35.93258388359099</ele>
        <time>2025-09-28T09:30:25.160Z</time>
      </trkpt>
      <trkpt lat="52.546442408800075" lon="13.363331378117035">
        <ele>35.66092162653804</ele>
        <time>2025-09-28T09:30:30.213Z</time>
      </trkpt>
      <trkpt lat="52.54656086224405" lon="13.363494656327102">
        <ele>36.093207475262126</ele>
        <time>2025-09-28T09:30:35.285Z</time>
      </trkpt>
      <trkpt lat="52.54666652925458" lon="13.363678391290632">
        <ele>36.01122544020971</ele>
        <time>2025-09-28T09:30:40.379Z</time>
      </trkpt>
      <trkpt lat="52.54674964432714" lon="13.363852690590335">
        <ele>35.876805957773286</ele>
        <time>2025-09-28T09:30:45.384Z</time>
      </trkpt>
      <trkpt lat="52.546843526597975" lon="13.36402648443024">
        <ele>36.26784793226154</ele>
        <time>2025-09-28T09:30:50.572Z</time>
      </trkpt>
      <trkpt lat="52.54695219410686" lon="13.36421869925209">
        <ele>36.42079495367474</ele>
        <time>2025-09-28T09:30:55.700Z</time>
      </trkpt>
      <trkpt lat="52.54704817177105" lon="13.364371833958213">
        <ele>36.27578851434989</ele>
        <time>2025-09-28T09:31:00.736Z</time>
      </trkpt>
      <trkpt lat="52.54715139409512" lon="13.364548263995424">
        <ele>35.667545637659614</ele>
        <time>2025-09-28T09:31:05.774Z</time>
      </trkpt>
      <trkpt lat="52.54722608726918" lon="13.364734548463646">
        <ele>36.113935724023236</ele>
        <time>2025-09-28T09:31:10.894Z</time>
      </trkpt>
      <trkpt lat="52.547322919695794" lon="13.364916050096124">
        <ele>36.361474035940184</ele>
        <time>2025-09-28T09:31:15.939Z</time>
      </trkpt>
      <trkpt lat="52.54743214052375" lon="13.365086261525066">
        <ele>36.231836682210336</ele>
        <time>2025-09-28T09:31:20.875Z</time>
      </trkpt>
      <trkpt lat="52.54751479087477" lon="13.365280000576933">
        <ele>35.790992539724535</ele>
        <time>2025-09-28T09:31:25.689Z</time>
      </trkpt>
      <trkpt lat="52.54763158828097" lon="13.365450430977688">
        <ele>35.826846623161615</ele>
        <time>2025-09-28T09:31:30.822Z</time>
      </trkpt>
      <trkpt lat="52.54772140179656" lon="13.365628646134635">
        <ele>36.35393839931989</ele>
        <time>2025-09-28T09:31:35.772Z</time>
      </trkpt>
      <trkpt lat="52.54782967452678" lon="13.3657966654201">
        <ele>35.78658130729288</ele>
        <time>2025-09-28T09:31:40.536Z</time>
      </trkpt>
      <trkpt lat="52.5479098322251" lon="13.365986317783076">
        <ele>36.19784792285836</ele>
        <time>2025-09-28T09:31:45.466Z</time>
      </trkpt>
      <trkpt lat="52.54800875135024" lon="13.366160084094151">
        <ele>35.83323526970309</ele>
        <time>2025-09-28T09:31:50.382Z</time>
      </trkpt>
      <trkpt lat="52.54810487829127" lon="13.366337280827747">
        <ele>36.44413895333159</ele>
        <time>2025-09-28T09:31:55.431Z</time>
      </trkpt>
      <trkpt lat="52.54821629604722" lon="13.366502079000574">
        <ele>36.05264601559126</ele>
        <time>2025-09-28T09:32:00.310Z</time>
      </trkpt>
      <trkpt lat="52.54829514446519" lon="13.366696098230111">
        <ele>35.99838887914538</ele>
        <time>2025-09-28T09:32:05.345Z</time>
      </trkpt>
      <trkpt lat="52.5483988581057" lon="13.366869442822814">
        <ele>35.79711964866375</ele>
        <time>2025-09-28T09:32:10.417Z</time>
      </trkpt>
      <trkpt lat="52.548480254872146" lon="13.367032377557331">
        <ele>35.98692151405852</ele>
        <time>2025-09-28T09:32:15.445Z</time>
      </trkpt>
      <trkpt lat="52.54858435151459" lon="13.367217120752569">
        <ele>35.89106904752331</ele>
        <time>2025-09-28T09:32:20.539Z</time>
      </trkpt>
      <trkpt lat="52.54870242110898" lon="13.367410379677754">
        <ele>35.80494497860335</ele>
        <time>2025-09-28T09:32:25.541Z</time>
      </trkpt>
      <trkpt lat="52.54878707255403" lon="13.367569968589214">
        <ele>36.45620697372853</ele>
        <time>2025-09-28T09:32:30.801Z</time>
      </trkpt>
      <trkpt lat="52.548886400407724" lon="13.367744363614497">
        <ele>36.43165843825822</ele>
        <time>2025-09-28T09:32:35.916Z</time>
      </trkpt>
      <trkpt lat="52.54898449680808" lon="13.367942058675647">
        <ele>36.194104928698344</ele>
        <time>2025-09-28T09:32:40.872Z</time>
      </trkpt>
      <trkpt lat="52.54907812184613" lon="13.368110355400065">
        <ele>36.20673207355247</ele>
        <time>2025-09-28T09:32:45.728Z</time>
      </trkpt>
      <trkpt lat="52.54915966253044" lon="13.36828525424227">
        <ele>35.825466394501845</ele>
        <time>2025-09-28T09:32:50.765Z</time>
      </trkpt>
      <trkpt lat="52.54926138007073" lon="13.368452893613796">
        <ele>35.94107774443058</ele>
        <time>2025-09-28T09:32:55.737Z</time>
      </trkpt>
      <trkpt lat="52.5493695944882" lon="13.368635949596072">
        <ele>36.19973858015452</ele>
        <time>2025-09-28T09:33:00.719Z</time>
      </trkpt>
      <trkpt lat="52.54945007893915" lon="13.36882690971037">
        <ele>36.41954679128329</ele>
        <time>2025-09-28T09:33:05.815Z</time>
      </trkpt>
      <trkpt lat="52.549557322158634" lon="13.368985536688438">
        <ele>36.56399812314049</ele>
        <time>2025-09-28T09:33:10.865Z</time>
      </trkpt>
      <trkpt lat="52.54964305615538" lon="13.369179612126187">
        <ele>36.01105141343645</ele>
        <time>2025-09-28T09:33:15.904Z</time>
      </trkpt>
      <trkpt lat="52.549758806733955" lon="13.369352695223434">
        <ele>36.34052735713181</ele>
        <time>2025-09-28T09:33:20.995Z</time>
      </trkpt>
      <trkpt lat="52.54983543099287" lon="13.369525005401394">
        <ele>36.036250823471875</ele>
        <time>2025-09-28T09:33:25.847Z</time>
      </trkpt>
      <trkpt lat="52.54994609749331" lon="13.369720566052528">
        <ele>35.984329913988496</ele>
        <time>2025-09-28T09:33:30.827Z</time>
      </trkpt>
      <trkpt lat="52.55004354944805" lon="13.369885263017332">
        <ele>36.462335132631814</ele>
        <time>2025-09-28T09:33:35.796Z</time>
      </trkpt>
      <trkpt lat="52.5501349231134" lon="13.370067929374997">
        <ele>36.572265882006796</ele>
        <time>2025-09-28T09:33:40.897Z</time>
      </trkpt>
      <trkpt lat="52.55023656839698" lon="13.37023746051684">
        <ele>36.41310678730395</ele>
        <time>2025-09-28T09:33:45.945Z</time>
      </trkpt>
      <trkpt lat="52.55034440057448" lon="13.370401312173266">
        <ele>36.079458710229126</ele>
        <time>2025-09-28T09:33:50.960Z</time>
      </trkpt>
      <trkpt lat="52.55041683050788" lon="13.37058925888635">
        <ele>36.54062542859622</ele>
        <time>2025-09-28T09:33:56.107Z</time>
      </trkpt>
      <trkpt lat="52.55052007836425" lon="13.370762556272544">
        <ele>36.12422815109535</ele>
        <time>2025-09-28T09:34:01.129Z</time>
      </trkpt>
      <trkpt lat="52.55063593316045" lon="13.370955358634074">
        <ele>36.18710030456712</ele>
        <time>2025-09-28T09:34:06.164Z</time>
      </trkpt>
      <trkpt lat="52.5507233720536" lon="13.371111894319068">
        <ele>36.60591934234317</ele>
        <time>2025-09-28T09:34:11.282Z</time>
      </trkpt>
      <trkpt lat="52.55081550836104" lon="13.371295350688701">
        <ele>35.98164645861091</ele>
        <time>2025-09-28T09:34:16.184Z</time>
      </trkpt>
      <trkpt lat="52.55090707203982" lon="13.371472745858407">
        <ele>36.57705391118266</ele>
        <time>2025-09-28T09:34:21.283Z</time>
      </trkpt>
      <trkpt lat="52.55100165012533" lon="13.371657051536406">
        <ele>36.62856581256463</ele>
        <time>2025-09-28T09:34:26.175Z</time>
      </trkpt>
      <trkpt lat="52.55111160627142" lon="13.371838019634609">
        <ele>36.56258562881012</ele>
        <time>2025-09-28T09:34:31.263Z</time>
      </trkpt>
      <trkpt lat="52.55121727248598" lon="13.372009192361041">
        <ele>36.434398862144306</ele>
        <time>2025-09-28T09:34:36.307Z</time>
      </trkpt>
      <trkpt lat="52.55129331989896" lon="13.37218163141883">
        <ele>36.487919597076186</ele>
        <time>2025-09-28T09:34:41.364Z</time>
      </trkpt>
      <trkpt lat="52.55139539601768" lon="13.372353740381575">
        <ele>36.389676332173416</ele>
        <time>2025-09-28T09:34:46.498Z</time>
      </trkpt>
      <trkpt lat="52.55150769312836" lon="13.372544664668741">
        <ele>36.528971130796805</ele>
        <time>2025-09-28T09:34:51.417Z</time>
      </trkpt>
      <trkpt lat="52.55159642218728" lon="13.372729311892497">
        <ele>36.70025064178992</ele>
        <time>2025-09-28T09:34:56.555Z</time>
      </trkpt>
      <trkpt lat="52.55170188127097" lon="13.372898997684379">
        <ele>36.18311036948139</ele>
        <time>2025-09-28T09:35:01.584Z</time>
      </trkpt>
      <trkpt lat="52.5517694454832" lon="13.373083995274671">
        <ele>36.06148560668141</ele>
        <time>2025-09-28T09:35:06.629Z</time>
      </trkpt>
      <trkpt lat="52.55188404155846" lon="13.373247967592489">
        <ele>36.48727611416525</ele>
        <time>2025-09-28T09:35:11.621Z</time>
      </trkpt>
      <trkpt lat="52.5519845357996" lon="13.373421802441793">
        <ele>36.61329743486178</ele>
        <time>2025-09-28T09:35:16.684Z</time>
      </trkpt>
      <trkpt lat="52.55208344807978" lon="13.373612296826895">
        <ele>36.29347154992688</ele>
        <time>2025-09-28T09:35:21.574Z</time>
      </trkpt>
      <trkpt lat="52.55217365521774" lon="13.373784192231504">
        <ele>36.79757966851646</ele>
        <time>2025-09-28T09:35:26.733Z</time>
      </trkpt>
      <trkpt lat="52.55225787416993" lon="13.37394873334639">
        <ele>36.10803345963895</ele>
        <time>2025-09-28T09:35:31.502Z</time>
      </trkpt>
      <trkpt lat="52.5523600605765" lon="13.374131304463715">
        <ele>36.79021143368757</ele>
        <time>2025-09-28T09:35:36.673Z</time>
      </trkpt>
      <trkpt lat="52.55247167698091" lon="13.374331903503867">
        <ele>36.4471121714459</ele>
        <time>2025-09-28T09:35:41.495Z</time>
      </trkpt>
      <trkpt lat="52.55256553140536" lon="13.37450232398066">
        <ele>36.509715437375476</ele>
        <time>2025-09-28T09:35:46.461Z</time>
      </trkpt>
      <trkpt lat="52.5526694537119" lon="13.374678171071155">
        <ele>36.89750382713609</ele>
        <time>2025-09-28T09:35:51.439Z</time>
      </trkpt>
      <trkpt lat="52.55275668817425" lon="13.374851920937202">
        <ele>36.78588186404078</ele>
        <time>2025-09-28T09:35:56.540Z</time>
      </trkpt>
      <trkpt lat="52.55284740101354" lon="13.375023839027012">
        <ele>36.7264909475029</ele>
        <time>2025-09-28T09:36:01.420Z</time>
      </trkpt>
      <trkpt lat="52.55293590858322" lon="13.375199834594776">
        <ele>36.20464752152454</ele>
        <time>2025-09-28T09:36:06.338Z</time>
      </trkpt>
      <trkpt lat="52.55304039115911" lon="13.37537182399047">
        <ele>36.21540027427154</ele>
        <time>2025-09-28T09:36:11.337Z</time>
      </trkpt>
      <trkpt lat="52.5531527033336" lon="13.375550092793672">
        <ele>36.16540188745968</ele>
        <time>2025-09-28T09:36:16.354Z</time>
      </trkpt>
      <trkpt lat="52.55324002354053" lon="13.375740087937945">
        <ele>36.56468252584486</ele>
        <time>2025-09-28T09:36:21.340Z</time>
      </trkpt>
      <trkpt lat="52.55332554682581" lon="13.37592718621539">
        <ele>36.29477573729042</ele>
        <time>2025-09-28T09:36:26.271Z</time>
      </trkpt>
      <trkpt lat="52.55342680643501" lon="13.376086559162603">
        <ele>36.57587272317777</ele>
        <time>2025-09-28T09:36:31.379Z</time>
      </trkpt>
      <trkpt lat="52.55353516184098" lon="13.376263184165886">
        <ele>36.552818717737054</ele>
        <time>2025-09-28T09:36:36.343Z</time>
      </trkpt>
      <trkpt lat="52.553630058082156" lon="13.376437861968014">
        <ele>36.59087238206707</ele>
        <time>2025-09-28T09:36:41.237Z</time>
      </trkpt>
      <trkpt lat="52.55371717371607" lon="13.376620478003108">
        <ele>36.31404068415938</ele>
        <time>2025-09-28T09:36:46.240Z</time>
      </trkpt>
      <trkpt lat="52.55380152105056" lon="13.376812401814567">
        <ele>36.57913976215485</ele>
        <time>2025-09-28T09:36:51.194Z</time>
      </trkpt>
      <trkpt lat="52.553903941431585" lon="13.376977534617156">
        <ele>36.81055066354075</ele>
        <time>2025-09-28T09:36:56.123Z</time>
      </trkpt>
      <trkpt lat="52.55399752643798" lon="13.37714232655085">
        <ele>36.421232595352684</ele>
        <time>2025-09-28T09:37:01.191Z</time>
      </trkpt>
      <trkpt lat="52.55409417176099" lon="13.37731811095054">
        <ele>36.642938177110466</ele>
        <time>2025-09-28T09:37:06.151Z</time>
      </trkpt>
      <trkpt lat="52.55419183823628" lon="13.377524307018305">
        <ele>36.6483007076731</ele>
        <time>2025-09-28T09:37:11.246Z</time>
      </trkpt>
      <trkpt lat="52.55431203420216" lon="13.37769132230441">
        <ele>36.707901653931465</ele>
        <time>2025-09-28T09:37:16.306Z</time>
      </trkpt>
      <trkpt lat="52.554389667482" lon="13.377855909585072">
        <ele>36.8801077791048</ele>
        <time>2025-09-28T09:37:21.319Z</time>
      </trkpt>
      <trkpt lat="52.55447982688537" lon="13.378046244113017">
        <ele>36.99009805135444</ele>
        <time>2025-09-28T09:37:26.196Z</time>
      </trkpt>
      <trkpt lat="52.554603675262015" lon="13.378227969555091">
        <ele>36.64461046918085</ele>
        <time>2025-09-28T09:37:31.104Z</time>
      </trkpt>
      <trkpt lat="52.55469106822301" lon="13.378382740594875">
        <ele>36.41927238096979</ele>
        <time>2025-09-28T09:37:36.206Z</time>
      </trkpt>
      <trkpt lat="52.55479659513926" lon="13.378574571140339">
        <ele>36.638845517712554</ele>
        <time>2025-09-28T09:37:41.378Z</time>
      </trkpt>
      <trkpt lat="52.554867483787795" lon="13.3787520521258">
        <ele>37.04067337959118</ele>
        <time>2025-09-28T09:37:46.453Z</time>
      </trkpt>
      <trkpt lat="52.55497417172235" lon="13.378919583891557">
        <ele>36.640533405112166</ele>
        <time>2025-09-28T09:37:51.317Z</time>
      </trkpt>
      <trkpt lat="52.555079432910276" lon="13.379117113425801">
        <ele>36.52485320203533</ele>
        <time>2025-09-28T09:37:56.234Z</time>
      </trkpt>
      <trkpt lat="52.55517987127641" lon="13.379274278439599">
        <ele>36.96052210855599</ele>
        <time>2025-09-28T09:38:01.178Z</time>
      </trkpt>
      <trkpt lat="52.55527175893285" lon="13.379448032399072">
        <ele>37.06509992087336</ele>
        <time>2025-09-28T09:38:06.137Z</time>
      </trkpt>
      <trkpt lat="52.55535619023225" lon="13.379627891220416">
        <ele>36.500878319822625</ele>
        <time>2025-09-28T09:38:10.991Z</time>
      </trkpt>
      <trkpt lat="52.555471160091194" lon="13.37980584042251">
        <ele>36.690797193605434</ele>
        <time>2025-09-28T09:38:16.007Z</time>
      </trkpt>
      <trkpt lat="52.55556037205216" lon="13.379986224005851">
        <ele>37.0247147387113</ele>
        <time>2025-09-28T09:38:21.033Z</time>
      </trkpt>
      <trkpt lat="52.555653758194936" lon="13.38015871804266">
        <ele>37.04428652168358</ele>
        <time>2025-09-28T09:38:26.167Z</time>
      </trkpt>
      <trkpt lat="52.55573755927092" lon="13.380352877636426">
        <ele>36.996633514127446</ele>
        <time>2025-09-28T09:38:31.108Z</time>
      </trkpt>
      <trkpt lat="52.55583801345653" lon="13.380520603515334">
        <ele>36.42694347562856</ele>
        <time>2025-09-28T09:38:36.096Z</time>
      </trkpt>
      <trkpt lat="52.55594628436813" lon="13.380700695427276">
        <ele>36.95148699080003</ele>
        <time>2025-09-28T09:38:41.240Z</time>
      </trkpt>
      <trkpt lat="52.55602748417073" lon="13.380867742673503">
        <ele>36.80789517179269</ele>
        <time>2025-09-28T09:38:46.333Z</time>
      </trkpt>
      <trkpt lat="52.556137237455786" lon="13.381042579613935">
        <ele>37.05417594789439</ele>
        <time>2025-09-28T09:38:51.464Z</time>
      </trkpt>
      <trkpt lat="52.55623037345551" lon="13.381233223260633">
        <ele>36.84984032386601</ele>
        <time>2025-09-28T09:38:56.489Z</time>
      </trkpt>
      <trkpt lat="52.55631752636374" lon="13.381408922792382">
        <ele>36.90360585730916</ele>
        <time>2025-09-28T09:39:01.618Z</time>
      </trkpt>
      <trkpt lat="52.55642959833474" lon="13.381603056168123">
        <ele>36.834109190247766</ele>
        <time>2025-09-28T09:39:06.730Z</time>
      </trkpt>
      <trkpt lat="52.55651339104986" lon="13.381753080936871">
        <ele>37.20941786011624</ele>
        <time>2025-09-28T09:39:11.813Z</time>
      </trkpt>
      <trkpt lat="52.556617533209035" lon="13.381943318460301">
        <ele>36.924696908003625</ele>
        <time>2025-09-28T09:39:16.892Z</time>
      </trkpt>
      <trkpt lat="52.55673237163402" lon="13.382118146873209">
        <ele>36.71413525770843</ele>
        <time>2025-09-28T09:39:21.797Z</time>
      </trkpt>
      <trkpt lat="52.55681184391449" lon="13.382304045538012">
        <ele>36.998046053892125</ele>
        <time>2025-09-28T09:39:26.961Z</time>
      </trkpt>
      <trkpt lat="52.55692398270431" lon="13.382478066353997">
        <ele>36.932101785102596</ele>
        <time>2025-09-28T09:39:31.986Z</time>
      </trkpt>
      <trkpt lat="52.55701061182708" lon="13.382661123816872">
        <ele>36.65264045096682</ele>
        <time>2025-09-28T09:39:36.885Z</time>
      </trkpt>
      <trkpt lat="52.55709956535098" lon="13.382823163290835">
        <ele>37.13205321988546</ele>
        <time>2025-09-28T09:39:42.038Z</time>
      </trkpt>
      <trkpt lat="52.55718993559604" lon="13.3830065962036">
        <ele>36.640392052505604</ele>
        <time>2025-09-28T09:39:46.885Z</time>
      </trkpt>
      <trkpt lat="52.55729579361193" lon="13.383185625462504">
        <ele>36.50378142435108</ele>
        <time>2025-09-28T09:39:51.814Z</time>
      </trkpt>
      <trkpt lat="52.557388802939045" lon="13.38335043389091">
        <ele>37.224975061069834</ele>
        <time>2025-09-28T09:39:56.827Z</time>
      </trkpt>
      <trkpt lat="52.55748094544991" lon="13.383547675411616">
        <ele>36.70052800027208</ele>
        <time>2025-09-28T09:40:01.622Z</time>
      </trkpt>
      <trkpt lat="52.55759664960944" lon="13.383705471572405">
        <ele>36.84346853152178</ele>
        <time>2025-09-28T09:40:06.564Z</time>
      </trkpt>
      <trkpt lat="52.55768587043324" lon="13.383887500452158">
        <ele>36.7297594475284</ele>
        <time>2025-09-28T09:40:11.424Z</time>
      </trkpt>
      <trkpt lat="52.55777106573755" lon="13.384075212152776">
        <ele>36.567660966159735</ele>
        <time>2025-09-28T09:40:16.547Z</time>
      </trkpt>
      <trkpt lat="52.557891050889396" lon="13.384244650027625">
        <ele>36.56210499439905</ele>
        <time>2025-09-28T09:40:21.456Z</time>
      </trkpt>
      <trkpt lat="52.55797108708874" lon="13.384436649675502">
        <ele>37.0041402734007</ele>
        <time>2025-09-28T09:40:26.441Z</time>
      </trkpt>
      <trkpt lat="52.55808032861597" lon="13.384597582639465">
        <ele>36.67746078582547</ele>
        <time>2025-09-28T09:40:31.517Z</time>
      </trkpt>
      <trkpt lat="52.55817784007092" lon="13.384795242035455">
        <ele>37.2804150939065</ele>
        <time>2025-09-28T09:40:36.460Z</time>
      </trkpt>
      <trkpt lat="52.558263727244444" lon="13.384968753201818">
        <ele>36.80710764243815</ele>
        <time>2025-09-28T09:40:41.302Z</time>
      </trkpt>
      <trkpt lat="52.55835564418544" lon="13.385137556223679">
        <ele>36.81020914102295</ele>
        <time>2025-09-28T09:40:46.346Z</time>
      </trkpt>
      <trkpt lat="52.558462952161996" lon="13.385309743313364">
        <ele>37.38102220320239</ele>
        <time>2025-09-28T09:40:51.493Z</time>
      </trkpt>
      <trkpt lat="52.558562291487185" lon="13.385507140682394">
        <ele>36.89285914619729</ele>
        <time>2025-09-28T09:40:56.313Z</time>
      </trkpt>
      <trkpt lat="52.558621258520596" lon="13.385702950905387">
        <ele>37.15869351805311</ele>
        <time>2025-09-28T09:41:01.237Z</time>
      </trkpt>
      <trkpt lat="52.55869352717099" lon="13.385919725499832">
        <ele>37.377390989893755</ele>
        <time>2025-09-28T09:41:06.221Z</time>
      </trkpt>
      <trkpt lat="52.55874999642241" lon="13.386129092937352">
        <ele>37.26182016801839</ele>
        <time>2025-09-28T09:41:11.054Z</time>
      </trkpt>
      <trkpt lat="52.558844293237456" lon="13.386337895533329">
        <ele>36.78403579544873</ele>
        <time>2025-09-28T09:41:16.029Z</time>
      </trkpt>
      <trkpt lat="52.558892866539466" lon="13.386533525375787">
        <ele>36.804566074353424</ele>
        <time>2025-09-28T09:41:20.906Z</time>
      </trkpt>
      <trkpt lat="52.55898092661449" lon="13.386740939866218">
        <ele>37.39829191018187</ele>
        <time>2025-09-28T09:41:25.930Z</time>
      </trkpt>
      <trkpt lat="52.55905505294207" lon="13.386947744171671">
        <ele>37.45060997460176</ele>
        <time>2025-09-28T09:41:30.847Z</time>
      </trkpt>
      <trkpt lat="52.55911477741658" lon="13.387162783470428">
        <ele>36.9677497136964</ele>
        <time>2025-09-28T09:41:35.768Z</time>
      </trkpt>
      <trkpt lat="52.55917040985687" lon="13.387382784563771">
        <ele>36.73538906898183</ele>
        <time>2025-09-28T09:41:40.712Z</time>
      </trkpt>
      <trkpt lat="52.55923707228496" lon="13.387576245044619">
        <ele>36.9799335980756</ele>
        <time>2025-09-28T09:41:45.746Z</time>
      </trkpt>
      <trkpt lat="52.55931169920484" lon="13.3877825052488">
        <ele>36.97467079955612</ele>
        <time>2025-09-28T09:41:50.667Z</time>
      </trkpt>
      <trkpt lat="52.55937974661586" lon="13.388002204315459">
        <ele>37.3309932615918</ele>
        <time>2025-09-28T09:41:55.787Z</time>
      </trkpt>
      <trkpt lat="52.5594619547169" lon="13.388211848211034">
        <ele>37.24667745805499</ele>
        <time>2025-09-28T09:42:00.737Z</time>
      </trkpt>
      <trkpt lat="52.55953574456315" lon="13.388428161771113">
        <ele>37.46998507852667</ele>
        <time>2025-09-28T09:42:05.691Z</time>
      </trkpt>
      <trkpt lat="52.559607918487146" lon="13.38861520874967">
        <ele>37.208160736587246</ele>
        <time>2025-09-28T09:42:10.564Z</time>
      </trkpt>
      <trkpt lat="52.55966885985099" lon="13.388834667930503">
        <ele>37.50645168880628</ele>
        <time>2025-09-28T09:42:15.735Z</time>
      </trkpt>
      <trkpt lat="52.55972377764085" lon="13.389039120517959">
        <ele>36.97896154506606</ele>
        <time>2025-09-28T09:42:20.735Z</time>
      </trkpt>
      <trkpt lat="52.5597965716202" lon="13.389257550524356">
        <ele>36.874952479585495</ele>
        <time>2025-09-28T09:42:25.688Z</time>
      </trkpt>
      <trkpt lat="52.55987972061746" lon="13.389477168340111">
        <ele>36.84448178788816</ele>
        <time>2025-09-28T09:42:30.811Z</time>
      </trkpt>
      <trkpt lat="52.55994729219161" lon="13.389686558128876">
        <ele>37.1606784326771</ele>
        <time>2025-09-28T09:42:35.897Z</time>
      </trkpt>
      <trkpt lat="52.5600019776777" lon="13.38989329359702">
        <ele>36.975374927836036</ele>
        <time>2025-09-28T09:42:40.895Z</time>
      </trkpt>
      <trkpt lat="52.560099971729706" lon="13.390101937727662">
        <ele>37.15343418700332</ele>
        <time>2025-09-28T09:42:45.971Z</time>
      </trkpt>
      <trkpt lat="52.56015859191913" lon="13.390286560034271">
        <ele>37.44331194715133</ele>
        <time>2025-09-28T09:42:51.148Z</time>
      </trkpt>
      <trkpt lat="52.56022121279985" lon="13.39049931847564">
        <ele>37.42257765629666</ele>
        <time>2025-09-28T09:42:56.132Z</time>
      </trkpt>
      <trkpt lat="52.560302045242345" lon="13.390704443681866">
        <ele>37.59528629628194</ele>
        <time>2025-09-28T09:43:01.171Z</time>
      </trkpt>
      <trkpt lat="52.56035094120505" lon="13.390939441574993">
        <ele>36.956616233000844</ele>
        <time>2025-09-28T09:43:06.190Z</time>
      </trkpt>
      <trkpt lat="52.560430454065795" lon="13.391149689483258">
        <ele>37.03772352767056</ele>
        <time>2025-09-28T09:43:11.178Z</time>
      </trkpt>
      <trkpt lat="52.560503340972275" lon="13.391351399345455">
        <ele>37.162713280997295</ele>
        <time>2025-09-28T09:43:16.286Z</time>
      </trkpt>
      <trkpt lat="52.560570227659795" lon="13.391565485951809">
        <ele>37.55667075556276</ele>
        <time>2025-09-28T09:43:21.312Z</time>
      </trkpt>
      <trkpt lat="52.56065411189404" lon="13.391776056304842">
        <ele>37.223801406625455</ele>
        <time>2025-09-28T09:43:26.384Z</time>
      </trkpt>
      <trkpt lat="52.560698822368494" lon="13.391986412846617">
        <ele>37.30519045859775</ele>
        <time>2025-09-28T09:43:31.538Z</time>
      </trkpt>
      <trkpt lat="52.56078220257387" lon="13.392176449731597">
        <ele>37.32785823624628</ele>
        <time>2025-09-28T09:43:36.399Z</time>
      </trkpt>
      <trkpt lat="52.560842046536145" lon="13.392390910150855">
        <ele>37.3383879694332</ele>
        <time>2025-09-28T09:43:41.549Z</time>
      </trkpt>
      <trkpt lat="52.560917848632805" lon="13.39260206097105">
        <ele>37.04266412410626</ele>
        <time>2025-09-28T09:43:46.398Z</time>
      </trkpt>
      <trkpt lat="52.56100040083773" lon="13.392801812511582">
        <ele>37.15930486931986</ele>
        <time>2025-09-28T09:43:51.278Z</time>
      </trkpt>
      <trkpt lat="52.5610616149934" lon="13.39302172252626">
        <ele>37.11646908286395</ele>
        <time>2025-09-28T09:43:56.146Z</time>
      </trkpt>
      <trkpt lat="52.56113136235983" lon="13.39324008222371">
        <ele>37.248631755255445</ele>
        <time>2025-09-28T09:44:01.067Z</time>
      </trkpt>
      <trkpt lat="52.5612106463193" lon="13.393431192355502">
        <ele>37.058988295784836</ele>
        <time>2025-09-28T09:44:06.019Z</time>
      </trkpt>
      <trkpt lat="52.561271015556464" lon="13.393630765951785">
        <ele>37.10752973391583</ele>
        <time>2025-09-28T09:44:10.895Z</time>
      </trkpt>
      <trkpt lat="52.56134612678072" lon="13.393850269842822">
        <ele>37.07514138403105</ele>
        <time>2025-09-28T09:44:15.953Z</time>
      </trkpt>
      <trkpt lat="52.561397541602396" lon="13.394063891097858">
        <ele>37.736200146438314</ele>
        <time>2025-09-28T09:44:21.185Z</time>
      </trkpt>
      <trkpt lat="52.56148035817426" lon="13.394281353433216">
        <ele>37.56446335854392</ele>
        <time>2025-09-28T09:44:26.134Z</time>
      </trkpt>
      <trkpt lat="52.561554313013886" lon="13.394472832342625">
        <ele>37.071011838412346</ele>
        <time>2025-09-28T09:44:31.143Z</time>
      </trkpt>
      <trkpt lat="52.561620906318" lon="13.394696218006192">
        <ele>37.6770253541142</ele>
        <time>2025-09-28T09:44:36.351Z</time>
      </trkpt>
      <trkpt lat="52.56167799109432" lon="13.394900569284426">
        <ele>37.310342778953896</ele>
        <time>2025-09-28T09:44:41.359Z</time>
      </trkpt>
      <trkpt lat="52.56175338296785" lon="13.395111124492283">
        <ele>37.425435158850206</ele>
        <time>2025-09-28T09:44:46.244Z</time>
      </trkpt>
      <trkpt lat="52.56183169122082" lon="13.395322325461644">
        <ele>37.76599865106485</ele>
        <time>2025-09-28T09:44:51.184Z</time>
      </trkpt>
      <trkpt lat="52.561882984501416" lon="13.395514772558947">
        <ele>37.549619593000294</ele>
        <time>2025-09-28T09:44:56.176Z</time>
      </trkpt>
      <trkpt lat="52.5619787486145" lon="13.395737486400359">
        <ele>37.66508412716224</ele>
        <time>2025-09-28T09:45:01.124Z</time>
      </trkpt>
      <trkpt lat="52.56204258027475" lon="13.395955419705768">
        <ele>37.171934843371616</ele>
        <time>2025-09-28T09:45:06.065Z</time>
      </trkpt>
      <trkpt lat="52.562118381945055" lon="13.396145620008042">
        <ele>37.62891819351292</ele>
        <time>2025-09-28T09:45:11.137Z</time>
      </trkpt>
      <trkpt lat="52.562181553251214" lon="13.396372179174547">
        <ele>37.68536382426294</ele>
        <time>2025-09-28T09:45:16.077Z</time>
      </trkpt>
      <trkpt lat="52.56225663171043" lon="13.396579138243872">
        <ele>37.40302268982499</ele>
        <time>2025-09-28T09:45:21.132Z</time>
      </trkpt>
      <trkpt lat="52.562321413139045" lon="13.396790167682376">
        <ele>37.16602413412596</ele>
        <time>2025-09-28T09:45:25.967Z</time>
      </trkpt>
      <trkpt lat="52.56239839573192" lon="13.396999807790609">
        <ele>37.114332121166214</ele>
        <time>2025-09-28T09:45:31.050Z</time>
      </trkpt>
      <trkpt lat="52.56246531440754" lon="13.397206244623781">
        <ele>37.458662345112444</ele>
        <time>2025-09-28T09:45:36.095Z</time>
      </trkpt>
      <trkpt lat="52.56252674298175" lon="13.397394859288399">
        <ele>37.13878211505666</ele>
        <time>2025-09-28T09:45:41.110Z</time>
      </trkpt>
      <trkpt lat="52.56258067662046" lon="13.397621274286555">
        <ele>37.73031493674766</ele>
        <time>2025-09-28T09:45:46.140Z</time>
      </trkpt>
      <trkpt lat="52.56267333088105" lon="13.397821980072258">
        <ele>37.54490375220425</ele>
        <time>2025-09-28T09:45:51.014Z</time>
      </trkpt>
      <trkpt lat="52.56272233360209" lon="13.398031655955432">
        <ele>37.71621763567868</ele>
        <time>2025-09-28T09:45:56.057Z</time>
      </trkpt>
      <trkpt lat="52.56279784663662" lon="13.398233302038337">
        <ele>37.69451164531797</ele>
        <time>2025-09-28T09:46:00.927Z</time>
      </trkpt>
      <trkpt lat="52.562879049974725" lon="13.39844923107902">
        <ele>37.41981236967381</ele>
        <time>2025-09-28T09:46:05.845Z</time>
      </trkpt>
      <trkpt lat="52.56293310129533" lon="13.39866416623469">
        <ele>37.888906339620874</ele>
        <time>2025-09-28T09:46:10.823Z</time>
      </trkpt>
      <trkpt lat="52.56300418248446" lon="13.398852752151475">
        <ele>37.91387225872654</ele>
        <time>2025-09-28T09:46:15.773Z</time>
      </trkpt>
      <trkpt lat="52.5630855467918" lon="13.399062462969459">
        <ele>37.309197905386235</ele>
        <time>2025-09-28T09:46:20.567Z</time>
      </trkpt>
      <trkpt lat="52.56314492880917" lon="13.399287431675951">
        <ele>37.660169040248505</ele>
        <time>2025-09-28T09:46:25.755Z</time>
      </trkpt>
      <trkpt lat="52.56321126179071" lon="13.399499827385512">
        <ele>37.80175049672194</ele>
        <time>2025-09-28T09:46:30.876Z</time>
      </trkpt>
      <trkpt lat="52.56328400762257" lon="13.399708574328825">
        <ele>37.58033600473914</ele>
        <time>2025-09-28T09:46:35.792Z</time>
      </trkpt>
      <trkpt lat="52.563344846620986" lon="13.399906295098551">
        <ele>37.916133574936396</ele>
        <time>2025-09-28T09:46:40.755Z</time>
      </trkpt>
      <trkpt lat="52.563439001813215" lon="13.40012680423158">
        <ele>37.491804241853025</ele>
        <time>2025-09-28T09:46:45.684Z</time>
      </trkpt>
      <trkpt lat="52.56349936193874" lon="13.40032367665047">
        <ele>37.854522481762395</ele>
        <time>2025-09-28T09:46:50.782Z</time>
      </trkpt>
      <trkpt lat="52.56357557132104" lon="13.400529323206586">
        <ele>37.69754542460192</ele>
        <time>2025-09-28T09:46:55.647Z</time>
      </trkpt>
      <trkpt lat="52.56363890832576" lon="13.400761150789226">
        <ele>37.389846412887124</ele>
        <time>2025-09-28T09:47:00.481Z</time>
      </trkpt>
      <trkpt lat="52.56370619900243" lon="13.400949979379256">
        <ele>37.474481721754785</ele>
        <time>2025-09-28T09:47:05.633Z</time>
      </trkpt>
      <trkpt lat="52.56378271660565" lon="13.401156781046735">
        <ele>37.616077555986124</ele>
        <time>2025-09-28T09:47:10.779Z</time>
      </trkpt>
      <trkpt lat="52.563859673836596" lon="13.401366986575797">
        <ele>37.52975534313206</ele>
        <time>2025-09-28T09:47:15.780Z</time>
      </trkpt>
      <trkpt lat="52.563918314777865" lon="13.401577076382909">
        <ele>37.34907612402618</ele>
        <time>2025-09-28T09:47:20.868Z</time>
      </trkpt>
      <trkpt lat="52.56397259300554" lon="13.401794419902862">
        <ele>37.745535972570146</ele>
        <time>2025-09-28T09:47:25.796Z</time>
      </trkpt>
      <trkpt lat="52.56405242976237" lon="13.402015526391294">
        <ele>37.40969333775662</ele>
        <time>2025-09-28T09:47:30.809Z</time>
      </trkpt>
      <trkpt lat="52.564117470751235" lon="13.402223447925943">
        <ele>37.95093006331641</ele>
        <time>2025-09-28T09:47:35.807Z</time>
      </trkpt>
      <trkpt lat="52.564188620558944" lon="13.402408934650012">
        <ele>37.66492245439455</ele>
        <time>2025-09-28T09:47:40.785Z</time>
      </trkpt>
      <trkpt lat="52.56427535966903" lon="13.40263605867982">
        <ele>37.797030010743555</ele>
        <time>2025-09-28T09:47:45.906Z</time>
      </trkpt>
      <trkpt lat="52.56432535542873" lon="13.402836080342052">
        <ele>37.87965880430945</ele>
        <time>2025-09-28T09:47:50.854Z</time>
      </trkpt>
      <trkpt lat="52.56440429943127" lon="13.403057775083855">
        <ele>37.61002235576068</ele>
        <time>2025-09-28T09:47:55.695Z</time>
      </trkpt>
      <trkpt lat="52.56448793648938" lon="13.40324477093964">
        <ele>37.472014862553785</ele>
        <time>2025-09-28T09:48:00.703Z</time>
      </trkpt>
      <trkpt lat="52.56455707330184" lon="13.403469983991341">
        <ele>38.14782583489266</ele>
        <time>2025-09-28T09:48:05.782Z</time>
      </trkpt>
      <trkpt lat="52.564611380099436" lon="13.403670826235867">
        <ele>37.4328859803363</ele>
        <time>2025-09-28T09:48:10.750Z</time>
      </trkpt>
      <trkpt lat="52.56467786374951" lon="13.403884720713563">
        <ele>37.91351726765622</ele>
        <time>2025-09-28T09:48:15.834Z</time>
      </trkpt>
      <trkpt lat="52.564739214789846" lon="13.404082306160099">
        <ele>37.38537142737494</ele>
        <time>2025-09-28T09:48:20.885Z</time>
      </trkpt>
      <trkpt lat="52.56481280528103" lon="13.404309976322292">
        <ele>37.67024335159493</ele>
        <time>2025-09-28T09:48:25.933Z</time>
      </trkpt>
      <trkpt lat="52.564885857660414" lon="13.404500801129108">
        <ele>37.660563947245265</ele>
        <time>2025-09-28T09:48:30.990Z</time>
      </trkpt>
      <trkpt lat="52.56494980443986" lon="13.404731413872383">
        <ele>37.89220944019233</ele>
        <time>2025-09-28T09:48:35.999Z</time>
      </trkpt>
      <trkpt lat="52.56502653579313" lon="13.404939931629343">
        <ele>38.14366055337758</ele>
        <time>2025-09-28T09:48:40.999Z</time>
      </trkpt>
      <trkpt lat="52.565090243497025" lon="13.405133040090561">
        <ele>37.96191628346113</ele>
        <time>2025-09-28T09:48:45.998Z</time>
      </trkpt>
      <trkpt lat="52.56516227758421" lon="13.40535156758278">
        <ele>37.71202791133636</ele>
        <time>2025-09-28T09:48:51.105Z</time>
      </trkpt>
      <trkpt lat="52.565227854684736" lon="13.40554049215483">
        <ele>37.58438093343338</ele>
        <time>2025-09-28T09:48:56.088Z</time>
      </trkpt>
      <trkpt lat="52.56530738100307" lon="13.405753568462538">
        <ele>38.179578655859395</ele>
        <time>2025-09-28T09:49:01.197Z</time>
      </trkpt>
      <trkpt lat="52.56538375055495" lon="13.40597577101725">
        <ele>38.22469643504573</ele>
        <time>2025-09-28T09:49:06.320Z</time>
      </trkpt>
      <trkpt lat="52.56544947457373" lon="13.406179950792051">
        <ele>37.46294388596961</ele>
        <time>2025-09-28T09:49:11.147Z</time>
      </trkpt>
      <trkpt lat="52.565526857896" lon="13.406405373769694">
        <ele>37.97659549289291</ele>
        <time>2025-09-28T09:49:16.168Z</time>
      </trkpt>
      <trkpt lat="52.565585549021115" lon="13.406585868785767">
        <ele>37.53864830133261</ele>
        <time>2025-09-28T09:49:20.947Z</time>
      </trkpt>
      <trkpt lat="52.565667697129776" lon="13.406809955489399">
        <ele>37.87703752823708</ele>
        <time>2025-09-28T09:49:26.005Z</time>
      </trkpt>
      <trkpt lat="52.56571490326557" lon="13.407023006151773">
        <ele>37.654838132117035</ele>
        <time>2025-09-28T09:49:30.900Z</time>
      </trkpt>
      <trkpt lat="52.5657988964721" lon="13.40722391784031">
        <ele>37.999858192282225</ele>
        <time>2025-09-28T09:49:36.069Z</time>
      </trkpt>
      <trkpt lat="52.565852745897274" lon="13.407423392828608">
        <ele>37.75817618541496</ele>
        <time>2025-09-28T09:49:40.999Z</time>
      </trkpt>
      <trkpt lat="52.56594089725398" lon="13.407654645702626">
        <ele>37.585248311757276</ele>
        <time>2025-09-28T09:49:46.028Z</time>
      </trkpt>
      <trkpt lat="52.565995042906714" lon="13.407861900517782">
        <ele>37.642534457964395</ele>
        <time>2025-09-28T09:49:51.077Z</time>
      </trkpt>
      <trkpt lat="52.566074974841754" lon="13.408047555107474">
        <ele>38.00728966705119</ele>
        <time>2025-09-28T09:49:56.119Z</time>
      </trkpt>
      <trkpt lat="52.5661487128845" lon="13.408277228898507">
        <ele>37.94906440276118</ele>
        <time>2025-09-28T09:50:01.189Z</time>
      </trkpt>
      <trkpt lat="52.56622845381714" lon="13.40847008004023">
        <ele>38.13843336965202</ele>
        <time>2025-09-28T09:50:06.315Z</time>
      </trkpt>
      <trkpt lat="52.5662912714626" lon="13.408703934852682">
        <ele>37.95630612555051</ele>
        <time>2025-09-28T09:50:11.239Z</time>
      </trkpt>
      <trkpt lat="52.566352452090264" lon="13.408886188278286">
        <ele>38.01156600440791</ele>
        <time>2025-09-28T09:50:16.130Z</time>
      </trkpt>
      <trkpt lat="52.566418570599595" lon="13.409104362584058">
        <ele>38.19204875974702</ele>
        <time>2025-09-28T09:50:21.219Z</time>
      </trkpt>
      <trkpt lat="52.566503061335645" lon="13.409310850402811">
        <ele>38.000501077720955</ele>
        <time>2025-09-28T09:50:26.095Z</time>
      </trkpt>
      <trkpt lat="52.56655912471545" lon="13.409525155727762">
        <ele>38.07165772970766</ele>
        <time>2025-09-28T09:50:31.125Z</time>
      </trkpt>
      <trkpt lat="52.566576426320474" lon="13.409773269273215">
        <ele>38.2621764075011</ele>
        <time>2025-09-28T09:50:36.037Z</time>
      </trkpt>
      <trkpt lat="52.566629584774375" lon="13.409992953752402">
        <ele>38.17544856537133</ele>
        <time>2025-09-28T09:50:40.963Z</time>
      </trkpt>
      <trkpt lat="52.566662413375006" lon="13.41021225461082">
        <ele>37.91548089776188</ele>
        <time>2025-09-28T09:50:46.037Z</time>
      </trkpt>
      <trkpt lat="52.56667835592974" lon="13.410456512069102">
        <ele>38.22736379597336</ele>
        <time>2025-09-28T09:50:50.966Z</time>
      </trkpt>
      <trkpt lat="52.56672400832393" lon="13.410678678979071">
        <ele>38.01846042126417</ele>
        <time>2025-09-28T09:50:55.939Z</time>
      </trkpt>
      <trkpt lat="52.56675946604651" lon="13.410917721834926">
        <ele>38.24957685936242</ele>
        <time>2025-09-28T09:51:00.908Z</time>
      </trkpt>
      <trkpt lat="52.566797571075824" lon="13.411140211916843">
        <ele>38.24105647299439</ele>
        <time>2025-09-28T09:51:05.922Z</time>
      </trkpt>
      <trkpt lat="52.56683006725825" lon="13.411389538555255">
        <ele>37.996024455316366</ele>
        <time>2025-09-28T09:51:10.803Z</time>
      </trkpt>
      <trkpt lat="52.56686081668953" lon="13.411628712788465">
        <ele>37.74836064875126</ele>
        <time>2025-09-28T09:51:15.861Z</time>
      </trkpt>
      <trkpt lat="52.566878692625025" lon="13.411860757627998">
        <ele>37.91476976741105</ele>
        <time>2025-09-28T09:51:20.841Z</time>
      </trkpt>
      <trkpt lat="52.56693483985094" lon="13.412079939062428">
        <ele>37.94962689559907</ele>
        <time>2025-09-28T09:51:25.766Z</time>
      </trkpt>
      <trkpt lat="52.5669438789949" lon="13.412308425568588">
        <ele>38.141371797584</ele>
        <time>2025-09-28T09:51:30.783Z</time>
      </trkpt>
      <trkpt lat="52.566994608786835" lon="13.412559326634055">
        <ele>38.38421947006136</ele>
        <time>2025-09-28T09:51:35.744Z</time>
      </trkpt>
      <trkpt lat="52.56702397383168" lon="13.412779688103296">
        <ele>37.80557283684611</ele>
        <time>2025-09-28T09:51:40.537Z</time>
      </trkpt>
      <trkpt lat="52.56706478745082" lon="13.413010410704421">
        <ele>38.39004577528685</ele>
        <time>2025-09-28T09:51:45.608Z</time>
      </trkpt>
      <trkpt lat="52.56708363353986" lon="13.413238063492134">
        <ele>37.68843239154667</ele>
        <time>2025-09-28T09:51:50.491Z</time>
      </trkpt>
      <trkpt lat="52.567120235148565" lon="13.413469101872844">
        <ele>37.61415687687695</ele>
        <time>2025-09-28T09:51:55.624Z</time>
      </trkpt>
      <trkpt lat="52.56714631805074" lon="13.413694793465961">
        <ele>37.67285065166652</ele>
        <time>2025-09-28T09:52:00.587Z</time>
      </trkpt>
      <trkpt lat="52.567191960509106" lon="13.413939253038492">
        <ele>37.731843636743726</ele>
        <time>2025-09-28T09:52:05.737Z</time>
      </trkpt>
      <trkpt lat="52.56723006635464" lon="13.414176499461067">
        <ele>37.62006700430065</ele>
        <time>2025-09-28T09:52:10.796Z</time>
      </trkpt>
      <trkpt lat="52.56726438534233" lon="13.414415695031717">
        <ele>38.19904204979539</ele>
        <time>2025-09-28T09:52:15.943Z</time>
      </trkpt>
      <trkpt lat="52.56729788669372" lon="13.414632410093605">
        <ele>38.358534855954346</ele>
        <time>2025-09-28T09:52:20.830Z</time>
      </trkpt>
      <trkpt lat="52.567329263763334" lon="13.414880717004332">
        <ele>37.8921177951619</ele>
        <time>2025-09-28T09:52:25.908Z</time>
      </trkpt>
      <trkpt lat="52.56735375057147" lon="13.415092157757412">
        <ele>37.61507193632424</ele>
        <time>2025-09-28T09:52:30.818Z</time>
      </trkpt>
      <trkpt lat="52.56738706403351" lon="13.415333689331103">
        <ele>37.78324483018368</ele>
        <time>2025-09-28T09:52:35.839Z</time>
      </trkpt>
      <trkpt lat="52.567411525311805" lon="13.415574142817416">
        <ele>37.913712908700106</ele>
        <time>2025-09-28T09:52:41.004Z</time>
      </trkpt>
      <trkpt lat="52.56746014721889" lon="13.415808779806934">
        <ele>38.164429258555174</ele>
        <time>2025-09-28T09:52:46.064Z</time>
      </trkpt>
      <trkpt lat="52.567490967360776" lon="13.416016249080569">
        <ele>37.884617200680076</ele>
        <time>2025-09-28T09:52:50.874Z</time>
      </trkpt>
      <trkpt lat="52.56750413418061" lon="13.416257663992898">
        <ele>37.604969412460925</ele>
        <time>2025-09-28T09:52:55.826Z</time>
      </trkpt>
      <trkpt lat="52.567544690614135" lon="13.41649273447932">
        <ele>38.10843665469438</ele>
        <time>2025-09-28T09:53:00.978Z</time>
      </trkpt>
      <trkpt lat="52.56759405637691" lon="13.416721418699746">
        <ele>38.23856455963105</ele>
        <time>2025-09-28T09:53:05.859Z</time>
      </trkpt>
      <trkpt lat="52.56762236102266" lon="13.416945660184918">
        <ele>37.671715328656134</ele>
        <time>2025-09-28T09:53:10.703Z</time>
      </trkpt>
      <trkpt lat="52.56764507417243" lon="13.417192544250693">
        <ele>37.67610110100359</ele>
        <time>2025-09-28T09:53:15.834Z</time>
      </trkpt>
      <trkpt lat="52.56768336281068" lon="13.417409542786386">
        <ele>37.78780390582979</ele>
        <time>2025-09-28T09:53:20.908Z</time>
      </trkpt>
      <trkpt lat="52.567712519523916" lon="13.417650893625284">
        <ele>38.13764897100627</ele>
        <time>2025-09-28T09:53:25.952Z</time>
      </trkpt>
      <trkpt lat="52.56773556114606" lon="13.417870352356749">
        <ele>37.635661374032495</ele>
        <time>2025-09-28T09:53:30.870Z</time>
      </trkpt>
      <trkpt lat="52.56778810503986" lon="13.41810654876799">
        <ele>38.36809513438493</ele>
        <time>2025-09-28T09:53:36.063Z</time>
      </trkpt>
      <trkpt lat="52.567818356955954" lon="13.418343421774585">
        <ele>37.867934410646555</ele>
        <time>2025-09-28T09:53:41.063Z</time>
      </trkpt>
      <trkpt lat="52.56783894998025" lon="13.418565367522877">
        <ele>38.19889379721135</ele>
        <time>2025-09-28T09:53:46.161Z</time>
      </trkpt>
      <trkpt lat="52.5678835290202" lon="13.418813905379052">
        <ele>38.32404216285795</ele>
        <time>2025-09-28T09:53:51.082Z</time>
      </trkpt>
      <trkpt lat="52.56790668926619" lon="13.41903629545502">
        <ele>37.90780771430582</ele>
        <time>2025-09-28T09:53:56.116Z</time>
      </trkpt>
      <trkpt lat="52.56795048735134" lon="13.41926621264095">
        <ele>37.923010112158956</ele>
        <time>2025-09-28T09:54:01.191Z</time>
      </trkpt>
      <trkpt lat="52.567967704005234" lon="13.419509055150368">
        <ele>38.05890749804676</ele>
        <time>2025-09-28T09:54:06.187Z</time>
      </trkpt>
      <trkpt lat="52.568012711479774" lon="13.41974748313981">
        <ele>38.20643069017679</ele>
        <time>2025-09-28T09:54:11.228Z</time>
      </trkpt>
      <trkpt lat="52.56805050990448" lon="13.419983596171148">
        <ele>37.664379524812105</ele>
        <time>2025-09-28T09:54:16.184Z</time>
      </trkpt>
      <trkpt lat="52.568088549740416" lon="13.420196536177535">
        <ele>38.04744785111397</ele>
        <time>2025-09-28T09:54:21.190Z</time>
      </trkpt>
      <trkpt lat="52.56810799785453" lon="13.420427586408907">
        <ele>38.38846508990973</ele>
        <time>2025-09-28T09:54:26.298Z</time>
      </trkpt>
      <trkpt lat="52.56813394450711" lon="13.420666978391369">
        <ele>38.06549003943801</ele>
        <time>2025-09-28T09:54:31.284Z</time>
      </trkpt>
      <trkpt lat="52.568181112548956" lon="13.420905596834011">
        <ele>38.09473789036274</ele>
        <time>2025-09-28T09:54:36.302Z</time>
      </trkpt>
      <trkpt lat="52.568203867831926" lon="13.421138717018687">
        <ele>38.05487670041621</ele>
        <time>2025-09-28T09:54:41.214Z</time>
      </trkpt>
      <trkpt lat="52.56823190984532" lon="13.4213516486571">
        <ele>38.33669670931995</ele>
        <time>2025-09-28T09:54:46.211Z</time>
      </trkpt>
      <trkpt lat="52.56827854509472" lon="13.421604067124678">
        <ele>38.0490090450272</ele>
        <time>2025-09-28T09:54:51.106Z</time>
      </trkpt>
      <trkpt lat="52.56831729720916" lon="13.421838106709798">
        <ele>38.035369254276155</ele>
        <time>2025-09-28T09:54:56.251Z</time>
      </trkpt>
      <trkpt lat="52.56833214716134" lon="13.422061421808872">
        <ele>38.23048777487129</ele>
        <time>2025-09-28T09:55:01.198Z</time>
      </trkpt>
      <trkpt lat="52.56839087554454" lon="13.422298592491327">
        <ele>38.20129076950252</ele>
        <time>2025-09-28T09:55:06.333Z</time>
      </trkpt>
      <trkpt lat="52.568421059801885" lon="13.422518107061423">
        <ele>38.37516973558813</ele>
        <time>2025-09-28T09:55:11.373Z</time>
      </trkpt>
      <trkpt lat="52.56845226133272" lon="13.422756765783477">
        <ele>38.16182065568864</ele>
        <time>2025-09-28T09:55:16.483Z</time>
      </trkpt>
      <trkpt lat="52.568486705419964" lon="13.42298727733542">
        <ele>38.296554463170466</ele>
        <time>2025-09-28T09:55:21.495Z</time>
      </trkpt>
      <trkpt lat="52.56850019227592" lon="13.423225928380969">
        <ele>37.90045290384442</ele>
        <time>2025-09-28T09:55:26.384Z</time>
      </trkpt>
      <trkpt lat="52.56853022067178" lon="13.423439908088719">
        <ele>37.78760013859719</ele>
        <time>2025-09-28T09:55:31.422Z</time>
      </trkpt>
      <trkpt lat="52.56856902756763" lon="13.42367889445982">
        <ele>37.876675514876844</ele>
        <time>2025-09-28T09:55:36.501Z</time>
      </trkpt>
      <trkpt lat="52.56861185817112" lon="13.423902616430025">
        <ele>38.34968567378819</ele>
        <time>2025-09-28T09:55:41.550Z</time>
      </trkpt>
      <trkpt lat="52.56865116910105" lon="13.424157973716545">
        <ele>38.09053251091391</ele>
        <time>2025-09-28T09:55:46.552Z</time>
      </trkpt>
      <trkpt lat="52.568679689947054" lon="13.424373009966814">
        <ele>37.84167908541858</ele>
        <time>2025-09-28T09:55:51.459Z</time>
      </trkpt>
      <trkpt lat="52.568717008889884" lon="13.424617322223353">
        <ele>38.26443102583289</ele>
        <time>2025-09-28T09:55:56.429Z</time>
      </trkpt>
      <trkpt lat="52.56873689954681" lon="13.424854478164798">
        <ele>37.645687566511334</ele>
        <time>2025-09-28T09:56:01.271Z</time>
      </trkpt>
      <trkpt lat="52.5687777486752" lon="13.425075492524568">
        <ele>37.98521439153701</ele>
        <time>2025-09-28T09:56:06.434Z</time>
      </trkpt>
      <trkpt lat="52.56879775304933" lon="13.425309937530889">
        <ele>38.30328632872552</ele>
        <time>2025-09-28T09:56:11.610Z</time>
      </trkpt>
      <trkpt lat="52.56883877734717" lon="13.425545652049314">
        <ele>37.90431445538998</ele>
        <time>2025-09-28T09:56:16.652Z</time>
      </trkpt>
      <trkpt lat="52.568862551388236" lon="13.42577268337608">
        <ele>38.36651972681284</ele>
        <time>2025-09-28T09:56:21.830Z</time>
      </trkpt>
      <trkpt lat="52.568914813181365" lon="13.426017089685331">
        <ele>37.623581322096285</ele>
        <time>2025-09-28T09:56:26.663Z</time>
      </trkpt>
      <trkpt lat="52.568946501242884" lon="13.42623461855041">
        <ele>37.75224337279796</ele>
        <time>2025-09-28T09:56:31.706Z</time>
      </trkpt>
      <trkpt lat="52.56897654447225" lon="13.42646846918541">
        <ele>38.13925009388477</ele>
        <time>2025-09-28T09:56:36.769Z</time>
      </trkpt>
      <trkpt lat="52.56901172002473" lon="13.426713947041012">
        <ele>38.236717459000644</ele>
        <time>2025-09-28T09:56:41.715Z</time>
      </trkpt>
      <trkpt lat="52.569046248005606" lon="13.426939997227239">
        <ele>37.99002807457</ele>
        <time>2025-09-28T09:56:46.781Z</time>
      </trkpt>
      <trkpt lat="52.569070077380715" lon="13.42715944503317">
        <ele>37.67750044241548</ele>
        <time>2025-09-28T09:56:51.783Z</time>
      </trkpt>
      <trkpt lat="52.56909815972801" lon="13.427395872405045">
        <ele>37.62732724826783</ele>
        <time>2025-09-28T09:56:56.648Z</time>
      </trkpt>
      <trkpt lat="52.5691394074371" lon="13.427632200794339">
        <ele>38.27417946457863</ele>
        <time>2025-09-28T09:57:01.693Z</time>
      </trkpt>
      <trkpt lat="52.56916915979554" lon="13.4278593199653">
        <ele>37.67188639082015</ele>
        <time>2025-09-28T09:57:06.466Z</time>
      </trkpt>
      <trkpt lat="52.56919594282219" lon="13.428087673435995">
        <ele>37.98760984186083</ele>
        <time>2025-09-28T09:57:11.494Z</time>
      </trkpt>
      <trkpt lat="52.569234498581054" lon="13.42832868766584">
        <ele>38.01957139912993</ele>
        <time>2025-09-28T09:57:16.593Z</time>
      </trkpt>
      <trkpt lat="52.56927149568979" lon="13.42856991129904">
        <ele>38.35699085891247</ele>
        <time>2025-09-28T09:57:21.752Z</time>
      </trkpt>
      <trkpt lat="52.56929514647846" lon="13.428780770967581">
        <ele>38.246992885135114</ele>
        <time>2025-09-28T09:57:26.668Z</time>
      </trkpt>
      <trkpt lat="52.569336055335356" lon="13.429019350061422">
        <ele>37.62750409543514</ele>
        <time>2025-09-28T09:57:31.666Z</time>
      </trkpt>
      <trkpt lat="52.56937345788466" lon="13.429242322126">
        <ele>38.00000856947154</ele>
        <time>2025-09-28T09:57:36.701Z</time>
      </trkpt>
      <trkpt lat="52.56940889781763" lon="13.429497089921862">
        <ele>37.962505519017576</ele>
        <time>2025-09-28T09:57:41.682Z</time>
      </trkpt>
      <trkpt lat="52.56945193569809" lon="13.429714699390777">
        <ele>37.69283239785582</ele>
        <time>2025-09-28T09:57:46.631Z</time>
      </trkpt>
      <trkpt lat="52.56945982786967" lon="13.429940811414474">
        <ele>38.12327190767974</ele>
        <time>2025-09-28T09:57:51.582Z</time>
      </trkpt>
      <trkpt lat="52.56951875196829" lon="13.430168887833261">
        <ele>38.032519546709956</ele>
        <time>2025-09-28T09:57:56.666Z</time>
      </trkpt>
      <trkpt lat="52.569553248077" lon="13.430419179164872">
        <ele>38.34018818438053</ele>
        <time>2025-09-28T09:58:01.695Z</time>
      </trkpt>
      <trkpt lat="52.56956973080704" lon="13.4306371381001">
        <ele>37.82550224922598</ele>
        <time>2025-09-28T09:58:06.467Z</time>
      </trkpt>
      <trkpt lat="52.56959198623808" lon="13.430871411740585">
        <ele>37.77793075963855</ele>
        <time>2025-09-28T09:58:11.458Z</time>
      </trkpt>
      <trkpt lat="52.56964669713649" lon="13.431113448393315">
        <ele>37.79986007977277</ele>
        <time>2025-09-28T09:58:16.523Z</time>
      </trkpt>
      <trkpt lat="52.569663305035625" lon="13.431340583922244">
        <ele>37.73377278447151</ele>
        <time>2025-09-28T09:58:21.524Z</time>
      </trkpt>
      <trkpt lat="52.569690140691286" lon="13.431574354775785">
        <ele>37.959404894523324</ele>
        <time>2025-09-28T09:58:26.435Z</time>
      </trkpt>
      <trkpt lat="52.5697287972977" lon="13.431807644489124">
        <ele>38.02852237876505</ele>
        <time>2025-09-28T09:58:31.415Z</time>
      </trkpt>
      <trkpt lat="52.5697835873748" lon="13.432028103181393">
        <ele>38.18585098795593</ele>
        <time>2025-09-28T09:58:36.361Z</time>
      </trkpt>
      <trkpt lat="52.56978925440813" lon="13.432268606502415">
        <ele>37.81634501852095</ele>
        <time>2025-09-28T09:58:41.395Z</time>
      </trkpt>
      <trkpt lat="52.56982330197183" lon="13.432496715346625">
        <ele>38.068849878944455</ele>
        <time>2025-09-28T09:58:46.405Z</time>
      </trkpt>
      <trkpt lat="52.56987645777192" lon="13.432728334116167">
        <ele>38.27766055073589</ele>
        <time>2025-09-28T09:58:51.537Z</time>
      </trkpt>
      <trkpt lat="52.56989802226798" lon="13.432964055432251">
        <ele>38.039364935085175</ele>
        <time>2025-09-28T09:58:56.586Z</time>
      </trkpt>
      <trkpt lat="52.56992898026415" lon="13.43320243781511">
        <ele>38.33771227579564</ele>
        <time>2025-09-28T09:59:01.753Z</time>
      </trkpt>
      <trkpt lat="52.56996453063911" lon="13.433417123197447">
        <ele>38.28279725164175</ele>
        <time>2025-09-28T09:59:06.634Z</time>
      </trkpt>
      <trkpt lat="52.56999035615811" lon="13.433664987502475">
        <ele>37.825274782814084</ele>
        <time>2025-09-28T09:59:11.498Z</time>
      </trkpt>
      <trkpt lat="52.570026183691496" lon="13.433900551789234">
        <ele>37.77725703250617</ele>
        <time>2025-09-28T09:59:16.389Z</time>
      </trkpt>
      <trkpt lat="52.57005971866718" lon="13.434128500890056">
        <ele>38.02950408942998</ele>
        <time>2025-09-28T09:59:21.420Z</time>
      </trkpt>
      <trkpt lat="52.57010536844727" lon="13.43436286206494">
        <ele>37.66146358065307</ele>
        <time>2025-09-28T09:59:26.219Z</time>
      </trkpt>
      <trkpt lat="52.57014442088146" lon="13.43459368859411">
        <ele>38.29290879629552</ele>
        <time>2025-09-28T09:59:31.193Z</time>
      </trkpt>
      <trkpt lat="52.570162362399515" lon="13.43482392051321">
        <ele>38.077713836357</ele>
        <time>2025-09-28T09:59:36.060Z</time>
      </trkpt>
      <trkpt lat="52.57019622320467" lon="13.435057260765499">
        <ele>37.94884984456003</ele>
        <time>2025-09-28T09:59:41.040Z</time>
      </trkpt>
      <trkpt lat="52.57022972027689" lon="13.435282130547922">
        <ele>38.21596799567342</ele>
        <time>2025-09-28T09:59:46.106Z</time>
      </trkpt>
      <trkpt lat="52.570276514006935" lon="13.435509937142609">
        <ele>38.241235298290846</ele>
        <time>2025-09-28T09:59:51.204Z</time>
      </trkpt>
      <trkpt lat="52.5702949301975" lon="13.435744056141155">
        <ele>38.319332665577534</ele>
        <time>2025-09-28T09:59:56.267Z</time>
      </trkpt>
      <trkpt lat="52.57032968191442" lon="13.435967921938204">
        <ele>37.850087999552485</ele>
        <time>2025-09-28T10:00:01.335Z</time>
      </trkpt>
      <trkpt lat="52.570368536678416" lon="13.436221394737407">
        <ele>38.14544904958457</ele>
        <time>2025-09-28T10:00:06.268Z</time>
      </trkpt>
      <trkpt lat="52.57041488484948" lon="13.436454626407421">
        <ele>38.00385659746826</ele>
        <time>2025-09-28T10:00:11.101Z</time>
      </trkpt>
      <trkpt lat="52.57043958737741" lon="13.436677680339177">
        <ele>37.91180954314768</ele>
        <time>2025-09-28T10:00:16.104Z</time>
      </trkpt>
      <trkpt lat="52.570460318169886" lon="13.436916550176065">
        <ele>38.10381794366985</ele>
        <time>2025-09-28T10:00:21.265Z</time>
      </trkpt>
      <trkpt lat="52.57050924732189" lon="13.437155096859614">
        <ele>37.71878670826554</ele>
        <time>2025-09-28T10:00:26.239Z</time>
      </trkpt>
      <trkpt lat="52.57054078223144" lon="13.437367225111284">
        <ele>37.8559460060671</ele>
        <time>2025-09-28T10:00:31.235Z</time>
      </trkpt>
      <trkpt lat="52.57050933134651" lon="13.43758506737212">
        <ele>38.28465182334185</ele>
        <time>2025-09-28T10:00:36.204Z</time>
      </trkpt>
      <trkpt lat="52.57045644591775" lon="13.43781015345403">
        <ele>38.34506821930408</ele>
        <time>2025-09-28T10:00:41.248Z</time>
      </trkpt>
      <trkpt lat="52.5704025212193" lon="13.438051355598196">
        <ele>38.11230258718133</ele>
        <time>2025-09-28T10:00:46.258Z</time>
      </trkpt>
      <trkpt lat="52.5703461202997" lon="13.438269515694753">
        <ele>38.300053470395504</ele>
        <time>2025-09-28T10:00:51.314Z</time>
      </trkpt>
      <trkpt lat="52.57028804574473" lon="13.43848971764469">
        <ele>37.77012467700988</ele>
        <time>2025-09-28T10:00:56.092Z</time>
      </trkpt>
      <trkpt lat="52.5702520014561" lon="13.438708634255729">
        <ele>37.87053945343941</ele>
        <time>2025-09-28T10:01:01.021Z</time>
      </trkpt>
      <trkpt lat="52.570185514590065" lon="13.438920331804198">
        <ele>38.320946499891576</ele>
        <time>2025-09-28T10:01:06.021Z</time>
      </trkpt>
      <trkpt lat="52.57012757034992" lon="13.439128692810723">
        <ele>37.99984092768282</ele>
        <time>2025-09-28T10:01:10.912Z</time>
      </trkpt>
      <trkpt lat="52.57007739552161" lon="13.439373750113496">
        <ele>37.74520347882062</ele>
        <time>2025-09-28T10:01:15.843Z</time>
      </trkpt>
      <trkpt lat="52.570020552245886" lon="13.439573763786754">
        <ele>37.67748694289476</ele>
        <time>2025-09-28T10:01:20.947Z</time>
      </trkpt>
      <trkpt lat="52.56997823223699" lon="13.439798100987426">
        <ele>38.0988868849352</ele>
        <time>2025-09-28T10:01:26.048Z</time>
      </trkpt>
      <trkpt lat="52.56991246889868" lon="13.440033438633398">
        <ele>37.88845631852746</ele>
        <time>2025-09-28T10:01:30.894Z</time>
      </trkpt>
      <trkpt lat="52.56984070977716" lon="13.440249686511043">
        <ele>38.1355029636994</ele>
        <time>2025-09-28T10:01:36.038Z</time>
      </trkpt>
      <trkpt lat="52.56978759855423" lon="13.440475786967639">
        <ele>37.90805079322308</ele>
        <time>2025-09-28T10:01:41.140Z</time>
      </trkpt>
      <trkpt lat="52.56975741939781" lon="13.440685112718578">
        <ele>38.11770049948245</ele>
        <time>2025-09-28T10:01:46.301Z</time>
      </trkpt>
      <trkpt lat="52.569687352788925" lon="13.440917301780908">
        <ele>37.81780967805535</ele>
        <time>2025-09-28T10:01:51.211Z</time>
      </trkpt>
      <trkpt lat="52.56964365736133" lon="13.441137756066475">
        <ele>37.93491049800068</ele>
        <time>2025-09-28T10:01:56.098Z</time>
      </trkpt>
      <trkpt lat="52.569574142642125" lon="13.441340544157">
        <ele>37.82022076845169</ele>
        <time>2025-09-28T10:02:00.993Z</time>
      </trkpt>
      <trkpt lat="52.56953781718006" lon="13.441552643854507">
        <ele>37.826993519812824</ele>
        <time>2025-09-28T10:02:06.004Z</time>
      </trkpt>
      <trkpt lat="52.56947713596388" lon="13.441797554635741">
        <ele>37.722986868396404</ele>
        <time>2025-09-28T10:02:10.847Z</time>
      </trkpt>
      <trkpt lat="52.569424876059195" lon="13.442016504253305">
        <ele>38.083854301832616</ele>
        <time>2025-09-28T10:02:15.900Z</time>
      </trkpt>
      <trkpt lat="52.56934882968825" lon="13.44221481056755">
        <ele>38.28593051210046</ele>
        <time>2025-09-28T10:02:20.932Z</time>
      </trkpt>
      <trkpt lat="52.56930737277658" lon="13.442449997927778">
        <ele>38.161897727102044</ele>
        <time>2025-09-28T10:02:25.764Z</time>
      </trkpt>
      <trkpt lat="52.56924125926836" lon="13.44266032053364">
        <ele>37.93608631640673</ele>
        <time>2025-09-28T10:02:30.597Z</time>
      </trkpt>
      <trkpt lat="52.56919675118949" lon="13.442875161334559">
        <ele>38.341441102325916</ele>
        <time>2025-09-28T10:02:35.606Z</time>
      </trkpt>
      <trkpt lat="52.56913444784268" lon="13.443106545676606">
        <ele>38.31731793694198</ele>
        <time>2025-09-28T10:02:40.601Z</time>
      </trkpt>
      <trkpt lat="52.569081399394726" lon="13.443339599516785">
        <ele>38.04695924278349</ele>
        <time>2025-09-28T10:02:45.473Z</time>
      </trkpt>
      <trkpt lat="52.56901404842942" lon="13.443553721556974">
        <ele>37.981253574974836</ele>
        <time>2025-09-28T10:02:50.586Z</time>
      </trkpt>
      <trkpt lat="52.56896433657988" lon="13.443770878110382">
        <ele>38.09778890833259</ele>
        <time>2025-09-28T10:02:55.739Z</time>
      </trkpt>
      <trkpt lat="52.56890826384226" lon="13.443987640588846">
        <ele>37.74487644582987</ele>
        <time>2025-09-28T10:03:00.554Z</time>
      </trkpt>
      <trkpt lat="52.568865769194154" lon="13.444199996275591">
        <ele>38.05704815015197</ele>
        <time>2025-09-28T10:03:05.469Z</time>
      </trkpt>
      <trkpt lat="52.56879917083347" lon="13.444425515024653">
        <ele>38.30020712632686</ele>
        <time>2025-09-28T10:03:10.572Z</time>
      </trkpt>
      <trkpt lat="52.568744355007816" lon="13.444642185355569">
        <ele>37.92954742759466</ele>
        <time>2025-09-28T10:03:15.597Z</time>
      </trkpt>
      <trkpt lat="52.56869511034243" lon="13.444871683529424">
        <ele>37.871135767363015</ele>
        <time>2025-09-28T10:03:20.522Z</time>
      </trkpt>
      <trkpt lat="52.568635427596135" lon="13.445100909920857">
        <ele>38.11671819537878</ele>
        <time>2025-09-28T10:03:25.498Z</time>
      </trkpt>
      <trkpt lat="52.568579297095184" lon="13.445321869496173">
        <ele>38.17429260015488</ele>
        <time>2025-09-28T10:03:30.592Z</time>
      </trkpt>
      <trkpt lat="52.56853326416412" lon="13.445540658423242">
        <ele>38.18436243031174</ele>
        <time>2025-09-28T10:03:35.736Z</time>
      </trkpt>
      <trkpt lat="52.568480856976066" lon="13.44576406948782">
        <ele>37.66933272201568</ele>
        <time>2025-09-28T10:03:40.545Z</time>
      </trkpt>
      <trkpt lat="52.56840933347466" lon="13.445987971743639">
        <ele>37.82056163419038</ele>
        <time>2025-09-28T10:03:45.527Z</time>
      </trkpt>
      <trkpt lat="52.56836502961148" lon="13.446189404489838">
        <ele>38.09031768571585</ele>
        <time>2025-09-28T10:03:50.429Z</time>
      </trkpt>
      <trkpt lat="52.56831720097421" lon="13.446417407670364">
        <ele>37.90572203006595</ele>
        <time>2025-09-28T10:03:55.457Z</time>
      </trkpt>
      <trkpt lat="52.56825041476956" lon="13.446640024425976">
        <ele>37.679492198675874</ele>
        <time>2025-09-28T10:04:00.428Z</time>
      </trkpt>
      <trkpt lat="52.568214773092" lon="13.446853309815282">
        <ele>38.36661836579442</ele>
        <time>2025-09-28T10:04:05.542Z</time>
      </trkpt>
      <trkpt lat="52.56815816712703" lon="13.447064357250671">
        <ele>38.14958697147667</ele>
        <time>2025-09-28T10:04:10.600Z</time>
      </trkpt>
      <trkpt lat="52.56808396530057" lon="13.447302490357767">
        <ele>38.34760875422508</ele>
        <time>2025-09-28T10:04:15.649Z</time>
      </trkpt>
      <trkpt lat="52.56802297957978" lon="13.447511087021642">
        <ele>38.223698675073685</ele>
        <time>2025-09-28T10:04:20.770Z</time>
      </trkpt>
      <trkpt lat="52.56796911583262" lon="13.447730464324774">
        <ele>37.64481175299734</ele>
        <time>2025-09-28T10:04:25.829Z</time>
      </trkpt>
      <trkpt lat="52.56791246220899" lon="13.447968680553599">
        <ele>37.98859629463404</ele>
        <time>2025-09-28T10:04:30.784Z</time>
      </trkpt>
      <trkpt lat="52.567877734576044" lon="13.448166223494598">
        <ele>38.35203934740275</ele>
        <time>2025-09-28T10:04:35.782Z</time>
      </trkpt>
      <trkpt lat="52.56782881180643" lon="13.448387311529247">
        <ele>37.84392040334642</ele>
        <time>2025-09-28T10:04:40.796Z</time>
      </trkpt>
      <trkpt lat="52.56775090708336" lon="13.448612340103256">
        <ele>37.748274638131264</ele>
        <time>2025-09-28T10:04:45.791Z</time>
      </trkpt>
      <trkpt lat="52.56771791294559" lon="13.448835848040018">
        <ele>37.80716431960464</ele>
        <time>2025-09-28T10:04:50.660Z</time>
      </trkpt>
      <trkpt lat="52.56764688555511" lon="13.449060071704706">
        <ele>38.33727888483554</ele>
        <time>2025-09-28T10:04:55.712Z</time>
      </trkpt>
      <trkpt lat="52.567603258730955" lon="13.44928629266513">
        <ele>37.8907987607643</ele>
        <time>2025-09-28T10:05:00.590Z</time>
      </trkpt>
      <trkpt lat="52.567529502303366" lon="13.449512960546958">
        <ele>37.98253251146525</ele>
        <time>2025-09-28T10:05:05.605Z</time>
      </trkpt>
      <trkpt lat="52.56749088256834" lon="13.449708725799317">
        <ele>38.17255354933441</ele>
        <time>2025-09-28T10:05:10.705Z</time>
      </trkpt>
      <trkpt lat="52.56742606346461" lon="13.449947671892724">
        <ele>38.34090855587274</ele>
        <time>2025-09-28T10:05:15.793Z</time>
      </trkpt>
      <trkpt lat="52.567381056137094" lon="13.450167782003357">
        <ele>38.14021105337888</ele>
        <time>2025-09-28T10:05:20.710Z</time>
      </trkpt>
      <trkpt lat="52.56733480947249" lon="13.450379107805857">
        <ele>37.74499101843685</ele>
        <time>2025-09-28T10:05:25.702Z</time>
      </trkpt>
      <trkpt lat="52.567259522903626" lon="13.450608204742812">
        <ele>37.68635778296739</ele>
        <time>2025-09-28T10:05:30.655Z</time>
      </trkpt>
      <trkpt lat="52.56720220092143" lon="13.45082024822175">
        <ele>37.97340366933495</ele>
        <time>2025-09-28T10:05:35.786Z</time>
      </trkpt>
      <trkpt lat="52.567164649986275" lon="13.451057476114142">
        <ele>37.846340727806094</ele>
        <time>2025-09-28T10:05:40.762Z</time>
      </trkpt>
      <trkpt lat="52.56711326270499" lon="13.45125455367091">
        <ele>37.62540188189596</ele>
        <time>2025-09-28T10:05:45.734Z</time>
      </trkpt>
      <trkpt lat="52.56703572665512" lon="13.451478619124023">
        <ele>37.93641184773296</ele>
        <time>2025-09-28T10:05:50.826Z</time>
      </trkpt>
      <trkpt lat="52.56700325505656" lon="13.45169318143931">
        <ele>37.95485709793866</ele>
        <time>2025-09-28T10:05:55.956Z</time>
      </trkpt>
      <trkpt lat="52.56692062182224" lon="13.451926507867032">
        <ele>38.19702913016081</ele>
        <time>2025-09-28T10:06:01.057Z</time>
      </trkpt>
      <trkpt lat="52.56687020767347" lon="13.452150030866626">
        <ele>38.173974654078485</ele>
        <time>2025-09-28T10:06:06.190Z</time>
      </trkpt>
      <trkpt lat="52.566817198468264" lon="13.452357346231764">
        <ele>38.003141484037045</ele>
        <time>2025-09-28T10:06:11.211Z</time>
      </trkpt>
      <trkpt lat="52.566754639173354" lon="13.452599893423443">
        <ele>38.041963575594124</ele>
        <time>2025-09-28T10:06:16.323Z</time>
      </trkpt>
      <trkpt lat="52.56671414021979" lon="13.452816112881534">
        <ele>38.05491520240903</ele>
        <time>2025-09-28T10:06:21.236Z</time>
      </trkpt>
      <trkpt lat="52.56667046574213" lon="13.45301684974105">
        <ele>37.795323164947334</ele>
        <time>2025-09-28T10:06:26.179Z</time>
      </trkpt>
      <trkpt lat="52.56660853946829" lon="13.453243350434965">
        <ele>37.63594837430865</ele>
        <time>2025-09-28T10:06:31.175Z</time>
      </trkpt>
      <trkpt lat="52.5665435297854" lon="13.453465754655276">
        <ele>38.243083169311284</ele>
        <time>2025-09-28T10:06:36.185Z</time>
      </trkpt>
      <trkpt lat="52.56649303817616" lon="13.453704583517494">
        <ele>37.70994792524725</ele>
        <time>2025-09-28T10:06:41.078Z</time>
      </trkpt>
      <trkpt lat="52.5664345712485" lon="13.453906169882723">
        <ele>37.70821983106434</ele>
        <time>2025-09-28T10:06:45.933Z</time>
      </trkpt>
      <trkpt lat="52.56637870224897" lon="13.454120670346947">
        <ele>37.97661247644574</ele>
        <time>2025-09-28T10:06:50.999Z</time>
      </trkpt>
      <trkpt lat="52.5663354669567" lon="13.454363371151846">
        <ele>37.788919722475114</ele>
        <time>2025-09-28T10:06:56.071Z</time>
      </trkpt>
      <trkpt lat="52.56627464443295" lon="13.454577527741387">
        <ele>37.77816582173109</ele>
        <time>2025-09-28T10:07:01.102Z</time>
      </trkpt>
      <trkpt lat="52.56621664314749" lon="13.45480614732849">
        <ele>37.83497833609581</ele>
        <time>2025-09-28T10:07:06.026Z</time>
      </trkpt>
      <trkpt lat="52.566151915297766" lon="13.45500762387871">
        <ele>38.27383070364594</ele>
        <time>2025-09-28T10:07:11.082Z</time>
      </trkpt>
      <trkpt lat="52.56609411234713" lon="13.455247638075818">
        <ele>38.13270939849317</ele>
        <time>2025-09-28T10:07:16.127Z</time>
      </trkpt>
      <trkpt lat="52.5660557737508" lon="13.455469241754507">
        <ele>38.29448960069567</ele>
        <time>2025-09-28T10:07:21.039Z</time>
      </trkpt>
      <trkpt lat="52.56598920384452" lon="13.455668781710598">
        <ele>37.99728559460491</ele>
        <time>2025-09-28T10:07:25.843Z</time>
      </trkpt>
      <trkpt lat="52.56593608209608" lon="13.45590691435765">
        <ele>38.36833710744977</ele>
        <time>2025-09-28T10:07:30.826Z</time>
      </trkpt>
      <trkpt lat="52.56589281929243" lon="13.456123689907944">
        <ele>37.88113828431815</ele>
        <time>2025-09-28T10:07:35.605Z</time>
      </trkpt>
      <trkpt lat="52.56582816429087" lon="13.456327712976705">
        <ele>38.33803032170981</ele>
        <time>2025-09-28T10:07:40.546Z</time>
      </trkpt>
      <trkpt lat="52.56576486322952" lon="13.45654229092065">
        <ele>37.98031408991665</ele>
        <time>2025-09-28T10:07:45.345Z</time>
      </trkpt>
      <trkpt lat="52.565710871587385" lon="13.456769405714796">
        <ele>37.92670479621738</ele>
        <time>2025-09-28T10:07:50.455Z</time>
      </trkpt>
      <trkpt lat="52.56565855399601" lon="13.456983639698434">
        <ele>37.96313449870795</ele>
        <time>2025-09-28T10:07:55.528Z</time>
      </trkpt>
      <trkpt lat="52.56562373173493" lon="13.457225223634053">
        <ele>38.25487469825894</ele>
        <time>2025-09-28T10:08:00.451Z</time>
      </trkpt>
      <trkpt lat="52.56556820346948" lon="13.457424355507829">
        <ele>38.07583989985287</ele>
        <time>2025-09-28T10:08:05.328Z</time>
      </trkpt>
      <trkpt lat="52.56549645013725" lon="13.457662137037918">
        <ele>37.729398273304106</ele>
        <time>2025-09-28T10:08:10.217Z</time>
      </trkpt>
      <trkpt lat="52.56544161068521" lon="13.457888804488851">
        <ele>37.978657781519</ele>
        <time>2025-09-28T10:08:15.394Z</time>
      </trkpt>
      <trkpt lat="52.565389706114814" lon="13.458100172517321">
        <ele>38.30838454924524</ele>
        <time>2025-09-28T10:08:20.395Z</time>
      </trkpt>
      <trkpt lat="52.56534892320777" lon="13.458310660482828">
        <ele>37.8167839018628</ele>
        <time>2025-09-28T10:08:25.394Z</time>
      </trkpt>
      <trkpt lat="52.56527406600908" lon="13.458546490051003">
        <ele>37.985044727660714</ele>
        <time>2025-09-28T10:08:30.564Z</time>
      </trkpt>
      <trkpt lat="52.565221666606625" lon="13.458753898378893">
        <ele>38.10543243009597</ele>
        <time>2025-09-28T10:08:35.681Z</time>
      </trkpt>
      <trkpt lat="52.56515731447881" lon="13.458981973240645">
        <ele>38.34479432497174</ele>
        <time>2025-09-28T10:08:40.739Z</time>
      </trkpt>
      <trkpt lat="52.56510646198735" lon="13.459202102388337">
        <ele>38.294369319081305</ele>
        <time>2025-09-28T10:08:45.646Z</time>
      </trkpt>
      <trkpt lat="52.56505927627526" lon="13.459420522901832">
        <ele>37.920525945350526</ele>
        <time>2025-09-28T10:08:50.540Z</time>
      </trkpt>
      <trkpt lat="52.56501492561639" lon="13.459651196497882">
        <ele>37.600575264543295</ele>
        <time>2025-09-28T10:08:55.597Z</time>
      </trkpt>
      <trkpt lat="52.56496415466218" lon="13.459854803183532">
        <ele>37.78265598621219</ele>
        <time>2025-09-28T10:09:00.550Z</time>
      </trkpt>
      <trkpt lat="52.56490237552988" lon="13.460096984595426">
        <ele>38.20721467863768</ele>
        <time>2025-09-28T10:09:05.757Z</time>
      </trkpt>
      <trkpt lat="52.56484479395088" lon="13.460303666298588">
        <ele>37.65414618514478</ele>
        <time>2025-09-28T10:09:10.521Z</time>
      </trkpt>
      <trkpt lat="52.56477540127196" lon="13.460538969516078">
        <ele>37.9747993092984</ele>
        <time>2025-09-28T10:09:15.693Z</time>
      </trkpt>
      <trkpt lat="52.56474121033306" lon="13.46074878448969">
        <ele>37.611943535506725</ele>
        <time>2025-09-28T10:09:20.564Z</time>
      </trkpt>
      <trkpt lat="52.564661338978496" lon="13.460961372302934">
        <ele>37.805462582781914</ele>
        <time>2025-09-28T10:09:25.638Z</time>
      </trkpt>
      <trkpt lat="52.56462531995501" lon="13.461184140581901">
        <ele>37.728384814038876</ele>
        <time>2025-09-28T10:09:30.502Z</time>
      </trkpt>
      <trkpt lat="52.56455192519231" lon="13.461396613852505">
        <ele>37.620378215424715</ele>
        <time>2025-09-28T10:09:35.378Z</time>
      </trkpt>
      <trkpt lat="52.56450188593784" lon="13.46162272430495">
        <ele>38.189080541953444</ele>
        <time>2025-09-28T10:09:40.370Z</time>
      </trkpt>
      <trkpt lat="52.56444669380435" lon="13.461835583021942">
        <ele>38.14656305853278</ele>
        <time>2025-09-28T10:09:45.428Z</time>
      </trkpt>
      <trkpt lat="52.564400253604525" lon="13.462063801710997">
        <ele>37.79959456156939</ele>
        <time>2025-09-28T10:09:50.470Z</time>
      </trkpt>
      <trkpt lat="52.56435523042316" lon="13.462275872393326">
        <ele>37.880071077682075</ele>
        <time>2025-09-28T10:09:55.367Z</time>
      </trkpt>
      <trkpt lat="52.564294223173405" lon="13.462498760251203">
        <ele>37.88413203246891</ele>
        <time>2025-09-28T10:10:00.383Z</time>
      </trkpt>
      <trkpt lat="52.56421987085579" lon="13.462737687096709">
        <ele>37.870877503603694</ele>
        <time>2025-09-28T10:10:05.494Z</time>
      </trkpt>
      <trkpt lat="52.56418858931305" lon="13.462963460110096">
        <ele>37.656367141753435</ele>
        <time>2025-09-28T10:10:10.351Z</time>
      </trkpt>
      <trkpt lat="52.56413397546301" lon="13.463160155361225">
        <ele>38.228255920857194</ele>
        <time>2025-09-28T10:10:15.404Z</time>
      </trkpt>
      <trkpt lat="52.56408310489265" lon="13.463394262575312">
        <ele>38.33061861880124</ele>
        <time>2025-09-28T10:10:20.559Z</time>
      </trkpt>
      <trkpt lat="52.564026069222464" lon="13.463598958496586">
        <ele>38.037764941342175</ele>
        <time>2025-09-28T10:10:25.493Z</time>
      </trkpt>
      <trkpt lat="52.563950354032286" lon="13.463834336183425">
        <ele>37.94477841630578</ele>
        <time>2025-09-28T10:10:30.500Z</time>
      </trkpt>
      <trkpt lat="52.563915248454435" lon="13.464047436944327">
        <ele>37.62740682139993</ele>
        <time>2025-09-28T10:10:35.455Z</time>
      </trkpt>
      <trkpt lat="52.563856671259316" lon="13.464272001549926">
        <ele>38.16494365986436</ele>
        <time>2025-09-28T10:10:40.492Z</time>
      </trkpt>
      <trkpt lat="52.563807233650735" lon="13.46450050026357">
        <ele>38.3191375631839</ele>
        <time>2025-09-28T10:10:45.502Z</time>
      </trkpt>
      <trkpt lat="52.56373037554798" lon="13.464699054648833">
        <ele>38.142812902480365</ele>
        <time>2025-09-28T10:10:50.338Z</time>
      </trkpt>
      <trkpt lat="52.56367486322702" lon="13.464926635898294">
        <ele>38.066812469810245</ele>
        <time>2025-09-28T10:10:55.402Z</time>
      </trkpt>
      <trkpt lat="52.56361814964528" lon="13.465147965138398">
        <ele>38.277944940701126</ele>
        <time>2025-09-28T10:11:00.328Z</time>
      </trkpt>
      <trkpt lat="52.563576124798935" lon="13.465363199104834">
        <ele>38.06630644146353</ele>
        <time>2025-09-28T10:11:05.417Z</time>
      </trkpt>
      <trkpt lat="52.56350448789311" lon="13.465607523953086">
        <ele>38.35496143829077</ele>
        <time>2025-09-28T10:11:10.570Z</time>
      </trkpt>
      <trkpt lat="52.56345234928863" lon="13.46581286687401">
        <ele>38.130838833749294</ele>
        <time>2025-09-28T10:11:15.542Z</time>
      </trkpt>
      <trkpt lat="52.56340894419565" lon="13.466038716116916">
        <ele>38.083428921736775</ele>
        <time>2025-09-28T10:11:20.468Z</time>
      </trkpt>
      <trkpt lat="52.563356328286964" lon="13.46624305152703">
        <ele>37.91911880373955</ele>
        <time>2025-09-28T10:11:25.551Z</time>
      </trkpt>
      <trkpt lat="52.56329901719387" lon="13.466461724493385">
        <ele>37.97655703071505</ele>
        <time>2025-09-28T10:11:30.579Z</time>
      </trkpt>
      <trkpt lat="52.56323123625453" lon="13.466702357604118">
        <ele>38.02922308202833</ele>
        <time>2025-09-28T10:11:35.559Z</time>
      </trkpt>
      <trkpt lat="52.56318612041001" lon="13.466925596796399">
        <ele>38.25493375211954</ele>
        <time>2025-09-28T10:11:40.618Z</time>
      </trkpt>
      <trkpt lat="52.563130007610106" lon="13.467139684263458">
        <ele>38.28307680469006</ele>
        <time>2025-09-28T10:11:45.523Z</time>
      </trkpt>
      <trkpt lat="52.56307806342675" lon="13.467363747891007">
        <ele>38.15639237947762</ele>
        <time>2025-09-28T10:11:50.516Z</time>
      </trkpt>
      <trkpt lat="52.563020755179906" lon="13.467587381926693">
        <ele>37.997725455835464</ele>
        <time>2025-09-28T10:11:55.566Z</time>
      </trkpt>
      <trkpt lat="52.5629537351962" lon="13.46779144035053">
        <ele>37.72984261680394</ele>
        <time>2025-09-28T10:12:00.465Z</time>
      </trkpt>
      <trkpt lat="52.5628979490637" lon="13.468008514247991">
        <ele>37.74012740869075</ele>
        <time>2025-09-28T10:12:05.407Z</time>
      </trkpt>
      <trkpt lat="52.562855149873386" lon="13.468249699129604">
        <ele>38.36454390026629</ele>
        <time>2025-09-28T10:12:10.608Z</time>
      </trkpt>
      <trkpt lat="52.56280794603172" lon="13.468466070744272">
        <ele>38.070236808806655</ele>
        <time>2025-09-28T10:12:15.616Z</time>
      </trkpt>
      <trkpt lat="52.56274391752814" lon="13.46868987722838">
        <ele>37.893345727026464</ele>
        <time>2025-09-28T10:12:20.734Z</time>
      </trkpt>
      <trkpt lat="52.56267909833298" lon="13.46891047682855">
        <ele>37.936637552268806</ele>
        <time>2025-09-28T10:12:25.825Z</time>
      </trkpt>
      <trkpt lat="52.562641240731246" lon="13.469120159783573">
        <ele>38.11707643996924</ele>
        <time>2025-09-28T10:12:30.729Z</time>
      </trkpt>
      <trkpt lat="52.56257327408478" lon="13.469327165653405">
        <ele>38.22235351242125</ele>
        <time>2025-09-28T10:12:35.643Z</time>
      </trkpt>
      <trkpt lat="52.56249998021558" lon="13.469550649391884">
        <ele>38.28459165375878</ele>
        <time>2025-09-28T10:12:40.574Z</time>
      </trkpt>
      <trkpt lat="52.56242198748794" lon="13.469720276258146">
        <ele>37.60046794816978</ele>
        <time>2025-09-28T10:12:45.476Z</time>
      </trkpt>
      <trkpt lat="52.562302537682875" lon="13.469884958393303">
        <ele>37.68171272989417</ele>
        <time>2025-09-28T10:12:50.589Z</time>
      </trkpt>
      <trkpt lat="52.562199869964594" lon="13.470059984623566">
        <ele>38.1038077395035</ele>
        <time>2025-09-28T10:12:55.724Z</time>
      </trkpt>
      <trkpt lat="52.562111641278456" lon="13.470225817954029">
        <ele>37.79094313967884</ele>
        <time>2025-09-28T10:13:00.755Z</time>
      </trkpt>
      <trkpt lat="52.56202714179544" lon="13.470426910166635">
        <ele>38.11293434016245</ele>
        <time>2025-09-28T10:13:05.820Z</time>
      </trkpt>
      <trkpt lat="52.56191025493399" lon="13.470582171804779">
        <ele>38.12399514849995</ele>
        <time>2025-09-28T10:13:10.775Z</time>
      </trkpt>
      <trkpt lat="52.56181010305068" lon="13.47076003945251">
        <ele>38.25527840297363</ele>
        <time>2025-09-28T10:13:15.691Z</time>
      </trkpt>
      <trkpt lat="52.561729018854074" lon="13.4709420642871">
        <ele>37.94496979578951</ele>
        <time>2025-09-28T10:13:20.735Z</time>
      </trkpt>
      <trkpt lat="52.56161661853019" lon="13.471120321512943">
        <ele>37.73273459363279</ele>
        <time>2025-09-28T10:13:25.723Z</time>
      </trkpt>
      <trkpt lat="52.56150588684526" lon="13.471265398300677">
        <ele>37.70295705180093</ele>
        <time>2025-09-28T10:13:30.674Z</time>
      </trkpt>
      <trkpt lat="52.56143022756479" lon="13.471440350445615">
        <ele>37.65091561015102</ele>
        <time>2025-09-28T10:13:35.608Z</time>
      </trkpt>
      <trkpt lat="52.56130778719926" lon="13.471638264801724">
        <ele>37.77649596448322</ele>
        <time>2025-09-28T10:13:40.602Z</time>
      </trkpt>
      <trkpt lat="52.56120621822251" lon="13.471797548684535">
        <ele>38.03576325788356</ele>
        <time>2025-09-28T10:13:45.548Z</time>
      </trkpt>
      <trkpt lat="52.56111363735171" lon="13.471968432314906">
        <ele>38.257064602217916</ele>
        <time>2025-09-28T10:13:50.660Z</time>
      </trkpt>
      <trkpt lat="52.56103521737544" lon="13.472134497812561">
        <ele>38.013447557194645</ele>
        <time>2025-09-28T10:13:55.658Z</time>
      </trkpt>
      <trkpt lat="52.560932134131306" lon="13.472320460573101">
        <ele>37.95024079038738</ele>
        <time>2025-09-28T10:14:00.772Z</time>
      </trkpt>
      <trkpt lat="52.560830303526345" lon="13.47248927471512">
        <ele>37.82513743567185</ele>
        <time>2025-09-28T10:14:05.652Z</time>
      </trkpt>
      <trkpt lat="52.5607128935017" lon="13.47267583133674">
        <ele>37.68802077411507</ele>
        <time>2025-09-28T10:14:10.650Z</time>
      </trkpt>
      <trkpt lat="52.560632514735175" lon="13.472848595445354">
        <ele>37.65790369014017</ele>
        <time>2025-09-28T10:14:15.712Z</time>
      </trkpt>
      <trkpt lat="52.560526714592726" lon="13.473001806129531">
        <ele>38.089919711636995</ele>
        <time>2025-09-28T10:14:20.711Z</time>
      </trkpt>
      <trkpt lat="52.56043648900129" lon="13.473176626181656">
        <ele>37.62445209594991</ele>
        <time>2025-09-28T10:14:25.707Z</time>
      </trkpt>
      <trkpt lat="52.56031804918531" lon="13.473349971934654">
        <ele>37.50770636706158</ele>
        <time>2025-09-28T10:14:30.559Z</time>
      </trkpt>
      <trkpt lat="52.56022362408161" lon="13.473536508064845">
        <ele>37.85729896514149</ele>
        <time>2025-09-28T10:14:35.629Z</time>
      </trkpt>
      <trkpt lat="52.56011732886121" lon="13.473706050423274">
        <ele>37.873802806682484</ele>
        <time>2025-09-28T10:14:40.543Z</time>
      </trkpt>
      <trkpt lat="52.56001456866155" lon="13.47388311034973">
        <ele>37.96069403121508</ele>
        <time>2025-09-28T10:14:45.587Z</time>
      </trkpt>
      <trkpt lat="52.5599259321479" lon="13.474048733037185">
        <ele>37.57903639702314</ele>
        <time>2025-09-28T10:14:50.418Z</time>
      </trkpt>
      <trkpt lat="52.559822695521426" lon="13.474242312163572">
        <ele>37.61709201654535</ele>
        <time>2025-09-28T10:14:55.517Z</time>
      </trkpt>
      <trkpt lat="52.559730922445716" lon="13.474400640066007">
        <ele>37.57479567093818</ele>
        <time>2025-09-28T10:15:00.435Z</time>
      </trkpt>
      <trkpt lat="52.55963910904405" lon="13.474581226343052">
        <ele>37.85832027109312</ele>
        <time>2025-09-28T10:15:05.514Z</time>
      </trkpt>
      <trkpt lat="52.55953637809991" lon="13.474743546695715">
        <ele>38.1917642285851</ele>
        <time>2025-09-28T10:15:10.658Z</time>
      </trkpt>
      <trkpt lat="52.5594365654548" lon="13.474941038852558">
        <ele>37.85018650470129</ele>
        <time>2025-09-28T10:15:15.637Z</time>
      </trkpt>
      <trkpt lat="52.55932953125656" lon="13.475110116502874">
        <ele>38.029903141239075</ele>
        <time>2025-09-28T10:15:20.567Z</time>
      </trkpt>
      <trkpt lat="52.559231913038964" lon="13.475285554184962">
        <ele>37.42073854220715</ele>
        <time>2025-09-28T10:15:25.525Z</time>
      </trkpt>
      <trkpt lat="52.55913076919039" lon="13.475451847727397">
        <ele>37.65363017344459</ele>
        <time>2025-09-28T10:15:30.421Z</time>
      </trkpt>
      <trkpt lat="52.55903376066699" lon="13.475622523872229">
        <ele>37.463452218822255</ele>
        <time>2025-09-28T10:15:35.352Z</time>
      </trkpt>
      <trkpt lat="52.558929895823816" lon="13.475809217777938">
        <ele>37.74880125531394</ele>
        <time>2025-09-28T10:15:40.259Z</time>
      </trkpt>
      <trkpt lat="52.55883794356333" lon="13.475955943142184">
        <ele>37.67964383700258</ele>
        <time>2025-09-28T10:15:45.196Z</time>
      </trkpt>
      <trkpt lat="52.55874272849136" lon="13.476141489372559">
        <ele>37.46120806087995</ele>
        <time>2025-09-28T10:15:50.264Z</time>
      </trkpt>
      <trkpt lat="52.55864756323777" lon="13.476311345963948">
        <ele>38.14733770420026</ele>
        <time>2025-09-28T10:15:55.286Z</time>
      </trkpt>
      <trkpt lat="52.558531716831965" lon="13.476486578493056">
        <ele>37.801326147440065</ele>
        <time>2025-09-28T10:16:00.140Z</time>
      </trkpt>
      <trkpt lat="52.55843514711653" lon="13.4766756054427">
        <ele>37.45670674935953</ele>
        <time>2025-09-28T10:16:05.006Z</time>
      </trkpt>
      <trkpt lat="52.55834497141349" lon="13.476825367314014">
        <ele>37.812870737919255</ele>
        <time>2025-09-28T10:16:10.076Z</time>
      </trkpt>
      <trkpt lat="52.5582364506239" lon="13.476995516670941">
        <ele>37.45404862643114</ele>
        <time>2025-09-28T10:16:14.935Z</time>
      </trkpt>
      <trkpt lat="52.55815104805516" lon="13.47716982370406">
        <ele>37.42899790317574</ele>
        <time>2025-09-28T10:16:20.081Z</time>
      </trkpt>
      <trkpt lat="52.558031511422975" lon="13.477365228810912">
        <ele>37.41668038048532</ele>
        <time>2025-09-28T10:16:25.195Z</time>
      </trkpt>
      <trkpt lat="52.5579308915396" lon="13.477543698523688">
        <ele>37.556906229896974</ele>
        <time>2025-09-28T10:16:30.274Z</time>
      </trkpt>
      <trkpt lat="52.55785355113231" lon="13.477692484852428">
        <ele>37.425374383671</ele>
        <time>2025-09-28T10:16:35.283Z</time>
      </trkpt>
      <trkpt lat="52.557733439720344" lon="13.477870934302985">
        <ele>37.73716450214852</ele>
        <time>2025-09-28T10:16:40.399Z</time>
      </trkpt>
      <trkpt lat="52.557649586265065" lon="13.478056745717044">
        <ele>37.66366309304184</ele>
        <time>2025-09-28T10:16:45.402Z</time>
      </trkpt>
      <trkpt lat="52.55755560894754" lon="13.478216844324887">
        <ele>37.29400610231185</ele>
        <time>2025-09-28T10:16:50.352Z</time>
      </trkpt>
      <trkpt lat="52.55744722233096" lon="13.47840015029892">
        <ele>37.29139205038797</ele>
        <time>2025-09-28T10:16:55.358Z</time>
      </trkpt>
      <trkpt lat="52.5573593572448" lon="13.478575653090495">
        <ele>37.901373135114</ele>
        <time>2025-09-28T10:17:00.575Z</time>
      </trkpt>
      <trkpt lat="52.55723646187892" lon="13.478760055903628">
        <ele>37.37938923008846</ele>
        <time>2025-09-28T10:17:05.595Z</time>
      </trkpt>
      <trkpt lat="52.55715128536885" lon="13.47892152143977">
        <ele>37.683625060543754</ele>
        <time>2025-09-28T10:17:10.527Z</time>
      </trkpt>
      <trkpt lat="52.55704078656085" lon="13.479103383543592">
        <ele>37.62787021785935</ele>
        <time>2025-09-28T10:17:15.666Z</time>
      </trkpt>
      <trkpt lat="52.55696133767247" lon="13.479280261562248">
        <ele>37.953024205266324</ele>
        <time>2025-09-28T10:17:20.686Z</time>
      </trkpt>
      <trkpt lat="52.556866015779384" lon="13.479448556734361">
        <ele>37.53801955524649</ele>
        <time>2025-09-28T10:17:25.579Z</time>
      </trkpt>
      <trkpt lat="52.556762495721934" lon="13.479607318227798">
        <ele>37.73819550845517</ele>
        <time>2025-09-28T10:17:30.530Z</time>
      </trkpt>
      <trkpt lat="52.556652818251905" lon="13.479777119561275">
        <ele>38.0163426209581</ele>
        <time>2025-09-28T10:17:35.612Z</time>
      </trkpt>
      <trkpt lat="52.556570138439525" lon="13.479961230685355">
        <ele>37.83847747049827</ele>
        <time>2025-09-28T10:17:40.505Z</time>
      </trkpt>
      <trkpt lat="52.55644590993057" lon="13.480136058602557">
        <ele>38.017593045975026</ele>
        <time>2025-09-28T10:17:45.570Z</time>
      </trkpt>
      <trkpt lat="52.55636046556437" lon="13.480303941989186">
        <ele>37.61553069594705</ele>
        <time>2025-09-28T10:17:50.646Z</time>
      </trkpt>
      <trkpt lat="52.55625876758177" lon="13.480474658774849">
        <ele>37.26107799253743</ele>
        <time>2025-09-28T10:17:55.650Z</time>
      </trkpt>
      <trkpt lat="52.556164470507404" lon="13.48065050968327">
        <ele>37.4677047703719</ele>
        <time>2025-09-28T10:18:00.705Z</time>
      </trkpt>
      <trkpt lat="52.55607434641734" lon="13.480824159825794">
        <ele>37.69209605283276</ele>
        <time>2025-09-28T10:18:05.731Z</time>
      </trkpt>
      <trkpt lat="52.55595666643849" lon="13.480993338978147">
        <ele>37.864943382582695</ele>
        <time>2025-09-28T10:18:10.893Z</time>
      </trkpt>
      <trkpt lat="52.55585537986824" lon="13.481184069891615">
        <ele>37.665475816829414</ele>
        <time>2025-09-28T10:18:15.805Z</time>
      </trkpt>
      <trkpt lat="52.55575200635802" lon="13.481361948090527">
        <ele>37.297606582855366</ele>
        <time>2025-09-28T10:18:20.890Z</time>
      </trkpt>
      <trkpt lat="52.55567311554795" lon="13.48152559673091">
        <ele>37.84352637234028</ele>
        <time>2025-09-28T10:18:25.937Z</time>
      </trkpt>
      <trkpt lat="52.55557211496721" lon="13.481694262429542">
        <ele>37.91992179523034</ele>
        <time>2025-09-28T10:18:30.908Z</time>
      </trkpt>
      <trkpt lat="52.555470291107405" lon="13.481874881287332">
        <ele>37.756642845521874</ele>
        <time>2025-09-28T10:18:35.753Z</time>
      </trkpt>
      <trkpt lat="52.5553701954125" lon="13.482030804213057">
        <ele>37.20465648694563</ele>
        <time>2025-09-28T10:18:40.697Z</time>
      </trkpt>
      <trkpt lat="52.5552760164827" lon="13.482223122071687">
        <ele>37.527675173716304</ele>
        <time>2025-09-28T10:18:45.758Z</time>
      </trkpt>
      <trkpt lat="52.555157116411834" lon="13.482386691505726">
        <ele>37.45241625553452</ele>
        <time>2025-09-28T10:18:50.852Z</time>
      </trkpt>
      <trkpt lat="52.55505940436118" lon="13.48255191338423">
        <ele>37.41272978460799</ele>
        <time>2025-09-28T10:18:55.824Z</time>
      </trkpt>
      <trkpt lat="52.55495529239531" lon="13.482729094803888">
        <ele>37.77416921617775</ele>
        <time>2025-09-28T10:19:00.765Z</time>
      </trkpt>
      <trkpt lat="52.554867320374655" lon="13.48290517759549">
        <ele>37.630220337568375</ele>
        <time>2025-09-28T10:19:05.657Z</time>
      </trkpt>
      <trkpt lat="52.55476270331904" lon="13.483074178973894">
        <ele>37.83614798607472</ele>
        <time>2025-09-28T10:19:10.558Z</time>
      </trkpt>
      <trkpt lat="52.55468016657488" lon="13.483265589114534">
        <ele>37.51165451595654</ele>
        <time>2025-09-28T10:19:15.387Z</time>
      </trkpt>
      <trkpt lat="52.55456336311987" lon="13.483423788995992">
        <ele>37.24986551975854</ele>
        <time>2025-09-28T10:19:20.337Z</time>
      </trkpt>
      <trkpt lat="52.554468665170106" lon="13.483601481864921">
        <ele>37.30676099980201</ele>
        <time>2025-09-28T10:19:25.275Z</time>
      </trkpt>
      <trkpt lat="52.55436880885889" lon="13.483776305355066">
        <ele>37.6680734094034</ele>
        <time>2025-09-28T10:19:30.354Z</time>
      </trkpt>
      <trkpt lat="52.55428425578493" lon="13.48396504343747">
        <ele>37.85835804296464</ele>
        <time>2025-09-28T10:19:35.273Z</time>
      </trkpt>
      <trkpt lat="52.55417353959739" lon="13.484125342282416">
        <ele>37.80728412830936</ele>
        <time>2025-09-28T10:19:40.228Z</time>
      </trkpt>
      <trkpt lat="52.55408256825452" lon="13.484307555623563">
        <ele>37.574329862684365</ele>
        <time>2025-09-28T10:19:45.229Z</time>
      </trkpt>
      <trkpt lat="52.55397219341025" lon="13.484469272935677">
        <ele>37.53381782887094</ele>
        <time>2025-09-28T10:19:50.303Z</time>
      </trkpt>
      <trkpt lat="52.55386303939039" lon="13.484647843201394">
        <ele>37.13770470616858</ele>
        <time>2025-09-28T10:19:55.270Z</time>
      </trkpt>
      <trkpt lat="52.55378243368767" lon="13.484835401637643">
        <ele>37.78844788213638</ele>
        <time>2025-09-28T10:20:00.382Z</time>
      </trkpt>
      <trkpt lat="52.55366539217307" lon="13.485007974016872">
        <ele>37.77167839483664</ele>
        <time>2025-09-28T10:20:05.305Z</time>
      </trkpt>
      <trkpt lat="52.5535916212635" lon="13.48516519679397">
        <ele>37.53975780618611</ele>
        <time>2025-09-28T10:20:10.184Z</time>
      </trkpt>
      <trkpt lat="52.55348013044208" lon="13.485343137977004">
        <ele>37.50053920881054</ele>
        <time>2025-09-28T10:20:15.268Z</time>
      </trkpt>
      <trkpt lat="52.55338011980192" lon="13.485512059847023">
        <ele>37.452310337285475</ele>
        <time>2025-09-28T10:20:20.211Z</time>
      </trkpt>
      <trkpt lat="52.5532895304252" lon="13.485690864214734">
        <ele>37.04469371912087</ele>
        <time>2025-09-28T10:20:25.177Z</time>
      </trkpt>
      <trkpt lat="52.553196559344634" lon="13.485872732415336">
        <ele>37.23459084761274</ele>
        <time>2025-09-28T10:20:30.238Z</time>
      </trkpt>
      <trkpt lat="52.553071497899715" lon="13.486031765889559">
        <ele>37.05814144772351</ele>
        <time>2025-09-28T10:20:35.186Z</time>
      </trkpt>
      <trkpt lat="52.55297992868629" lon="13.486223401024224">
        <ele>37.62884447634953</ele>
        <time>2025-09-28T10:20:40.280Z</time>
      </trkpt>
      <trkpt lat="52.552886214503886" lon="13.486390423363057">
        <ele>37.54440763831799</ele>
        <time>2025-09-28T10:20:45.127Z</time>
      </trkpt>
      <trkpt lat="52.55279053380346" lon="13.486554664256355">
        <ele>37.598692645957996</ele>
        <time>2025-09-28T10:20:50.102Z</time>
      </trkpt>
      <trkpt lat="52.55267902507124" lon="13.486721859125064">
        <ele>37.14202722311536</ele>
        <time>2025-09-28T10:20:54.958Z</time>
      </trkpt>
      <trkpt lat="52.55259715673281" lon="13.48691024618195">
        <ele>37.19086858120261</ele>
        <time>2025-09-28T10:21:00.097Z</time>
      </trkpt>
      <trkpt lat="52.55250025914599" lon="13.487091220684922">
        <ele>37.548077337112275</ele>
        <time>2025-09-28T10:21:05.076Z</time>
      </trkpt>
      <trkpt lat="52.55237467825325" lon="13.487269067648723">
        <ele>37.410087511281695</ele>
        <time>2025-09-28T10:21:10.096Z</time>
      </trkpt>
      <trkpt lat="52.552303017879744" lon="13.48743521173092">
        <ele>37.45757694661846</ele>
        <time>2025-09-28T10:21:15.174Z</time>
      </trkpt>
      <trkpt lat="52.55218761788555" lon="13.487588739627943">
        <ele>37.61421004999586</ele>
        <time>2025-09-28T10:21:20.202Z</time>
      </trkpt>
      <trkpt lat="52.55208783656629" lon="13.487784035265877">
        <ele>36.98710768420334</ele>
        <time>2025-09-28T10:21:25.050Z</time>
      </trkpt>
      <trkpt lat="52.551984562782856" lon="13.487944039962278">
        <ele>37.01270875711006</ele>
        <time>2025-09-28T10:21:30.183Z</time>
      </trkpt>
      <trkpt lat="52.55189632444023" lon="13.488129745287013">
        <ele>37.46177895326108</ele>
        <time>2025-09-28T10:21:35.191Z</time>
      </trkpt>
      <trkpt lat="52.55178206476598" lon="13.488292627821691">
        <ele>37.29416545338797</ele>
        <time>2025-09-28T10:21:40.221Z</time>
      </trkpt>
      <trkpt lat="52.55169896516014" lon="13.488454737294694">
        <ele>37.0231076603735</ele>
        <time>2025-09-28T10:21:45.036Z</time>
      </trkpt>
      <trkpt lat="52.55158897111378" lon="13.488634041352206">
        <ele>37.03809666905276</ele>
        <time>2025-09-28T10:21:50.020Z</time>
      </trkpt>
      <trkpt lat="52.55151068573507" lon="13.48881837509983">
        <ele>37.51834757368664</ele>
        <time>2025-09-28T10:21:55.228Z</time>
      </trkpt>
      <trkpt lat="52.55138631332392" lon="13.488992397952854">
        <ele>37.08840914234099</ele>
        <time>2025-09-28T10:22:00.148Z</time>
      </trkpt>
      <trkpt lat="52.55129492471138" lon="13.48915723987207">
        <ele>37.15364662099138</ele>
        <time>2025-09-28T10:22:05.229Z</time>
      </trkpt>
      <trkpt lat="52.551199853684885" lon="13.489334162079981">
        <ele>37.12559409997793</ele>
        <time>2025-09-28T10:22:10.262Z</time>
      </trkpt>
      <trkpt lat="52.55110630088806" lon="13.489517900307852">
        <ele>37.136585896940126</ele>
        <time>2025-09-28T10:22:15.335Z</time>
      </trkpt>
      <trkpt lat="52.55101409265212" lon="13.489672245235795">
        <ele>36.91648940596021</ele>
        <time>2025-09-28T10:22:20.285Z</time>
      </trkpt>
      <trkpt lat="52.550893962039915" lon="13.489854518143789">
        <ele>37.36812084498966</ele>
        <time>2025-09-28T10:22:25.483Z</time>
      </trkpt>
      <trkpt lat="52.55080747782931" lon="13.49001825140776">
        <ele>37.63831668633116</ele>
        <time>2025-09-28T10:22:30.563Z</time>
      </trkpt>
      <trkpt lat="52.55069164582901" lon="13.49020827435153">
        <ele>37.517234443118866</ele>
        <time>2025-09-28T10:22:35.657Z</time>
      </trkpt>
      <trkpt lat="52.55060904743753" lon="13.490375669453861">
        <ele>37.3945015060802</ele>
        <time>2025-09-28T10:22:40.622Z</time>
      </trkpt>
      <trkpt lat="52.55050604771581" lon="13.490566925733914">
        <ele>37.238859012935805</ele>
        <time>2025-09-28T10:22:45.619Z</time>
      </trkpt>
      <trkpt lat="52.550405284365695" lon="13.490718514251473">
        <ele>37.49144504419319</ele>
        <time>2025-09-28T10:22:50.726Z</time>
      </trkpt>
      <trkpt lat="52.550293509347085" lon="13.490886144821708">
        <ele>37.400150328936974</ele>
        <time>2025-09-28T10:22:55.683Z</time>
      </trkpt>
      <trkpt lat="52.550196601469594" lon="13.4910873378311">
        <ele>37.604946552949215</ele>
        <time>2025-09-28T10:23:00.632Z</time>
      </trkpt>
      <trkpt lat="52.55011602953133" lon="13.491257507123539">
        <ele>37.416127580316214</ele>
        <time>2025-09-28T10:23:05.477Z</time>
      </trkpt>
      <trkpt lat="52.54999592843031" lon="13.491409580877008">
        <ele>36.860834678285435</ele>
        <time>2025-09-28T10:23:10.324Z</time>
      </trkpt>
      <trkpt lat="52.54991699761472" lon="13.491600111899164">
        <ele>37.162890221126275</ele>
        <time>2025-09-28T10:23:15.276Z</time>
      </trkpt>
      <trkpt lat="52.54981849127024" lon="13.491781827289714">
        <ele>37.55149423411406</ele>
        <time>2025-09-28T10:23:20.312Z</time>
      </trkpt>
      <trkpt lat="52.549717660436045" lon="13.49194103895592">
        <ele>37.340727505071406</ele>
        <time>2025-09-28T10:23:25.237Z</time>
      </trkpt>
      <trkpt lat="52.54962193643449" lon="13.492106377165323">
        <ele>37.32849319121015</ele>
        <time>2025-09-28T10:23:30.338Z</time>
      </trkpt>
      <trkpt lat="52.54950045636127" lon="13.492280613107122">
        <ele>37.47739214247167</ele>
        <time>2025-09-28T10:23:35.260Z</time>
      </trkpt>
      <trkpt lat="52.549403489349906" lon="13.492467616211858">
        <ele>36.954405472185485</ele>
        <time>2025-09-28T10:23:40.244Z</time>
      </trkpt>
      <trkpt lat="52.54931307197995" lon="13.492625743531493">
        <ele>37.25539214635197</ele>
        <time>2025-09-28T10:23:45.425Z</time>
      </trkpt>
      <trkpt lat="52.54922259328084" lon="13.49282419068352">
        <ele>37.231741415502945</ele>
        <time>2025-09-28T10:23:50.506Z</time>
      </trkpt>
      <trkpt lat="52.54911090174718" lon="13.49297723710411">
        <ele>37.23105445792684</ele>
        <time>2025-09-28T10:23:55.372Z</time>
      </trkpt>
      <trkpt lat="52.54900564060374" lon="13.493150386684375">
        <ele>37.45051875749317</ele>
        <time>2025-09-28T10:24:00.304Z</time>
      </trkpt>
      <trkpt lat="52.548921848259724" lon="13.4933281664231">
        <ele>36.910710207685966</ele>
        <time>2025-09-28T10:24:05.287Z</time>
      </trkpt>
      <trkpt lat="52.548826502953986" lon="13.493491140826444">
        <ele>36.74611027096899</ele>
        <time>2025-09-28T10:24:10.298Z</time>
      </trkpt>
      <trkpt lat="52.54872879016352" lon="13.493673380203948">
        <ele>36.90692691130061</ele>
        <time>2025-09-28T10:24:15.239Z</time>
      </trkpt>
      <trkpt lat="52.54861716067574" lon="13.493863021347673">
        <ele>37.188867843238484</ele>
        <time>2025-09-28T10:24:20.267Z</time>
      </trkpt>
      <trkpt lat="52.548521494484234" lon="13.49402240062309">
        <ele>37.19255701286072</ele>
        <time>2025-09-28T10:24:25.145Z</time>
      </trkpt>
      <trkpt lat="52.548420232360016" lon="13.49420039345581">
        <ele>37.04781543755185</ele>
        <time>2025-09-28T10:24:30.199Z</time>
      </trkpt>
      <trkpt lat="52.5483261953949" lon="13.494366385934327">
        <ele>36.88607067172556</ele>
        <time>2025-09-28T10:24:35.070Z</time>
      </trkpt>
      <trkpt lat="52.548227392546124" lon="13.494536435899686">
        <ele>36.99647041388856</ele>
        <time>2025-09-28T10:24:40.124Z</time>
      </trkpt>
      <trkpt lat="52.54810858533791" lon="13.494710466018592">
        <ele>36.789427240649204</ele>
        <time>2025-09-28T10:24:45.117Z</time>
      </trkpt>
      <trkpt lat="52.54801486615279" lon="13.49490472083467">
        <ele>36.85787112341187</ele>
        <time>2025-09-28T10:24:50.150Z</time>
      </trkpt>
      <trkpt lat="52.54791239716453" lon="13.495067015674408">
        <ele>36.70972522620896</ele>
        <time>2025-09-28T10:24:55.250Z</time>
      </trkpt>
      <trkpt lat="52.54783232746334" lon="13.495253823439032">
        <ele>36.84676890824702</ele>
        <time>2025-09-28T10:25:00.226Z</time>
      </trkpt>
      <trkpt lat="52.5477222427475" lon="13.495409110193064">
        <ele>36.737210971458694</ele>
        <time>2025-09-28T10:25:05.095Z</time>
      </trkpt>
      <trkpt lat="52.54761848900852" lon="13.495578210362146">
        <ele>37.030519983625126</ele>
        <time>2025-09-28T10:25:10.005Z</time>
      </trkpt>
      <trkpt lat="52.547519520308725" lon="13.495773064208459">
        <ele>37.015572178368764</ele>
        <time>2025-09-28T10:25:14.996Z</time>
      </trkpt>
      <trkpt lat="52.54741995275048" lon="13.495942956550397">
        <ele>36.86698714599437</ele>
        <time>2025-09-28T10:25:19.901Z</time>
      </trkpt>
      <trkpt lat="52.54731752510848" lon="13.496110288086268">
        <ele>37.334826605621515</ele>
        <time>2025-09-28T10:25:24.995Z</time>
      </trkpt>
      <trkpt lat="52.54723323608324" lon="13.496269367250322">
        <ele>36.719838985207495</ele>
        <time>2025-09-28T10:25:30.010Z</time>
      </trkpt>
      <trkpt lat="52.547123737332775" lon="13.49644625137586">
        <ele>36.91632713459639</ele>
        <time>2025-09-28T10:25:35.046Z</time>
      </trkpt>
      <trkpt lat="52.547030381003125" lon="13.496634550215546">
        <ele>36.64521097131209</ele>
        <time>2025-09-28T10:25:39.934Z</time>
      </trkpt>
      <trkpt lat="52.54694124668502" lon="13.49681733996394">
        <ele>37.05467668410454</ele>
        <time>2025-09-28T10:25:44.993Z</time>
      </trkpt>
      <trkpt lat="52.546834767369845" lon="13.496973641235378">
        <ele>36.92580818891517</ele>
        <time>2025-09-28T10:25:49.933Z</time>
      </trkpt>
      <trkpt lat="52.54674216319692" lon="13.497143560097426">
        <ele>36.82216041605839</ele>
        <time>2025-09-28T10:25:54.908Z</time>
      </trkpt>
      <trkpt lat="52.546625110727156" lon="13.497317123062526">
        <ele>36.725236513911156</ele>
        <time>2025-09-28T10:25:59.768Z</time>
      </trkpt>
      <trkpt lat="52.54652569307165" lon="13.497480143700383">
        <ele>37.25652904188629</ele>
        <time>2025-09-28T10:26:04.798Z</time>
      </trkpt>
      <trkpt lat="52.54640009149024" lon="13.497628466420828">
        <ele>36.97538485790136</ele>
        <time>2025-09-28T10:26:09.723Z</time>
      </trkpt>
      <trkpt lat="52.54629556754114" lon="13.497742746570665">
        <ele>36.665174700977296</ele>
        <time>2025-09-28T10:26:14.730Z</time>
      </trkpt>
      <trkpt lat="52.54616786522182" lon="13.497866124784194">
        <ele>37.32118551823036</ele>
        <time>2025-09-28T10:26:19.756Z</time>
      </trkpt>
      <trkpt lat="52.546027458525415" lon="13.497982375567158">
        <ele>37.126495386537236</ele>
        <time>2025-09-28T10:26:24.590Z</time>
      </trkpt>
      <trkpt lat="52.54590003913074" lon="13.498114628854541">
        <ele>37.082984443520296</ele>
        <time>2025-09-28T10:26:29.659Z</time>
      </trkpt>
      <trkpt lat="52.545785562418125" lon="13.498225449582804">
        <ele>36.87298804058706</ele>
        <time>2025-09-28T10:26:34.667Z</time>
      </trkpt>
      <trkpt lat="52.54565438491908" lon="13.498361752694489">
        <ele>36.90091975956333</ele>
        <time>2025-09-28T10:26:39.621Z</time>
      </trkpt>
      <trkpt lat="52.54553323613886" lon="13.498493723269574">
        <ele>36.95467338468153</ele>
        <time>2025-09-28T10:26:44.578Z</time>
      </trkpt>
      <trkpt lat="52.545430703870736" lon="13.498611232685896">
        <ele>37.271872441911356</ele>
        <time>2025-09-28T10:26:49.708Z</time>
      </trkpt>
      <trkpt lat="52.545279163039936" lon="13.49874244933828">
        <ele>36.766776945958156</ele>
        <time>2025-09-28T10:26:54.603Z</time>
      </trkpt>
      <trkpt lat="52.54516728328862" lon="13.498868342620765">
        <ele>36.687183138761</ele>
        <time>2025-09-28T10:26:59.518Z</time>
      </trkpt>
      <trkpt lat="52.54503676772595" lon="13.498982056458859">
        <ele>37.05793548237189</ele>
        <time>2025-09-28T10:27:04.456Z</time>
      </trkpt>
      <trkpt lat="52.544922393635225" lon="13.499108488907881">
        <ele>36.53457754626623</ele>
        <time>2025-09-28T10:27:09.435Z</time>
      </trkpt>
      <trkpt lat="52.544810539309616" lon="13.499227352746665">
        <ele>37.01929787888972</ele>
        <time>2025-09-28T10:27:14.553Z</time>
      </trkpt>
      <trkpt lat="52.54468000115244" lon="13.499340878870779">
        <ele>36.703416034914</ele>
        <time>2025-09-28T10:27:19.502Z</time>
      </trkpt>
      <trkpt lat="52.54455093021386" lon="13.499473382200149">
        <ele>37.04613806981634</ele>
        <time>2025-09-28T10:27:24.670Z</time>
      </trkpt>
      <trkpt lat="52.544415587293834" lon="13.49959226069226">
        <ele>37.22940159712123</ele>
        <time>2025-09-28T10:27:29.835Z</time>
      </trkpt>
      <trkpt lat="52.544288920903504" lon="13.499730789290096">
        <ele>36.547986807490226</ele>
        <time>2025-09-28T10:27:34.613Z</time>
      </trkpt>
      <trkpt lat="52.54419427852368" lon="13.499856546702503">
        <ele>37.11027296584428</ele>
        <time>2025-09-28T10:27:39.748Z</time>
      </trkpt>
      <trkpt lat="52.54406624719582" lon="13.499980185500707">
        <ele>36.53121676963247</ele>
        <time>2025-09-28T10:27:44.610Z</time>
      </trkpt>
      <trkpt lat="52.54392315629601" lon="13.50008224635162">
        <ele>36.95372734893633</ele>
        <time>2025-09-28T10:27:49.815Z</time>
      </trkpt>
      <trkpt lat="52.54381144812859" lon="13.50020903375031">
        <ele>36.52519144800176</ele>
        <time>2025-09-28T10:27:54.702Z</time>
      </trkpt>
      <trkpt lat="52.54368047392842" lon="13.500342565490177">
        <ele>36.91031172704664</ele>
        <time>2025-09-28T10:27:59.623Z</time>
      </trkpt>
      <trkpt lat="52.5435725646565" lon="13.500448238303985">
        <ele>36.86426297378603</ele>
        <time>2025-09-28T10:28:04.750Z</time>
      </trkpt>
      <trkpt lat="52.54344522128939" lon="13.500571406146175">
        <ele>36.58973977767835</ele>
        <time>2025-09-28T10:28:09.620Z</time>
      </trkpt>
      <trkpt lat="52.54330615196468" lon="13.500700302331412">
        <ele>36.79351126109319</ele>
        <time>2025-09-28T10:28:14.708Z</time>
      </trkpt>
      <trkpt lat="52.5431798518518" lon="13.500836370975987">
        <ele>36.64701324266546</ele>
        <time>2025-09-28T10:28:19.577Z</time>
      </trkpt>
      <trkpt lat="52.54307226595711" lon="13.500953402447479">
        <ele>36.45823552870452</ele>
        <time>2025-09-28T10:28:24.654Z</time>
      </trkpt>
      <trkpt lat="52.54295078565496" lon="13.501080140707918">
        <ele>36.69895932888037</ele>
        <time>2025-09-28T10:28:29.783Z</time>
      </trkpt>
      <trkpt lat="52.54282071885289" lon="13.50120270669265">
        <ele>37.189902001223395</ele>
        <time>2025-09-28T10:28:34.960Z</time>
      </trkpt>
      <trkpt lat="52.542683237411275" lon="13.501319285728119">
        <ele>36.78369590328623</ele>
        <time>2025-09-28T10:28:39.766Z</time>
      </trkpt>
      <trkpt lat="52.54255705817574" lon="13.50143993868607">
        <ele>36.5865961003461</ele>
        <time>2025-09-28T10:28:44.675Z</time>
      </trkpt>
      <trkpt lat="52.54244432697752" lon="13.501568127087632">
        <ele>37.07769704965683</ele>
        <time>2025-09-28T10:28:49.708Z</time>
      </trkpt>
      <trkpt lat="52.542308819383024" lon="13.501713595335852">
        <ele>37.02852413756677</ele>
        <time>2025-09-28T10:28:54.810Z</time>
      </trkpt>
      <trkpt lat="52.54219004830787" lon="13.501815978748342">
        <ele>37.052173388171944</ele>
        <time>2025-09-28T10:28:59.804Z</time>
      </trkpt>
      <trkpt lat="52.542065947420014" lon="13.501942787033672">
        <ele>36.70996765704922</ele>
        <time>2025-09-28T10:29:04.753Z</time>
      </trkpt>
      <trkpt lat="52.541942498494485" lon="13.502069674079745">
        <ele>37.15088999768911</ele>
        <time>2025-09-28T10:29:09.911Z</time>
      </trkpt>
      <trkpt lat="52.5418265062964" lon="13.502192491858722">
        <ele>36.98690815961277</ele>
        <time>2025-09-28T10:29:15.030Z</time>
      </trkpt>
      <trkpt lat="52.54170134357656" lon="13.502317842827201">
        <ele>36.84810033562046</ele>
        <time>2025-09-28T10:29:19.944Z</time>
      </trkpt>
      <trkpt lat="52.54156656162585" lon="13.502440707253193">
        <ele>36.9146653955664</ele>
        <time>2025-09-28T10:29:24.837Z</time>
      </trkpt>
      <trkpt lat="52.541454125518314" lon="13.502552114752838">
        <ele>36.6480437877273</ele>
        <time>2025-09-28T10:29:29.796Z</time>
      </trkpt>
      <trkpt lat="52.5413203837883" lon="13.502696235214817">
        <ele>36.91913008424194</ele>
        <time>2025-09-28T10:29:34.803Z</time>
      </trkpt>
      <trkpt lat="52.54120172263261" lon="13.502816362821921">
        <ele>36.479729940209765</ele>
        <time>2025-09-28T10:29:39.757Z</time>
      </trkpt>
      <trkpt lat="52.541079476979185" lon="13.502948613751363">
        <ele>36.91735125734403</ele>
        <time>2025-09-28T10:29:44.940Z</time>
      </trkpt>
      <trkpt lat="52.54095426672583" lon="13.503073316048724">
        <ele>36.45486073064646</ele>
        <time>2025-09-28T10:29:49.920Z</time>
      </trkpt>
      <trkpt lat="52.54084718022404" lon="13.503179684396725">
        <ele>36.751040824196615</ele>
        <time>2025-09-28T10:29:55.111Z</time>
      </trkpt>
      <trkpt lat="52.54071835346488" lon="13.503309779569562">
        <ele>36.81556717059795</ele>
        <time>2025-09-28T10:30:00.089Z</time>
      </trkpt>
      <trkpt lat="52.54059715211021" lon="13.503441493964358">
        <ele>36.38847241181265</ele>
        <time>2025-09-28T10:30:05.070Z</time>
      </trkpt>
      <trkpt lat="52.54045298456539" lon="13.503566648748452">
        <ele>36.411178477215046</ele>
        <time>2025-09-28T10:30:10.042Z</time>
      </trkpt>
      <trkpt lat="52.540339639556144" lon="13.503666045899877">
        <ele>37.071129675950345</ele>
        <time>2025-09-28T10:30:15.284Z</time>
      </trkpt>
      <trkpt lat="52.54022637659577" lon="13.503818422232056">
        <ele>36.73081630736262</ele>
        <time>2025-09-28T10:30:20.179Z</time>
      </trkpt>
      <trkpt lat="52.54010167054471" lon="13.503931242562619">
        <ele>36.3922839585296</ele>
        <time>2025-09-28T10:30:25.103Z</time>
      </trkpt>
      <trkpt lat="52.53997757291639" lon="13.504063639051227">
        <ele>36.61657122079148</ele>
        <time>2025-09-28T10:30:30.145Z</time>
      </trkpt>
      <trkpt lat="52.539849219316075" lon="13.504185012135625">
        <ele>36.36327219840099</ele>
        <time>2025-09-28T10:30:35.123Z</time>
      </trkpt>
      <trkpt lat="52.539731420398134" lon="13.504286937163116">
        <ele>37.04627911206391</ele>
        <time>2025-09-28T10:30:40.219Z</time>
      </trkpt>
      <trkpt lat="52.53958542875126" lon="13.504431197428449">
        <ele>36.66520886019024</ele>
        <time>2025-09-28T10:30:45.300Z</time>
      </trkpt>
      <trkpt lat="52.53947280636147" lon="13.504538311863056">
        <ele>36.37953432776282</ele>
        <time>2025-09-28T10:30:50.292Z</time>
      </trkpt>
      <trkpt lat="52.53936158592218" lon="13.504671254263558">
        <ele>36.31562395099894</ele>
        <time>2025-09-28T10:30:55.233Z</time>
      </trkpt>
      <trkpt lat="52.53921604097146" lon="13.50480512005099">
        <ele>36.56333696611665</ele>
        <time>2025-09-28T10:31:00.293Z</time>
      </trkpt>
      <trkpt lat="52.53910066227951" lon="13.504918124088421">
        <ele>36.86317170952051</ele>
        <time>2025-09-28T10:31:05.291Z</time>
      </trkpt>
      <trkpt lat="52.538971132201766" lon="13.505042994845342">
        <ele>36.57036051143592</ele>
        <time>2025-09-28T10:31:10.183Z</time>
      </trkpt>
      <trkpt lat="52.53884470913015" lon="13.505173170119132">
        <ele>36.80822762639058</ele>
        <time>2025-09-28T10:31:15.111Z</time>
      </trkpt>
      <trkpt lat="52.53874199035928" lon="13.505280779265252">
        <ele>36.605350827843736</ele>
        <time>2025-09-28T10:31:19.991Z</time>
      </trkpt>
      <trkpt lat="52.5386083334412" lon="13.50542749729646">
        <ele>36.5301118812802</ele>
        <time>2025-09-28T10:31:24.834Z</time>
      </trkpt>
      <trkpt lat="52.53848910686532" lon="13.505531532210124">
        <ele>36.87705583387139</ele>
        <time>2025-09-28T10:31:29.893Z</time>
      </trkpt>
      <trkpt lat="52.53836497842854" lon="13.505649176256714">
        <ele>36.45910692856827</ele>
        <time>2025-09-28T10:31:34.818Z</time>
      </trkpt>
      <trkpt lat="52.53824268232236" lon="13.505774250899893">
        <ele>36.46883393709824</ele>
        <time>2025-09-28T10:31:39.958Z</time>
      </trkpt>
      <trkpt lat="52.53810907334353" lon="13.505896659959474">
        <ele>36.71042461493425</ele>
        <time>2025-09-28T10:31:45.107Z</time>
      </trkpt>
      <trkpt lat="52.53799232951291" lon="13.506026434593185">
        <ele>36.63836484992413</ele>
        <time>2025-09-28T10:31:49.954Z</time>
      </trkpt>
      <trkpt lat="52.5378777241629" lon="13.506170465298538">
        <ele>36.85920721741026</ele>
        <time>2025-09-28T10:31:54.894Z</time>
      </trkpt>
      <trkpt lat="52.53775280931826" lon="13.506266979426853">
        <ele>36.9166269062991</ele>
        <time>2025-09-28T10:31:59.782Z</time>
      </trkpt>
      <trkpt lat="52.5376061181216" lon="13.506404146088936">
        <ele>36.70885314771729</ele>
        <time>2025-09-28T10:32:04.792Z</time>
      </trkpt>
      <trkpt lat="52.53750702570111" lon="13.506526638563297">
        <ele>36.698725524786056</ele>
        <time>2025-09-28T10:32:09.716Z</time>
      </trkpt>
      <trkpt lat="52.537358394720215" lon="13.506660145713992">
        <ele>36.42851763529718</ele>
        <time>2025-09-28T10:32:14.569Z</time>
      </trkpt>
      <trkpt lat="52.53725502455155" lon="13.506760307209706">
        <ele>36.348298542034996</ele>
        <time>2025-09-28T10:32:19.484Z</time>
      </trkpt>
      <trkpt lat="52.53712581006651" lon="13.506885776294139">
        <ele>36.38542026439889</ele>
        <time>2025-09-28T10:32:24.405Z</time>
      </trkpt>
      <trkpt lat="52.53700979996488" lon="13.507023216061148">
        <ele>36.33636833092501</ele>
        <time>2025-09-28T10:32:29.397Z</time>
      </trkpt>
      <trkpt lat="52.53686495260266" lon="13.50715649412509">
        <ele>36.53948806791034</ele>
        <time>2025-09-28T10:32:34.482Z</time>
      </trkpt>
      <trkpt lat="52.53674598236397" lon="13.507259989395813">
        <ele>36.289614554443695</ele>
        <time>2025-09-28T10:32:39.395Z</time>
      </trkpt>
      <trkpt lat="52.53661587966485" lon="13.507391701830816">
        <ele>36.69465610238383</ele>
        <time>2025-09-28T10:32:44.340Z</time>
      </trkpt>
      <trkpt lat="52.53649908902074" lon="13.507524271551038">
        <ele>36.785716542142794</ele>
        <time>2025-09-28T10:32:49.480Z</time>
      </trkpt>
      <trkpt lat="52.53639626057856" lon="13.507642748100759">
        <ele>36.12658885269278</ele>
        <time>2025-09-28T10:32:54.404Z</time>
      </trkpt>
      <trkpt lat="52.53625924683312" lon="13.507762128518744">
        <ele>36.79643689922005</ele>
        <time>2025-09-28T10:32:59.532Z</time>
      </trkpt>
      <trkpt lat="52.536134421724576" lon="13.507900786441622">
        <ele>36.3706360172019</ele>
        <time>2025-09-28T10:33:04.577Z</time>
      </trkpt>
      <trkpt lat="52.53600356537301" lon="13.50800359939051">
        <ele>36.34882979973359</ele>
        <time>2025-09-28T10:33:09.652Z</time>
      </trkpt>
      <trkpt lat="52.53588750631819" lon="13.508149148028918">
        <ele>36.30168045453031</ele>
        <time>2025-09-28T10:33:14.737Z</time>
      </trkpt>
      <trkpt lat="52.53575665331487" lon="13.508252856609335">
        <ele>36.739377626956966</ele>
        <time>2025-09-28T10:33:19.924Z</time>
      </trkpt>
      <trkpt lat="52.5356262498781" lon="13.508379007982876">
        <ele>36.64890083938333</ele>
        <time>2025-09-28T10:33:24.848Z</time>
      </trkpt>
      <trkpt lat="52.535530058822665" lon="13.50849572291912">
        <ele>36.33971803407708</ele>
        <time>2025-09-28T10:33:29.826Z</time>
      </trkpt>
      <trkpt lat="52.53539726048131" lon="13.508622195664161">
        <ele>36.67857751682089</ele>
        <time>2025-09-28T10:33:34.951Z</time>
      </trkpt>
      <trkpt lat="52.53525579732825" lon="13.508764879539827">
        <ele>36.30312027457886</ele>
        <time>2025-09-28T10:33:39.923Z</time>
      </trkpt>
      <trkpt lat="52.53515823795241" lon="13.508891103222943">
        <ele>36.59743922203659</ele>
        <time>2025-09-28T10:33:45.084Z</time>
      </trkpt>
      <trkpt lat="52.535024550583465" lon="13.508991295240179">
        <ele>36.81723008647537</ele>
        <time>2025-09-28T10:33:50.211Z</time>
      </trkpt>
      <trkpt lat="52.53489952849743" lon="13.509136699946826">
        <ele>36.27579987268966</ele>
        <time>2025-09-28T10:33:55.149Z</time>
      </trkpt>
      <trkpt lat="52.53476741277671" lon="13.509251255965275">
        <ele>36.65468258489091</ele>
        <time>2025-09-28T10:34:00.076Z</time>
      </trkpt>
      <trkpt lat="52.53465730610342" lon="13.509384454993938">
        <ele>36.10812049575413</ele>
        <time>2025-09-28T10:34:05.018Z</time>
      </trkpt>
      <trkpt lat="52.53453831293391" lon="13.509498019002594">
        <ele>36.77362465672554</ele>
        <time>2025-09-28T10:34:10.039Z</time>
      </trkpt>
      <trkpt lat="52.53440258511143" lon="13.509627946981716">
        <ele>36.66659860432603</ele>
        <time>2025-09-28T10:34:14.891Z</time>
      </trkpt>
      <trkpt lat="52.534285840443644" lon="13.509752374930242">
        <ele>36.4627285174708</ele>
        <time>2025-09-28T10:34:19.808Z</time>
      </trkpt>
      <trkpt lat="52.53416663311348" lon="13.509866175070304">
        <ele>36.54368526101759</ele>
        <time>2025-09-28T10:34:24.871Z</time>
      </trkpt>
      <trkpt lat="52.534018415557895" lon="13.510005557191313">
        <ele>36.572067933835065</ele>
        <time>2025-09-28T10:34:29.768Z</time>
      </trkpt>
      <trkpt lat="52.53392015237681" lon="13.510112909076463">
        <ele>36.36817628779356</ele>
        <time>2025-09-28T10:34:34.864Z</time>
      </trkpt>
      <trkpt lat="52.53376995958888" lon="13.510236000508009">
        <ele>36.10690914102833</ele>
        <time>2025-09-28T10:34:39.779Z</time>
      </trkpt>
      <trkpt lat="52.53364556755839" lon="13.510363848715215">
        <ele>36.590622509057695</ele>
        <time>2025-09-28T10:34:44.772Z</time>
      </trkpt>
      <trkpt lat="52.533542126114405" lon="13.510481452675402">
        <ele>36.064423014830886</ele>
        <time>2025-09-28T10:34:49.783Z</time>
      </trkpt>
      <trkpt lat="52.533423022689384" lon="13.510621909747083">
        <ele>36.3097559257719</ele>
        <time>2025-09-28T10:34:54.730Z</time>
      </trkpt>
      <trkpt lat="52.53328876384915" lon="13.510743005213866">
        <ele>36.333852887353075</ele>
        <time>2025-09-28T10:34:59.874Z</time>
      </trkpt>
      <trkpt lat="52.53316212806472" lon="13.510868342735353">
        <ele>36.23998403856083</ele>
        <time>2025-09-28T10:35:04.762Z</time>
      </trkpt>
      <trkpt lat="52.53303161017707" lon="13.510992815897973">
        <ele>36.2364942496421</ele>
        <time>2025-09-28T10:35:09.773Z</time>
      </trkpt>
      <trkpt lat="52.532902737021026" lon="13.511121686638448">
        <ele>36.22792890952644</ele>
        <time>2025-09-28T10:35:14.885Z</time>
      </trkpt>
      <trkpt lat="52.5327779854036" lon="13.511244396096386">
        <ele>35.91581229710791</ele>
        <time>2025-09-28T10:35:19.868Z</time>
      </trkpt>
      <trkpt lat="52.532669183617145" lon="13.511357814421887">
        <ele>35.95360013471852</ele>
        <time>2025-09-28T10:35:24.876Z</time>
      </trkpt>
      <trkpt lat="52.532552860460925" lon="13.511483234443432">
        <ele>36.60348082101004</ele>
        <time>2025-09-28T10:35:29.877Z</time>
      </trkpt>
      <trkpt lat="52.532418199534064" lon="13.511608164293035">
        <ele>36.61283913346134</ele>
        <time>2025-09-28T10:35:34.972Z</time>
      </trkpt>
      <trkpt lat="52.53229021891804" lon="13.511713194950653">
        <ele>36.49603512013554</ele>
        <time>2025-09-28T10:35:40.093Z</time>
      </trkpt>
      <trkpt lat="52.532162983993445" lon="13.511843815611636">
        <ele>36.06472652102208</ele>
        <time>2025-09-28T10:35:45.091Z</time>
      </trkpt>
      <trkpt lat="52.53204112861875" lon="13.511984912693892">
        <ele>36.582154514663344</ele>
        <time>2025-09-28T10:35:50.096Z</time>
      </trkpt>
      <trkpt lat="52.531921731078256" lon="13.51210173105224">
        <ele>36.12818958061327</ele>
        <time>2025-09-28T10:35:54.948Z</time>
      </trkpt>
      <trkpt lat="52.53179745851405" lon="13.512228420138122">
        <ele>35.90713742280985</ele>
        <time>2025-09-28T10:36:00.015Z</time>
      </trkpt>
      <trkpt lat="52.53168767791078" lon="13.512357907126596">
        <ele>36.18359235568675</ele>
        <time>2025-09-28T10:36:04.925Z</time>
      </trkpt>
      <trkpt lat="52.53155449005459" lon="13.51247048982609">
        <ele>36.01554420250335</ele>
        <time>2025-09-28T10:36:10.000Z</time>
      </trkpt>
      <trkpt lat="52.53142532598317" lon="13.512581634035785">
        <ele>36.36098656228707</ele>
        <time>2025-09-28T10:36:15.107Z</time>
      </trkpt>
      <trkpt lat="52.53131671766135" lon="13.512731431742658">
        <ele>36.397308326056816</ele>
        <time>2025-09-28T10:36:20.243Z</time>
      </trkpt>
      <trkpt lat="52.531176787180044" lon="13.512842944979498">
        <ele>36.48034302200346</ele>
        <time>2025-09-28T10:36:25.171Z</time>
      </trkpt>
      <trkpt lat="52.53106818228606" lon="13.512956826735403">
        <ele>35.95238346725022</ele>
        <time>2025-09-28T10:36:30.193Z</time>
      </trkpt>
      <trkpt lat="52.53093985959383" lon="13.513094030700422">
        <ele>36.043865983890115</ele>
        <time>2025-09-28T10:36:35.233Z</time>
      </trkpt>
      <trkpt lat="52.53082342462077" lon="13.513220834127189">
        <ele>36.027491340818585</ele>
        <time>2025-09-28T10:36:40.080Z</time>
      </trkpt>
      <trkpt lat="52.530692941010614" lon="13.513342989641943">
        <ele>36.58412141382302</ele>
        <time>2025-09-28T10:36:45.296Z</time>
      </trkpt>
      <trkpt lat="52.530562857858506" lon="13.513462125756584">
        <ele>36.248455201645214</ele>
        <time>2025-09-28T10:36:50.373Z</time>
      </trkpt>
      <trkpt lat="52.53042903559482" lon="13.51357547418886">
        <ele>36.447225921301026</ele>
        <time>2025-09-28T10:36:55.345Z</time>
      </trkpt>
      <trkpt lat="52.53032248407132" lon="13.513716143685432">
        <ele>36.38414931852266</ele>
        <time>2025-09-28T10:37:00.473Z</time>
      </trkpt>
      <trkpt lat="52.53018407254604" lon="13.513822662573078">
        <ele>36.12799761801949</ele>
        <time>2025-09-28T10:37:05.380Z</time>
      </trkpt>
      <trkpt lat="52.53006957903247" lon="13.51396045718532">
        <ele>35.8033130905786</ele>
        <time>2025-09-28T10:37:10.273Z</time>
      </trkpt>
      <trkpt lat="52.52994023268894" lon="13.514077624162388">
        <ele>35.89999996684675</ele>
        <time>2025-09-28T10:37:15.364Z</time>
      </trkpt>
      <trkpt lat="52.52983137487836" lon="13.514201869876898">
        <ele>36.175315566810774</ele>
        <time>2025-09-28T10:37:20.514Z</time>
      </trkpt>
      <trkpt lat="52.52970599487267" lon="13.514318728042523">
        <ele>35.86148183249312</ele>
        <time>2025-09-28T10:37:25.347Z</time>
      </trkpt>
      <trkpt lat="52.529575673386915" lon="13.514456413292253">
        <ele>35.79464977760338</ele>
        <time>2025-09-28T10:37:30.413Z</time>
      </trkpt>
      <trkpt lat="52.529453316135346" lon="13.51457544701038">
        <ele>36.42034885895074</ele>
        <time>2025-09-28T10:37:35.627Z</time>
      </trkpt>
      <trkpt lat="52.52932720573805" lon="13.5147074550703">
        <ele>35.802943200438385</ele>
        <time>2025-09-28T10:37:40.571Z</time>
      </trkpt>
      <trkpt lat="52.52918913570424" lon="13.514835170287887">
        <ele>36.4047512308584</ele>
        <time>2025-09-28T10:37:45.616Z</time>
      </trkpt>
      <trkpt lat="52.52908537037147" lon="13.514942235708245">
        <ele>35.92824072071274</ele>
        <time>2025-09-28T10:37:50.415Z</time>
      </trkpt>
      <trkpt lat="52.52894582756906" lon="13.515074672588288">
        <ele>36.44560848739948</ele>
        <time>2025-09-28T10:37:55.468Z</time>
      </trkpt>
      <trkpt lat="52.528823813247186" lon="13.51520195876928">
        <ele>36.36815876730832</ele>
        <time>2025-09-28T10:38:00.591Z</time>
      </trkpt>
      <trkpt lat="52.52869746237227" lon="13.515327660493154">
        <ele>36.170752260659135</ele>
        <time>2025-09-28T10:38:05.654Z</time>
      </trkpt>
      <trkpt lat="52.5285760077388" lon="13.515440074696437">
        <ele>36.195705255394145</ele>
        <time>2025-09-28T10:38:10.623Z</time>
      </trkpt>
      <trkpt lat="52.528448654979165" lon="13.515564933016156">
        <ele>36.217638776054905</ele>
        <time>2025-09-28T10:38:15.484Z</time>
      </trkpt>
      <trkpt lat="52.52833289088791" lon="13.515691628145362">
        <ele>36.00497340770006</ele>
        <time>2025-09-28T10:38:20.386Z</time>
      </trkpt>
      <trkpt lat="52.528200298931836" lon="13.51582130115523">
        <ele>35.69531971862203</ele>
        <time>2025-09-28T10:38:25.394Z</time>
      </trkpt>
      <trkpt lat="52.52808543937852" lon="13.515935781736102">
        <ele>35.93171067332608</ele>
        <time>2025-09-28T10:38:30.391Z</time>
      </trkpt>
      <trkpt lat="52.52796686888003" lon="13.51605253228509">
        <ele>36.28593764351536</ele>
        <time>2025-09-28T10:38:35.451Z</time>
      </trkpt>
      <trkpt lat="52.52784844881262" lon="13.516181351552651">
        <ele>35.98360404482062</ele>
        <time>2025-09-28T10:38:40.392Z</time>
      </trkpt>
      <trkpt lat="52.52772948423207" lon="13.516302780685187">
        <ele>35.93184628231498</ele>
        <time>2025-09-28T10:38:45.336Z</time>
      </trkpt>
      <trkpt lat="52.52760852997664" lon="13.516425365197836">
        <ele>35.6911131182141</ele>
        <time>2025-09-28T10:38:50.311Z</time>
      </trkpt>
      <trkpt lat="52.52747255475643" lon="13.516552157716111">
        <ele>35.89949907047913</ele>
        <time>2025-09-28T10:38:55.392Z</time>
      </trkpt>
      <trkpt lat="52.527344909086736" lon="13.516685309797785">
        <ele>36.4325931639444</ele>
        <time>2025-09-28T10:39:00.448Z</time>
      </trkpt>
      <trkpt lat="52.52723474980514" lon="13.516795084093863">
        <ele>35.6666990868604</ele>
        <time>2025-09-28T10:39:05.258Z</time>
      </trkpt>
      <trkpt lat="52.52710567757244" lon="13.516935519470833">
        <ele>36.17829444004749</ele>
        <time>2025-09-28T10:39:10.312Z</time>
      </trkpt>
      <trkpt lat="52.526986182464555" lon="13.517043500613632">
        <ele>36.0355098433296</ele>
        <time>2025-09-28T10:39:15.238Z</time>
      </trkpt>
      <trkpt lat="52.526837537550236" lon="13.517161568734243">
        <ele>36.14592161572325</ele>
        <time>2025-09-28T10:39:20.203Z</time>
      </trkpt>
      <trkpt lat="52.52671952048113" lon="13.517286656163199">
        <ele>36.34873379590804</ele>
        <time>2025-09-28T10:39:25.176Z</time>
      </trkpt>
      <trkpt lat="52.526591529180976" lon="13.517405155707163">
        <ele>36.11572375650496</ele>
        <time>2025-09-28T10:39:30.120Z</time>
      </trkpt>
      <trkpt lat="52.52648176069839" lon="13.517500111409234">
        <ele>35.83147546350956</ele>
        <time>2025-09-28T10:39:35.204Z</time>
      </trkpt>
      <trkpt lat="52.52633055286661" lon="13.517523049596791">
        <ele>36.00521534290165</ele>
        <time>2025-09-28T10:39:40.154Z</time>
      </trkpt>
      <trkpt lat="52.52617790541326" lon="13.517524452205883">
        <ele>35.755214848555624</ele>
        <time>2025-09-28T10:39:45.239Z</time>
      </trkpt>
      <trkpt lat="52.5260347865355" lon="13.517554994145645">
        <ele>36.01048174425959</ele>
        <time>2025-09-28T10:39:50.391Z</time>
      </trkpt>
      <trkpt lat="52.52589339772443" lon="13.517582355001599">
        <ele>35.83693647123873</ele>
        <time>2025-09-28T10:39:55.454Z</time>
      </trkpt>
      <trkpt lat="52.52576064423624" lon="13.51761743519616">
        <ele>35.76225780658424</ele>
        <time>2025-09-28T10:40:00.404Z</time>
      </trkpt>
      <trkpt lat="52.525609593320304" lon="13.517632123644011">
        <ele>36.12751221824438</ele>
        <time>2025-09-28T10:40:05.397Z</time>
      </trkpt>
      <trkpt lat="52.52544748492598" lon="13.517655500373142">
        <ele>35.97045699488372</ele>
        <time>2025-09-28T10:40:10.447Z</time>
      </trkpt>
      <trkpt lat="52.525325753188866" lon="13.517690522901717">
        <ele>36.360889967158435</ele>
        <time>2025-09-28T10:40:15.655Z</time>
      </trkpt>
      <trkpt lat="52.52517147811099" lon="13.517697368395243">
        <ele>36.08839948885143</ele>
        <time>2025-09-28T10:40:20.506Z</time>
      </trkpt>
      <trkpt lat="52.525023820202854" lon="13.517742933017264">
        <ele>36.38028531596065</ele>
        <time>2025-09-28T10:40:25.449Z</time>
      </trkpt>
      <trkpt lat="52.52488719672918" lon="13.517747108303375">
        <ele>36.18658768236637</ele>
        <time>2025-09-28T10:40:30.354Z</time>
      </trkpt>
      <trkpt lat="52.5247368236515" lon="13.517778078073313">
        <ele>35.70044352728873</ele>
        <time>2025-09-28T10:40:35.153Z</time>
      </trkpt>
      <trkpt lat="52.52460551458097" lon="13.517798331957568">
        <ele>35.97774123512208</ele>
        <time>2025-09-28T10:40:40.090Z</time>
      </trkpt>
      <trkpt lat="52.52445118945815" lon="13.517820290791773">
        <ele>35.96757008526474</ele>
        <time>2025-09-28T10:40:45.206Z</time>
      </trkpt>
      <trkpt lat="52.524296609362096" lon="13.51785216550594">
        <ele>36.124996536411345</ele>
        <time>2025-09-28T10:40:50.217Z</time>
      </trkpt>
      <trkpt lat="52.524164468854096" lon="13.517867966177622">
        <ele>35.605293911509214</ele>
        <time>2025-09-28T10:40:55.107Z</time>
      </trkpt>
      <trkpt lat="52.5240287509638" lon="13.517888714755879">
        <ele>36.37935180384666</ele>
        <time>2025-09-28T10:41:00.194Z</time>
      </trkpt>
      <trkpt lat="52.523874213445055" lon="13.51791792883261">
        <ele>35.62299367878586</ele>
        <time>2025-09-28T10:41:05.139Z</time>
      </trkpt>
      <trkpt lat="52.523728387148886" lon="13.517960551034351">
        <ele>36.24780576303601</ele>
        <time>2025-09-28T10:41:10.193Z</time>
      </trkpt>
      <trkpt lat="52.523573118753724" lon="13.51796778218691">
        <ele>36.18520109169185</ele>
        <time>2025-09-28T10:41:15.295Z</time>
      </trkpt>
      <trkpt lat="52.52345136522073" lon="13.517985842507958">
        <ele>36.31081760954112</ele>
        <time>2025-09-28T10:41:20.249Z</time>
      </trkpt>
      <trkpt lat="52.52328991361995" lon="13.518011139216588">
        <ele>35.706164962798354</ele>
        <time>2025-09-28T10:41:25.269Z</time>
      </trkpt>
      <trkpt lat="52.5231395212873" lon="13.51804050140043">
        <ele>36.087252853252</ele>
        <time>2025-09-28T10:41:30.250Z</time>
      </trkpt>
      <trkpt lat="52.523015351328986" lon="13.518054705965001">
        <ele>35.78930573593825</ele>
        <time>2025-09-28T10:41:35.169Z</time>
      </trkpt>
      <trkpt lat="52.522853993790235" lon="13.518096296562828">
        <ele>35.65795227326453</ele>
        <time>2025-09-28T10:41:40.122Z</time>
      </trkpt>
      <trkpt lat="52.5227163765902" lon="13.51810468956235">
        <ele>35.68925442602485</ele>
        <time>2025-09-28T10:41:45.021Z</time>
      </trkpt>
      <trkpt lat="52.52257777226491" lon="13.51814269010361">
        <ele>36.18065760098398</ele>
        <time>2025-09-28T10:41:50.096Z</time>
      </trkpt>
      <trkpt lat="52.52243807090196" lon="13.518148413218134">
        <ele>35.65676630679518</ele>
        <time>2025-09-28T10:41:55.111Z</time>
      </trkpt>
      <trkpt lat="52.52230040740964" lon="13.51819659741986">
        <ele>35.98523101769388</ele>
        <time>2025-09-28T10:42:00.220Z</time>
      </trkpt>
      <trkpt lat="52.52215537552478" lon="13.5182120801158">
        <ele>35.8940472682938</ele>
        <time>2025-09-28T10:42:05.185Z</time>
      </trkpt>
      <trkpt lat="52.52201288492593" lon="13.518230920372876">
        <ele>36.10739440899342</ele>
        <time>2025-09-28T10:42:10.333Z</time>
      </trkpt>
      <trkpt lat="52.52184626589496" lon="13.518255840151266">
        <ele>36.05155126731843</ele>
        <time>2025-09-28T10:42:15.467Z</time>
      </trkpt>
      <trkpt lat="52.52172022862077" lon="13.518293062137808">
        <ele>35.838301460444924</ele>
        <time>2025-09-28T10:42:20.346Z</time>
      </trkpt>
      <trkpt lat="52.52156117750106" lon="13.518307173583292">
        <ele>35.688801870681345</ele>
        <time>2025-09-28T10:42:25.255Z</time>
      </trkpt>
      <trkpt lat="52.521409389148815" lon="13.518326549832125">
        <ele>35.74038456492126</ele>
        <time>2025-09-28T10:42:30.274Z</time>
      </trkpt>
      <trkpt lat="52.52128148555045" lon="13.518352656230777">
        <ele>35.67693424317986</ele>
        <time>2025-09-28T10:42:35.341Z</time>
      </trkpt>
      <trkpt lat="52.521125598450276" lon="13.518377268531976">
        <ele>35.80637769177556</ele>
        <time>2025-09-28T10:42:40.283Z</time>
      </trkpt>
      <trkpt lat="52.5209924957184" lon="13.518395265707253">
        <ele>35.80662770010531</ele>
        <time>2025-09-28T10:42:45.430Z</time>
      </trkpt>
      <trkpt lat="52.52084921930328" lon="13.518423940627214">
        <ele>36.266396747343244</ele>
        <time>2025-09-28T10:42:50.636Z</time>
      </trkpt>
      <trkpt lat="52.52071731394755" lon="13.518464595045335">
        <ele>35.897053932026026</ele>
        <time>2025-09-28T10:42:55.523Z</time>
      </trkpt>
      <trkpt lat="52.52054910821364" lon="13.518487965751657">
        <ele>35.900836979597806</ele>
        <time>2025-09-28T10:43:00.563Z</time>
      </trkpt>
      <trkpt lat="52.52040350630606" lon="13.518499032044863">
        <ele>35.95874620042741</ele>
        <time>2025-09-28T10:43:05.671Z</time>
      </trkpt>
      <trkpt lat="52.520268695777496" lon="13.518516476336675">
        <ele>36.23959490451962</ele>
        <time>2025-09-28T10:43:10.778Z</time>
      </trkpt>
      <trkpt lat="52.520125945412246" lon="13.518552477843167">
        <ele>36.30928601883352</ele>
        <time>2025-09-28T10:43:15.897Z</time>
      </trkpt>
      <trkpt lat="52.51999187356215" lon="13.51856220072744">
        <ele>36.118148465827105</ele>
        <time>2025-09-28T10:43:20.847Z</time>
      </trkpt>
      <trkpt lat="52.519831477299505" lon="13.518602934046763">
        <ele>36.106656091846524</ele>
        <time>2025-09-28T10:43:25.858Z</time>
      </trkpt>
      <trkpt lat="52.519700472942276" lon="13.51860521401925">
        <ele>35.77643256373703</ele>
        <time>2025-09-28T10:43:30.725Z</time>
      </trkpt>
      <trkpt lat="52.519551868446825" lon="13.518632423254795">
        <ele>36.073874367773534</ele>
        <time>2025-09-28T10:43:35.876Z</time>
      </trkpt>
      <trkpt lat="52.519421073963905" lon="13.518667819836454">
        <ele>35.763338460214435</ele>
        <time>2025-09-28T10:43:40.769Z</time>
      </trkpt>
      <trkpt lat="52.51927217736899" lon="13.518685360235102">
        <ele>36.09891422353685</ele>
        <time>2025-09-28T10:43:45.790Z</time>
      </trkpt>
      <trkpt lat="52.519124193134644" lon="13.518706933068747">
        <ele>35.75441232491285</ele>
        <time>2025-09-28T10:43:50.769Z</time>
      </trkpt>
      <trkpt lat="52.51898253672693" lon="13.518728696294753">
        <ele>36.11179313212633</ele>
        <time>2025-09-28T10:43:55.840Z</time>
      </trkpt>
      <trkpt lat="52.51881902499991" lon="13.518754496296735">
        <ele>35.648041652143</ele>
        <time>2025-09-28T10:44:00.899Z</time>
      </trkpt>
      <trkpt lat="52.51867679770334" lon="13.518800728449648">
        <ele>36.01589468494058</ele>
        <time>2025-09-28T10:44:06.077Z</time>
      </trkpt>
      <trkpt lat="52.51852763662467" lon="13.51879597671307">
        <ele>35.60154793560505</ele>
        <time>2025-09-28T10:44:11.160Z</time>
      </trkpt>
      <trkpt lat="52.51840384702046" lon="13.518822571618006">
        <ele>35.60427003726363</ele>
        <time>2025-09-28T10:44:16.179Z</time>
      </trkpt>
      <trkpt lat="52.518259912393866" lon="13.518864221891297">
        <ele>36.270341370627285</ele>
        <time>2025-09-28T10:44:21.171Z</time>
      </trkpt>
      <trkpt lat="52.51810682679277" lon="13.518877737924361">
        <ele>36.00583914015442</ele>
        <time>2025-09-28T10:44:26.251Z</time>
      </trkpt>
      <trkpt lat="52.51795216902778" lon="13.518905210676259">
        <ele>36.17961701154709</ele>
        <time>2025-09-28T10:44:31.212Z</time>
      </trkpt>
      <trkpt lat="52.51781270180055" lon="13.51893759306823">
        <ele>35.67042048573494</ele>
        <time>2025-09-28T10:44:36.193Z</time>
      </trkpt>
      <trkpt lat="52.5176806604613" lon="13.51894514511658">
        <ele>36.14880989324301</ele>
        <time>2025-09-28T10:44:41.182Z</time>
      </trkpt>
      <trkpt lat="52.517541537640575" lon="13.518987294000995">
        <ele>35.80420797541738</ele>
        <time>2025-09-28T10:44:46.205Z</time>
      </trkpt>
      <trkpt lat="52.51738157430152" lon="13.518991700404227">
        <ele>36.21902046725154</ele>
        <time>2025-09-28T10:44:51.376Z</time>
      </trkpt>
      <trkpt lat="52.51724242169918" lon="13.519013214156002">
        <ele>35.87393848840147</ele>
        <time>2025-09-28T10:44:56.173Z</time>
      </trkpt>
      <trkpt lat="52.51708959381402" lon="13.519040253573689">
        <ele>35.633243738114835</ele>
        <time>2025-09-28T10:45:01.281Z</time>
      </trkpt>
      <trkpt lat="52.51696845348005" lon="13.519085388729366">
        <ele>36.389118761569264</ele>
        <time>2025-09-28T10:45:06.392Z</time>
      </trkpt>
      <trkpt lat="52.516826815478666" lon="13.519087380128841">
        <ele>36.29501191340387</ele>
        <time>2025-09-28T10:45:11.361Z</time>
      </trkpt>
      <trkpt lat="52.516655383667995" lon="13.519126407312168">
        <ele>35.898760366626085</ele>
        <time>2025-09-28T10:45:16.172Z</time>
      </trkpt>
      <trkpt lat="52.516516805331335" lon="13.519138991624267">
        <ele>36.35690193772316</ele>
        <time>2025-09-28T10:45:21.174Z</time>
      </trkpt>
      <trkpt lat="52.51638101020971" lon="13.51915794095841">
        <ele>35.76496174763888</ele>
        <time>2025-09-28T10:45:26.225Z</time>
      </trkpt>
      <trkpt lat="52.51624360681299" lon="13.51918314851064">
        <ele>36.236647413484754</ele>
        <time>2025-09-28T10:45:31.205Z</time>
      </trkpt>
      <trkpt lat="52.516105810084134" lon="13.519204217828332">
        <ele>36.28192806746811</ele>
        <time>2025-09-28T10:45:36.275Z</time>
      </trkpt>
      <trkpt lat="52.51593870413395" lon="13.519253814109693">
        <ele>35.929865987971425</ele>
        <time>2025-09-28T10:45:41.240Z</time>
      </trkpt>
      <trkpt lat="52.515817141535415" lon="13.519263703962391">
        <ele>36.34475579448044</ele>
        <time>2025-09-28T10:45:46.305Z</time>
      </trkpt>
      <trkpt lat="52.5156595174563" lon="13.519278207972485">
        <ele>35.70896789841354</ele>
        <time>2025-09-28T10:45:51.097Z</time>
      </trkpt>
      <trkpt lat="52.51551483759593" lon="13.519304071610366">
        <ele>36.33019505236298</ele>
        <time>2025-09-28T10:45:56.263Z</time>
      </trkpt>
      <trkpt lat="52.51538519314253" lon="13.519351747075365">
        <ele>35.932824555784464</ele>
        <time>2025-09-28T10:46:01.220Z</time>
      </trkpt>
      <trkpt lat="52.51523180873498" lon="13.519366180220226">
        <ele>35.937036459520456</ele>
        <time>2025-09-28T10:46:06.218Z</time>
      </trkpt>
      <trkpt lat="52.51508735839604" lon="13.519392107871909">
        <ele>36.24027407579124</ele>
        <time>2025-09-28T10:46:11.271Z</time>
      </trkpt>
      <trkpt lat="52.5149365184125" lon="13.5194036069685">
        <ele>35.82995111700147</ele>
        <time>2025-09-28T10:46:16.187Z</time>
      </trkpt>
      <trkpt lat="52.51478545724471" lon="13.519438972442044">
        <ele>36.2216246759519</ele>
        <time>2025-09-28T10:46:21.255Z</time>
      </trkpt>
      <trkpt lat="52.51465141569072" lon="13.519461318310181">
        <ele>36.211299266852436</ele>
        <time>2025-09-28T10:46:26.112Z</time>
      </trkpt>
      <trkpt lat="52.514515309368065" lon="13.519490317074577">
        <ele>36.218898822925986</ele>
        <time>2025-09-28T10:46:31.190Z</time>
      </trkpt>
      <trkpt lat="52.51437476063463" lon="13.51949926697343">
        <ele>36.18766003008932</ele>
        <time>2025-09-28T10:46:36.163Z</time>
      </trkpt>
      <trkpt lat="52.51421410714869" lon="13.519530163532131">
        <ele>36.392929542809725</ele>
        <time>2025-09-28T10:46:41.283Z</time>
      </trkpt>
      <trkpt lat="52.514060525385126" lon="13.519564105201587">
        <ele>36.218196493014695</ele>
        <time>2025-09-28T10:46:46.285Z</time>
      </trkpt>
      <trkpt lat="52.513927895175335" lon="13.519588769894069">
        <ele>35.65625006593764</ele>
        <time>2025-09-28T10:46:51.296Z</time>
      </trkpt>
      <trkpt lat="52.513782793556885" lon="13.519600045909248">
        <ele>36.22715629935264</ele>
        <time>2025-09-28T10:46:56.384Z</time>
      </trkpt>
      <trkpt lat="52.51365377209408" lon="13.519619544191496">
        <ele>35.68512437175959</ele>
        <time>2025-09-28T10:47:01.345Z</time>
      </trkpt>
      <trkpt lat="52.513504215818735" lon="13.51966433379766">
        <ele>36.28507593888789</ele>
        <time>2025-09-28T10:47:06.316Z</time>
      </trkpt>
      <trkpt lat="52.51335257825917" lon="13.519661918344008">
        <ele>35.68349349200726</ele>
        <time>2025-09-28T10:47:11.106Z</time>
      </trkpt>
      <trkpt lat="52.513200464479844" lon="13.519704634490886">
        <ele>36.38074496556074</ele>
        <time>2025-09-28T10:47:16.268Z</time>
      </trkpt>
      <trkpt lat="52.51305734212836" lon="13.519708951421892">
        <ele>35.759941841289404</ele>
        <time>2025-09-28T10:47:21.311Z</time>
      </trkpt>
      <trkpt lat="52.51291088700097" lon="13.519758444925378">
        <ele>36.2503272600472</ele>
        <time>2025-09-28T10:47:26.364Z</time>
      </trkpt>
      <trkpt lat="52.51277583225481" lon="13.519777796658396">
        <ele>35.733215076476334</ele>
        <time>2025-09-28T10:47:31.317Z</time>
      </trkpt>
      <trkpt lat="52.512637042123266" lon="13.519793095050495">
        <ele>35.609879948198795</ele>
        <time>2025-09-28T10:47:36.355Z</time>
      </trkpt>
      <trkpt lat="52.5124953584025" lon="13.519812168825865">
        <ele>36.393862480670215</ele>
        <time>2025-09-28T10:47:41.564Z</time>
      </trkpt>
      <trkpt lat="52.51233737048191" lon="13.519831979204916">
        <ele>35.776566851139066</ele>
        <time>2025-09-28T10:47:46.363Z</time>
      </trkpt>
      <trkpt lat="52.512190346450204" lon="13.519860170959358">
        <ele>36.26863239016384</ele>
        <time>2025-09-28T10:47:51.587Z</time>
      </trkpt>
      <trkpt lat="52.5120509540609" lon="13.519895386035687">
        <ele>35.701326466351745</ele>
        <time>2025-09-28T10:47:56.446Z</time>
      </trkpt>
      <trkpt lat="52.51191146324329" lon="13.519904355207293">
        <ele>35.939538203179836</ele>
        <time>2025-09-28T10:48:01.578Z</time>
      </trkpt>
      <trkpt lat="52.511755133384895" lon="13.5199524988316">
        <ele>36.0298388235271</ele>
        <time>2025-09-28T10:48:06.523Z</time>
      </trkpt>
      <trkpt lat="52.511631158901906" lon="13.519975937419265">
        <ele>36.30857227165252</ele>
        <time>2025-09-28T10:48:11.446Z</time>
      </trkpt>
      <trkpt lat="52.51148259683265" lon="13.519982162277586">
        <ele>35.99539118241519</ele>
        <time>2025-09-28T10:48:16.315Z</time>
      </trkpt>
      <trkpt lat="52.511328096042995" lon="13.520004727109953">
        <ele>36.32417499478906</ele>
        <time>2025-09-28T10:48:21.448Z</time>
      </trkpt>
      <trkpt lat="52.51117896790293" lon="13.520040826836176">
        <ele>35.88417363874614</ele>
        <time>2025-09-28T10:48:26.295Z</time>
      </trkpt>
      <trkpt lat="52.51104867263112" lon="13.520061441837935">
        <ele>36.37669358532876</ele>
        <time>2025-09-28T10:48:31.340Z</time>
      </trkpt>
      <trkpt lat="52.510893514755814" lon="13.520083126580591">
        <ele>36.20538655724376</ele>
        <time>2025-09-28T10:48:36.240Z</time>
      </trkpt>
      <trkpt lat="52.51076594037045" lon="13.520114275705913">
        <ele>35.70432121809572</ele>
        <time>2025-09-28T10:48:41.193Z</time>
      </trkpt>
      <trkpt lat="52.510613476592354" lon="13.520141960584962">
        <ele>36.23710210546851</ele>
        <time>2025-09-28T10:48:46.136Z</time>
      </trkpt>
      <trkpt lat="52.510464827560426" lon="13.52016547372246">
        <ele>36.33497538045049</ele>
        <time>2025-09-28T10:48:51.112Z</time>
      </trkpt>
      <trkpt lat="52.51031826026365" lon="13.520188625531887">
        <ele>36.11649898737669</ele>
        <time>2025-09-28T10:48:56.168Z</time>
      </trkpt>
      <trkpt lat="52.510174005948" lon="13.520205879420713">
        <ele>35.814211109653115</ele>
        <time>2025-09-28T10:49:01.085Z</time>
      </trkpt>
      <trkpt lat="52.51003900068946" lon="13.520239498514442">
        <ele>36.054893627949056</ele>
        <time>2025-09-28T10:49:06.105Z</time>
      </trkpt>
      <trkpt lat="52.5098786111571" lon="13.520251489189084">
        <ele>36.11256581135094</ele>
        <time>2025-09-28T10:49:11.139Z</time>
      </trkpt>
      <trkpt lat="52.50975965280046" lon="13.520270986127636">
        <ele>36.320055042207244</ele>
        <time>2025-09-28T10:49:16.130Z</time>
      </trkpt>
      <trkpt lat="52.50960741489642" lon="13.52028717582252">
        <ele>35.67619287893176</ele>
        <time>2025-09-28T10:49:20.960Z</time>
      </trkpt>
      <trkpt lat="52.509473170655816" lon="13.52032629204617">
        <ele>36.0443015743047</ele>
        <time>2025-09-28T10:49:26.128Z</time>
      </trkpt>
      <trkpt lat="52.50931134696618" lon="13.520338913000687">
        <ele>35.735082254745066</ele>
        <time>2025-09-28T10:49:30.958Z</time>
      </trkpt>
      <trkpt lat="52.509181084558406" lon="13.520377713649054">
        <ele>35.90468678046018</ele>
        <time>2025-09-28T10:49:36.091Z</time>
      </trkpt>
      <trkpt lat="52.509025170364794" lon="13.52038932763971">
        <ele>35.792361605167386</ele>
        <time>2025-09-28T10:49:41.107Z</time>
      </trkpt>
      <trkpt lat="52.50889860317893" lon="13.520422793469397">
        <ele>36.18433471824974</ele>
        <time>2025-09-28T10:49:46.101Z</time>
      </trkpt>
      <trkpt lat="52.50875514110248" lon="13.520442014758494">
        <ele>36.17066744677722</ele>
        <time>2025-09-28T10:49:51.073Z</time>
      </trkpt>
      <trkpt lat="52.508602197539034" lon="13.520474508190965">
        <ele>36.26638340391219</ele>
        <time>2025-09-28T10:49:56.235Z</time>
      </trkpt>
      <trkpt lat="52.50846395444676" lon="13.520479285400388">
        <ele>36.33162615299225</ele>
        <time>2025-09-28T10:50:01.168Z</time>
      </trkpt>
      <trkpt lat="52.50830719555984" lon="13.520501813240728">
        <ele>36.339323363639416</ele>
        <time>2025-09-28T10:50:06.162Z</time>
      </trkpt>
      <trkpt lat="52.50817829845581" lon="13.520553946623696">
        <ele>36.21775572616607</ele>
        <time>2025-09-28T10:50:11.030Z</time>
      </trkpt>
      <trkpt lat="52.508032785462134" lon="13.52057414488175">
        <ele>36.26399281658232</ele>
        <time>2025-09-28T10:50:15.962Z</time>
      </trkpt>
      <trkpt lat="52.50789026269267" lon="13.520585605900312">
        <ele>35.885794282704595</ele>
        <time>2025-09-28T10:50:20.956Z</time>
      </trkpt>
      <trkpt lat="52.50771713288619" lon="13.520610289066523">
        <ele>35.9322377551347</ele>
        <time>2025-09-28T10:50:25.890Z</time>
      </trkpt>
      <trkpt lat="52.50757470506152" lon="13.520623919367658">
        <ele>36.37813882753253</ele>
        <time>2025-09-28T10:50:30.847Z</time>
      </trkpt>
      <trkpt lat="52.50745224923809" lon="13.520674658261308">
        <ele>36.303343227505685</ele>
        <time>2025-09-28T10:50:35.941Z</time>
      </trkpt>
      <trkpt lat="52.50730772253198" lon="13.520685368941875">
        <ele>35.994964444078505</ele>
        <time>2025-09-28T10:50:40.784Z</time>
      </trkpt>
      <trkpt lat="52.50714720603772" lon="13.52069973000405">
        <ele>36.1712850946933</ele>
        <time>2025-09-28T10:50:45.760Z</time>
      </trkpt>
      <trkpt lat="52.507002763575095" lon="13.52071980402525">
        <ele>36.16943117771298</ele>
        <time>2025-09-28T10:50:50.620Z</time>
      </trkpt>
      <trkpt lat="52.506877920556434" lon="13.520750789687115">
        <ele>36.38505241442472</ele>
        <time>2025-09-28T10:50:55.575Z</time>
      </trkpt>
      <trkpt lat="52.506710204395894" lon="13.520786647309679">
        <ele>35.8912261987105</ele>
        <time>2025-09-28T10:51:00.540Z</time>
      </trkpt>
      <trkpt lat="52.50656953076316" lon="13.520808744709694">
        <ele>36.06498080566526</ele>
        <time>2025-09-28T10:51:05.695Z</time>
      </trkpt>
      <trkpt lat="52.506431754770745" lon="13.520837890445026">
        <ele>36.28780890107155</ele>
        <time>2025-09-28T10:51:10.620Z</time>
      </trkpt>
      <trkpt lat="52.50629377196274" lon="13.52084276562499">
        <ele>35.99111008699983</ele>
        <time>2025-09-28T10:51:15.469Z</time>
      </trkpt>
      <trkpt lat="52.50614544496344" lon="13.520876537897054">
        <ele>35.83022149018943</ele>
        <time>2025-09-28T10:51:20.308Z</time>
      </trkpt>
      <trkpt lat="52.505999040095645" lon="13.52090820686818">
        <ele>35.873750562407075</ele>
        <time>2025-09-28T10:51:25.311Z</time>
      </trkpt>
      <trkpt lat="52.5058520126387" lon="13.52093185619515">
        <ele>35.95976924970746</ele>
        <time>2025-09-28T10:51:30.179Z</time>
      </trkpt>
      <trkpt lat="52.505710924024775" lon="13.520937552347744">
        <ele>36.041014223732056</ele>
        <time>2025-09-28T10:51:35.341Z</time>
      </trkpt>
      <trkpt lat="52.50557659117896" lon="13.520974276883317">
        <ele>35.750575106404725</ele>
        <time>2025-09-28T10:51:40.393Z</time>
      </trkpt>
      <trkpt lat="52.50541166463276" lon="13.52099063553326">
        <ele>36.31065419763327</ele>
        <time>2025-09-28T10:51:45.552Z</time>
      </trkpt>
      <trkpt lat="52.50528944329202" lon="13.521024335132758">
        <ele>35.88111639972776</ele>
        <time>2025-09-28T10:51:50.415Z</time>
      </trkpt>
      <trkpt lat="52.50513286656303" lon="13.521032014256777">
        <ele>35.77789038550109</ele>
        <time>2025-09-28T10:51:55.348Z</time>
      </trkpt>
      <trkpt lat="52.50498597954167" lon="13.521076567238266">
        <ele>36.27276619654149</ele>
        <time>2025-09-28T10:52:00.338Z</time>
      </trkpt>
      <trkpt lat="52.50484201533948" lon="13.521094749375385">
        <ele>35.85219399426133</ele>
        <time>2025-09-28T10:52:05.356Z</time>
      </trkpt>
      <trkpt lat="52.504693104568496" lon="13.521115774709093">
        <ele>35.94769897628576</ele>
        <time>2025-09-28T10:52:10.281Z</time>
      </trkpt>
      <trkpt lat="52.504569476207" lon="13.521137565117897">
        <ele>35.82091128714383</ele>
        <time>2025-09-28T10:52:15.377Z</time>
      </trkpt>
      <trkpt lat="52.50440950843426" lon="13.52115342874414">
        <ele>36.328176631964745</ele>
        <time>2025-09-28T10:52:20.455Z</time>
      </trkpt>
      <trkpt lat="52.504280408902815" lon="13.521189941909785">
        <ele>35.73027413226664</ele>
        <time>2025-09-28T10:52:25.213Z</time>
      </trkpt>
      <trkpt lat="52.504120449224445" lon="13.521211528832835">
        <ele>35.76662349961698</ele>
        <time>2025-09-28T10:52:30.315Z</time>
      </trkpt>
      <trkpt lat="52.50399641794439" lon="13.521228945072483">
        <ele>35.70083269383758</ele>
        <time>2025-09-28T10:52:35.402Z</time>
      </trkpt>
      <trkpt lat="52.50383469857928" lon="13.521258431539723">
        <ele>35.78005913216621</ele>
        <time>2025-09-28T10:52:40.325Z</time>
      </trkpt>
      <trkpt lat="52.503694429407666" lon="13.521274071167737">
        <ele>36.187831942178306</ele>
        <time>2025-09-28T10:52:45.296Z</time>
      </trkpt>
      <trkpt lat="52.50354034478401" lon="13.521302684956206">
        <ele>35.89902917239815</ele>
        <time>2025-09-28T10:52:50.357Z</time>
      </trkpt>
      <trkpt lat="52.503408845108325" lon="13.521324716701349">
        <ele>35.74703105762601</ele>
        <time>2025-09-28T10:52:55.467Z</time>
      </trkpt>
      <trkpt lat="52.50325982253158" lon="13.521342679283636">
        <ele>36.2516886651516</ele>
        <time>2025-09-28T10:53:00.426Z</time>
      </trkpt>
      <trkpt lat="52.503105381148146" lon="13.521391060615649">
        <ele>35.70533583648503</ele>
        <time>2025-09-28T10:53:05.226Z</time>
      </trkpt>
      <trkpt lat="52.50296238144226" lon="13.521413670127137">
        <ele>35.794657150097194</ele>
        <time>2025-09-28T10:53:10.378Z</time>
      </trkpt>
      <trkpt lat="52.50283248201376" lon="13.521418369725403">
        <ele>36.04996325969696</ele>
        <time>2025-09-28T10:53:15.480Z</time>
      </trkpt>
      <trkpt lat="52.50270088720467" lon="13.521463971243843">
        <ele>36.06242829207331</ele>
        <time>2025-09-28T10:53:20.606Z</time>
      </trkpt>
      <trkpt lat="52.50255185055095" lon="13.52147231965016">
        <ele>36.321970051108714</ele>
        <time>2025-09-28T10:53:25.531Z</time>
      </trkpt>
      <trkpt lat="52.50240444781212" lon="13.521391260462686">
        <ele>36.267050201909285</ele>
        <time>2025-09-28T10:53:30.543Z</time>
      </trkpt>
      <trkpt lat="52.50228302969608" lon="13.521311545725641">
        <ele>36.318099895347316</ele>
        <time>2025-09-28T10:53:35.691Z</time>
      </trkpt>
      <trkpt lat="52.50212830730408" lon="13.521242385008067">
        <ele>35.68101147971231</ele>
        <time>2025-09-28T10:53:40.476Z</time>
      </trkpt>
      <trkpt lat="52.501987311772545" lon="13.521158413812312">
        <ele>35.66158400079052</ele>
        <time>2025-09-28T10:53:45.590Z</time>
      </trkpt>
      <trkpt lat="52.50185030124337" lon="13.521059938704521">
        <ele>35.91328458235117</ele>
        <time>2025-09-28T10:53:50.515Z</time>
      </trkpt>
      <trkpt lat="52.501738141932925" lon="13.520977673332682">
        <ele>35.6925120286938</ele>
        <time>2025-09-28T10:53:55.505Z</time>
      </trkpt>
      <trkpt lat="52.50159349418471" lon="13.520897985888302">
        <ele>35.62117734158264</ele>
        <time>2025-09-28T10:54:00.483Z</time>
      </trkpt>
      <trkpt lat="52.50146215659047" lon="13.520815129067142">
        <ele>36.335876023885994</ele>
        <time>2025-09-28T10:54:05.456Z</time>
      </trkpt>
      <trkpt lat="52.501322498532026" lon="13.520747692481967">
        <ele>36.256642069362115</ele>
        <time>2025-09-28T10:54:10.522Z</time>
      </trkpt>
      <trkpt lat="52.50118474952991" lon="13.520667885291287">
        <ele>36.14872165975981</ele>
        <time>2025-09-28T10:54:15.518Z</time>
      </trkpt>
      <trkpt lat="52.501045886463714" lon="13.520573883693249">
        <ele>35.748280795072766</ele>
        <time>2025-09-28T10:54:20.490Z</time>
      </trkpt>
      <trkpt lat="52.50092054450407" lon="13.520505284365772">
        <ele>36.23132417771257</ele>
        <time>2025-09-28T10:54:25.634Z</time>
      </trkpt>
      <trkpt lat="52.500770490506135" lon="13.52041015875984">
        <ele>36.23418831253349</ele>
        <time>2025-09-28T10:54:30.529Z</time>
      </trkpt>
      <trkpt lat="52.50062605213332" lon="13.520341730281862">
        <ele>35.53253530823252</ele>
        <time>2025-09-28T10:54:35.319Z</time>
      </trkpt>
      <trkpt lat="52.5005020563998" lon="13.520261942779122">
        <ele>35.917284966588745</ele>
        <time>2025-09-28T10:54:40.505Z</time>
      </trkpt>
      <trkpt lat="52.500379366133664" lon="13.520173929143091">
        <ele>35.55165596334224</ele>
        <time>2025-09-28T10:54:45.529Z</time>
      </trkpt>
      <trkpt lat="52.50024421887936" lon="13.520074022418104">
        <ele>36.1407429775655</ele>
        <time>2025-09-28T10:54:50.761Z</time>
      </trkpt>
      <trkpt lat="52.50009948791214" lon="13.52001312407364">
        <ele>35.71869499142577</ele>
        <time>2025-09-28T10:54:55.805Z</time>
      </trkpt>
      <trkpt lat="52.499959393923575" lon="13.51991046705949">
        <ele>35.97983702136201</ele>
        <time>2025-09-28T10:55:00.954Z</time>
      </trkpt>
      <trkpt lat="52.499827675961704" lon="13.519835858178956">
        <ele>35.49370574959252</ele>
        <time>2025-09-28T10:55:05.760Z</time>
      </trkpt>
      <trkpt lat="52.49968415194456" lon="13.519752914266093">
        <ele>35.77907546277489</ele>
        <time>2025-09-28T10:55:10.853Z</time>
      </trkpt>
      <trkpt lat="52.4995610409017" lon="13.51967203699016">
        <ele>35.93906261080908</ele>
        <time>2025-09-28T10:55:15.962Z</time>
      </trkpt>
      <trkpt lat="52.49940738317066" lon="13.519587393960729">
        <ele>35.82515609108577</ele>
        <time>2025-09-28T10:55:20.808Z</time>
      </trkpt>
      <trkpt lat="52.499289828127864" lon="13.519499644709196">
        <ele>36.119397754849814</ele>
        <time>2025-09-28T10:55:25.897Z</time>
      </trkpt>
      <trkpt lat="52.49913039226065" lon="13.519427632623367">
        <ele>35.851657676902356</ele>
        <time>2025-09-28T10:55:30.731Z</time>
      </trkpt>
      <trkpt lat="52.499012885988016" lon="13.519337041448068">
        <ele>36.21775626704799</ele>
        <time>2025-09-28T10:55:35.675Z</time>
      </trkpt>
      <trkpt lat="52.49886769447033" lon="13.51926215857688">
        <ele>36.05710538040318</ele>
        <time>2025-09-28T10:55:40.607Z</time>
      </trkpt>
      <trkpt lat="52.4987390597694" lon="13.51917930338825">
        <ele>35.948366264124516</ele>
        <time>2025-09-28T10:55:45.700Z</time>
      </trkpt>
      <trkpt lat="52.49860748148323" lon="13.519111068180818">
        <ele>35.76867255289846</ele>
        <time>2025-09-28T10:55:50.659Z</time>
      </trkpt>
      <trkpt lat="52.49845840447659" lon="13.51903785757345">
        <ele>35.611844734991635</ele>
        <time>2025-09-28T10:55:55.729Z</time>
      </trkpt>
      <trkpt lat="52.498330384607975" lon="13.518944227521011">
        <ele>35.755030356069575</ele>
        <time>2025-09-28T10:56:00.624Z</time>
      </trkpt>
      <trkpt lat="52.49819236174077" lon="13.518871530451394">
        <ele>35.5763561329323</ele>
        <time>2025-09-28T10:56:05.519Z</time>
      </trkpt>
      <trkpt lat="52.49805453408665" lon="13.518770912822765">
        <ele>35.908661522525456</ele>
        <time>2025-09-28T10:56:10.459Z</time>
      </trkpt>
      <trkpt lat="52.497902831996306" lon="13.518700133125476">
        <ele>35.52011141678496</ele>
        <time>2025-09-28T10:56:15.463Z</time>
      </trkpt>
      <trkpt lat="52.49777465571235" lon="13.518618853528999">
        <ele>36.0347475183091</ele>
        <time>2025-09-28T10:56:20.597Z</time>
      </trkpt>
      <trkpt lat="52.4976557586232" lon="13.518537385576822">
        <ele>35.59300155233172</ele>
        <time>2025-09-28T10:56:25.508Z</time>
      </trkpt>
      <trkpt lat="52.49749843017081" lon="13.518448527301572">
        <ele>36.05189469045241</ele>
        <time>2025-09-28T10:56:30.513Z</time>
      </trkpt>
      <trkpt lat="52.49736832075946" lon="13.518379796698005">
        <ele>35.514494426109906</ele>
        <time>2025-09-28T10:56:35.302Z</time>
      </trkpt>
      <trkpt lat="52.49722765053543" lon="13.518287382688182">
        <ele>36.02656151454512</ele>
        <time>2025-09-28T10:56:40.316Z</time>
      </trkpt>
      <trkpt lat="52.49709390978515" lon="13.518210867742932">
        <ele>35.40471429435785</ele>
        <time>2025-09-28T10:56:45.099Z</time>
      </trkpt>
      <trkpt lat="52.496959802754326" lon="13.51813905815993">
        <ele>35.46256634497034</ele>
        <time>2025-09-28T10:56:49.985Z</time>
      </trkpt>
      <trkpt lat="52.496833409164786" lon="13.518038625307478">
        <ele>35.7927588476951</ele>
        <time>2025-09-28T10:56:55.133Z</time>
      </trkpt>
      <trkpt lat="52.49667869310694" lon="13.51797242967601">
        <ele>35.69459166718932</ele>
        <time>2025-09-28T10:57:00.028Z</time>
      </trkpt>
      <trkpt lat="52.49656373579274" lon="13.51787391599197">
        <ele>35.88371912167394</ele>
        <time>2025-09-28T10:57:05.034Z</time>
      </trkpt>
      <trkpt lat="52.496434099387166" lon="13.517800672517495">
        <ele>35.57338745031194</ele>
        <time>2025-09-28T10:57:09.850Z</time>
      </trkpt>
      <trkpt lat="52.49627534226849" lon="13.51772092224527">
        <ele>35.97362083169021</ele>
        <time>2025-09-28T10:57:15.002Z</time>
      </trkpt>
      <trkpt lat="52.49615724621232" lon="13.517639296741262">
        <ele>36.01258569103689</ele>
        <time>2025-09-28T10:57:19.931Z</time>
      </trkpt>
      <trkpt lat="52.496009290022215" lon="13.517543101756157">
        <ele>35.532867665772365</ele>
        <time>2025-09-28T10:57:24.864Z</time>
      </trkpt>
      <trkpt lat="52.49588655668644" lon="13.517486087214785">
        <ele>35.87892142640784</ele>
        <time>2025-09-28T10:57:30.063Z</time>
      </trkpt>
      <trkpt lat="52.49575299535431" lon="13.51739997063764">
        <ele>35.39595904414601</ele>
        <time>2025-09-28T10:57:35.015Z</time>
      </trkpt>
      <trkpt lat="52.49559291171109" lon="13.51729637763555">
        <ele>35.591109993902435</ele>
        <time>2025-09-28T10:57:40.072Z</time>
      </trkpt>
      <trkpt lat="52.495466109687136" lon="13.51723861870477">
        <ele>35.611376065932426</ele>
        <time>2025-09-28T10:57:45.123Z</time>
      </trkpt>
      <trkpt lat="52.49532152968347" lon="13.517145613151357">
        <ele>35.4944201206146</ele>
        <time>2025-09-28T10:57:50.044Z</time>
      </trkpt>
      <trkpt lat="52.495193512020506" lon="13.517067334060478">
        <ele>35.44173070125078</ele>
        <time>2025-09-28T10:57:55.149Z</time>
      </trkpt>
      <trkpt lat="52.495064082211634" lon="13.516993099987088">
        <ele>35.66497059410867</ele>
        <time>2025-09-28T10:58:00.189Z</time>
      </trkpt>
      <trkpt lat="52.494915614580954" lon="13.51691071855045">
        <ele>35.76907423266341</ele>
        <time>2025-09-28T10:58:05.130Z</time>
      </trkpt>
      <trkpt lat="52.49479445681312" lon="13.51680688417804">
        <ele>35.58449183471333</ele>
        <time>2025-09-28T10:58:10.090Z</time>
      </trkpt>
      <trkpt lat="52.494656524693205" lon="13.516741866443352">
        <ele>35.554288394064635</ele>
        <time>2025-09-28T10:58:15.234Z</time>
      </trkpt>
      <trkpt lat="52.49452214823344" lon="13.516651316306609">
        <ele>35.661188877198654</ele>
        <time>2025-09-28T10:58:20.294Z</time>
      </trkpt>
      <trkpt lat="52.494376273735334" lon="13.51658217823825">
        <ele>35.68508081972468</ele>
        <time>2025-09-28T10:58:25.285Z</time>
      </trkpt>
      <trkpt lat="52.49423919024794" lon="13.516503666850825">
        <ele>35.25709987106303</ele>
        <time>2025-09-28T10:58:30.127Z</time>
      </trkpt>
      <trkpt lat="52.49409361895951" lon="13.516422621492017">
        <ele>35.3118503710741</ele>
        <time>2025-09-28T10:58:35.054Z</time>
      </trkpt>
      <trkpt lat="52.4939639155106" lon="13.516322181703359">
        <ele>35.314527289754686</ele>
        <time>2025-09-28T10:58:40.131Z</time>
      </trkpt>
      <trkpt lat="52.493829622243986" lon="13.516246278584513">
        <ele>35.943748064288656</ele>
        <time>2025-09-28T10:58:45.084Z</time>
      </trkpt>
      <trkpt lat="52.49368967421899" lon="13.516151733596054">
        <ele>35.4674656066043</ele>
        <time>2025-09-28T10:58:50.063Z</time>
      </trkpt>
      <trkpt lat="52.49355684796262" lon="13.516073485231983">
        <ele>35.16317285153956</ele>
        <time>2025-09-28T10:58:55.146Z</time>
      </trkpt>
      <trkpt lat="52.493413749338714" lon="13.516007950649449">
        <ele>35.664278376275824</ele>
        <time>2025-09-28T10:59:00.234Z</time>
      </trkpt>
      <trkpt lat="52.49328426748156" lon="13.515929498159311">
        <ele>35.713470419992646</ele>
        <time>2025-09-28T10:59:05.385Z</time>
      </trkpt>
      <trkpt lat="52.49315313342275" lon="13.515848060520709">
        <ele>35.49727444805182</ele>
        <time>2025-09-28T10:59:10.327Z</time>
      </trkpt>
      <trkpt lat="52.49300961237609" lon="13.51575786027153">
        <ele>35.91638866590946</ele>
        <time>2025-09-28T10:59:15.384Z</time>
      </trkpt>
      <trkpt lat="52.49288988649542" lon="13.51567000751886">
        <ele>35.595536714022366</ele>
        <time>2025-09-28T10:59:20.235Z</time>
      </trkpt>
      <trkpt lat="52.492750070420264" lon="13.515580866529277">
        <ele>35.59177830789251</ele>
        <time>2025-09-28T10:59:25.222Z</time>
      </trkpt>
      <trkpt lat="52.49260450362671" lon="13.515525079874445">
        <ele>35.29319255470012</ele>
        <time>2025-09-28T10:59:30.237Z</time>
      </trkpt>
      <trkpt lat="52.49248037703822" lon="13.51543583765131">
        <ele>35.38648942915139</ele>
        <time>2025-09-28T10:59:35.282Z</time>
      </trkpt>
      <trkpt lat="52.49234025295538" lon="13.515341833414155">
        <ele>35.17438464030673</ele>
        <time>2025-09-28T10:59:40.118Z</time>
      </trkpt>
      <trkpt lat="52.49219992843555" lon="13.515255948326683">
        <ele>35.19384928579193</ele>
        <time>2025-09-28T10:59:45.021Z</time>
      </trkpt>
      <trkpt lat="52.492072102649736" lon="13.515176540444388">
        <ele>35.37532863361213</ele>
        <time>2025-09-28T10:59:50.148Z</time>
      </trkpt>
      <trkpt lat="52.491930600929614" lon="13.515119422218199">
        <ele>35.593446042948315</ele>
        <time>2025-09-28T10:59:55.326Z</time>
      </trkpt>
      <trkpt lat="52.49179117691276" lon="13.515037739309602">
        <ele>35.82875981586772</ele>
        <time>2025-09-28T11:00:00.230Z</time>
      </trkpt>
      <trkpt lat="52.49165106550204" lon="13.514930222267623">
        <ele>35.2731145785139</ele>
        <time>2025-09-28T11:00:05.060Z</time>
      </trkpt>
      <trkpt lat="52.49151468108951" lon="13.51487222967371">
        <ele>35.50497302658977</ele>
        <time>2025-09-28T11:00:10.204Z</time>
      </trkpt>
      <trkpt lat="52.49139072162259" lon="13.514765178112468">
        <ele>35.146566303435804</ele>
        <time>2025-09-28T11:00:15.140Z</time>
      </trkpt>
      <trkpt lat="52.49124972393822" lon="13.51470981599825">
        <ele>35.727003243691186</ele>
        <time>2025-09-28T11:00:20.265Z</time>
      </trkpt>
      <trkpt lat="52.49110211150048" lon="13.514614653572924">
        <ele>35.63739032250054</ele>
        <time>2025-09-28T11:00:25.256Z</time>
      </trkpt>
      <trkpt lat="52.49098795541206" lon="13.514538315417516">
        <ele>35.764417999450565</ele>
        <time>2025-09-28T11:00:30.180Z</time>
      </trkpt>
      <trkpt lat="52.49084107995353" lon="13.514447360626649">
        <ele>35.3592637531229</ele>
        <time>2025-09-28T11:00:35.062Z</time>
      </trkpt>
      <trkpt lat="52.490702760582266" lon="13.514379962831853">
        <ele>35.18894496534213</ele>
        <time>2025-09-28T11:00:40.011Z</time>
      </trkpt>
      <trkpt lat="52.49056860899958" lon="13.514276939650182">
        <ele>35.479637848277456</ele>
        <time>2025-09-28T11:00:44.909Z</time>
      </trkpt>
      <trkpt lat="52.49041741390551" lon="13.514206918083156">
        <ele>35.74338561763583</ele>
        <time>2025-09-28T11:00:49.906Z</time>
      </trkpt>
      <trkpt lat="52.49028887036746" lon="13.514121877826">
        <ele>35.184859088214544</ele>
        <time>2025-09-28T11:00:54.784Z</time>
      </trkpt>
      <trkpt lat="52.49016432361808" lon="13.51404194199374">
        <ele>35.135123839889886</ele>
        <time>2025-09-28T11:00:59.913Z</time>
      </trkpt>
      <trkpt lat="52.49001165306519" lon="13.51395419853796">
        <ele>35.208548415504445</ele>
        <time>2025-09-28T11:01:04.881Z</time>
      </trkpt>
      <trkpt lat="52.489898280563516" lon="13.513865758178365">
        <ele>35.6579940591034</ele>
        <time>2025-09-28T11:01:09.998Z</time>
      </trkpt>
      <trkpt lat="52.48976387149046" lon="13.513810337034279">
        <ele>35.42548543675769</ele>
        <time>2025-09-28T11:01:15.091Z</time>
      </trkpt>
      <trkpt lat="52.48961797423905" lon="13.513719409467258">
        <ele>35.68915944760334</ele>
        <time>2025-09-28T11:01:20.032Z</time>
      </trkpt>
      <trkpt lat="52.48948570723497" lon="13.513644264353877">
        <ele>35.356447973328855</ele>
        <time>2025-09-28T11:01:24.966Z</time>
      </trkpt>
      <trkpt lat="52.48934825248862" lon="13.51355928961454">
        <ele>34.96097895669754</ele>
        <time>2025-09-28T11:01:29.969Z</time>
      </trkpt>
      <trkpt lat="52.489200262538844" lon="13.513468479528889">
        <ele>35.5036781325348</ele>
        <time>2025-09-28T11:01:35.143Z</time>
      </trkpt>
      <trkpt lat="52.489077409696456" lon="13.513388140374031">
        <ele>34.9866051264886</ele>
        <time>2025-09-28T11:01:39.979Z</time>
      </trkpt>
      <trkpt lat="52.488945251059086" lon="13.513298217507021">
        <ele>35.523910843050494</ele>
        <time>2025-09-28T11:01:45.093Z</time>
      </trkpt>
      <trkpt lat="52.488796876680034" lon="13.513222448778807">
        <ele>35.16968017330134</ele>
        <time>2025-09-28T11:01:49.949Z</time>
      </trkpt>
      <trkpt lat="52.48865148801631" lon="13.513137950125484">
        <ele>35.58435270239041</ele>
        <time>2025-09-28T11:01:54.957Z</time>
      </trkpt>
      <trkpt lat="52.488537370145366" lon="13.513049406684212">
        <ele>35.5766528828729</ele>
        <time>2025-09-28T11:01:59.945Z</time>
      </trkpt>
      <trkpt lat="52.4883852559429" lon="13.512991744217507">
        <ele>35.08239100781977</ele>
        <time>2025-09-28T11:02:04.827Z</time>
      </trkpt>
      <trkpt lat="52.48826486133186" lon="13.512897021648943">
        <ele>35.36252247296683</ele>
        <time>2025-09-28T11:02:09.843Z</time>
      </trkpt>
      <trkpt lat="52.48812935466307" lon="13.512820821497836">
        <ele>35.40442527319415</ele>
        <time>2025-09-28T11:02:14.748Z</time>
      </trkpt>
      <trkpt lat="52.48797133926165" lon="13.512733109772887">
        <ele>35.65906310738808</ele>
        <time>2025-09-28T11:02:19.782Z</time>
      </trkpt>
      <trkpt lat="52.48784843199776" lon="13.512655842307739">
        <ele>35.62176004611401</ele>
        <time>2025-09-28T11:02:24.794Z</time>
      </trkpt>
      <trkpt lat="52.4876994461141" lon="13.512583673618433">
        <ele>34.8976279841285</ele>
        <time>2025-09-28T11:02:29.784Z</time>
      </trkpt>
      <trkpt lat="52.48756021773024" lon="13.512482202608734">
        <ele>35.42738259890897</ele>
        <time>2025-09-28T11:02:34.945Z</time>
      </trkpt>
      <trkpt lat="52.48743678119727" lon="13.512418019120199">
        <ele>35.233066916694085</ele>
        <time>2025-09-28T11:02:39.861Z</time>
      </trkpt>
      <trkpt lat="52.48731308654825" lon="13.512322092616959">
        <ele>35.5968043215498</ele>
        <time>2025-09-28T11:02:44.980Z</time>
      </trkpt>
      <trkpt lat="52.487168470978155" lon="13.512258168963118">
        <ele>35.42391319250573</ele>
        <time>2025-09-28T11:02:49.988Z</time>
      </trkpt>
      <trkpt lat="52.487019113425504" lon="13.51216173595085">
        <ele>35.04978222445171</ele>
        <time>2025-09-28T11:02:54.919Z</time>
      </trkpt>
      <trkpt lat="52.48689344522355" lon="13.512093833837204">
        <ele>35.418341189094214</ele>
        <time>2025-09-28T11:03:00.066Z</time>
      </trkpt>
      <trkpt lat="52.48675059758812" lon="13.51199490853513">
        <ele>35.12833066804255</ele>
        <time>2025-09-28T11:03:05.103Z</time>
      </trkpt>
      <trkpt lat="52.48663274864519" lon="13.511908887194885">
        <ele>35.10973353155511</ele>
        <time>2025-09-28T11:03:10.132Z</time>
      </trkpt>
      <trkpt lat="52.48648360256272" lon="13.511826645401648">
        <ele>35.31213232918898</ele>
        <time>2025-09-28T11:03:15.156Z</time>
      </trkpt>
      <trkpt lat="52.4863422312218" lon="13.5117585995395">
        <ele>35.21349792985202</ele>
        <time>2025-09-28T11:03:20.058Z</time>
      </trkpt>
      <trkpt lat="52.486222270132025" lon="13.511675606942566">
        <ele>34.90466304176145</ele>
        <time>2025-09-28T11:03:24.987Z</time>
      </trkpt>
      <trkpt lat="52.48608583106733" lon="13.511604019321853">
        <ele>35.265689799667456</ele>
        <time>2025-09-28T11:03:29.910Z</time>
      </trkpt>
      <trkpt lat="52.48594777009023" lon="13.511503845789237">
        <ele>35.455749507863004</ele>
        <time>2025-09-28T11:03:34.966Z</time>
      </trkpt>
      <trkpt lat="52.48581170920577" lon="13.51143640143401">
        <ele>34.830857261835334</ele>
        <time>2025-09-28T11:03:39.767Z</time>
      </trkpt>
      <trkpt lat="52.48566602106135" lon="13.511335425969367">
        <ele>35.12803732543579</ele>
        <time>2025-09-28T11:03:44.875Z</time>
      </trkpt>
      <trkpt lat="52.48552896711335" lon="13.511267283656458">
        <ele>35.13601901633694</ele>
        <time>2025-09-28T11:03:49.885Z</time>
      </trkpt>
      <trkpt lat="52.48538360413043" lon="13.51117132121149">
        <ele>34.79913210929102</ele>
        <time>2025-09-28T11:03:54.826Z</time>
      </trkpt>
      <trkpt lat="52.48526208540347" lon="13.511114707502962">
        <ele>35.457919192122205</ele>
        <time>2025-09-28T11:03:59.922Z</time>
      </trkpt>
      <trkpt lat="52.485125671824115" lon="13.511010018432621">
        <ele>34.73579564666441</ele>
        <time>2025-09-28T11:04:04.919Z</time>
      </trkpt>
      <trkpt lat="52.484981095363416" lon="13.510950244799893">
        <ele>35.244582542486015</ele>
        <time>2025-09-28T11:04:09.998Z</time>
      </trkpt>
      <trkpt lat="52.484840780548566" lon="13.510864803311971">
        <ele>35.253860112311585</ele>
        <time>2025-09-28T11:04:15.038Z</time>
      </trkpt>
      <trkpt lat="52.48471572208157" lon="13.510780091221942">
        <ele>35.38096509518203</ele>
        <time>2025-09-28T11:04:20.097Z</time>
      </trkpt>
      <trkpt lat="52.48457436965027" lon="13.510704667175936">
        <ele>35.05208483555157</ele>
        <time>2025-09-28T11:04:24.988Z</time>
      </trkpt>
      <trkpt lat="52.48443438012896" lon="13.510622862525562">
        <ele>35.350749783287455</ele>
        <time>2025-09-28T11:04:30.166Z</time>
      </trkpt>
      <trkpt lat="52.48430450024183" lon="13.510534705584943">
        <ele>35.3073505392498</ele>
        <time>2025-09-28T11:04:35.176Z</time>
      </trkpt>
      <trkpt lat="52.48418608317453" lon="13.510442958839814">
        <ele>35.365497287146994</ele>
        <time>2025-09-28T11:04:40.148Z</time>
      </trkpt>
      <trkpt lat="52.48402291265363" lon="13.510371195577445">
        <ele>35.30893308661418</ele>
        <time>2025-09-28T11:04:45.264Z</time>
      </trkpt>
      <trkpt lat="52.483898696370254" lon="13.510290413979458">
        <ele>35.428265283686905</ele>
        <time>2025-09-28T11:04:50.205Z</time>
      </trkpt>
      <trkpt lat="52.48377179915562" lon="13.510195783002976">
        <ele>35.42624152098657</ele>
        <time>2025-09-28T11:04:55.122Z</time>
      </trkpt>
      <trkpt lat="52.48364267673357" lon="13.510133742452549">
        <ele>35.14429064295762</ele>
        <time>2025-09-28T11:04:59.964Z</time>
      </trkpt>
      <trkpt lat="52.483477129935224" lon="13.510052912948149">
        <ele>35.29164584847376</ele>
        <time>2025-09-28T11:05:04.849Z</time>
      </trkpt>
      <trkpt lat="52.48334301207454" lon="13.50995018575398">
        <ele>35.25012702946462</ele>
        <time>2025-09-28T11:05:09.743Z</time>
      </trkpt>
      <trkpt lat="52.48323256395617" lon="13.509884048000867">
        <ele>34.64157056808084</ele>
        <time>2025-09-28T11:05:14.650Z</time>
      </trkpt>
      <trkpt lat="52.483078368567874" lon="13.509783357356172">
        <ele>34.913190810701465</ele>
        <time>2025-09-28T11:05:19.624Z</time>
      </trkpt>
      <trkpt lat="52.48294903446811" lon="13.509730820872958">
        <ele>34.96513252750917</ele>
        <time>2025-09-28T11:05:24.777Z</time>
      </trkpt>
      <trkpt lat="52.48280832987391" lon="13.509632255880543">
        <ele>35.14519798926657</ele>
        <time>2025-09-28T11:05:29.904Z</time>
      </trkpt>
      <trkpt lat="52.48266034792506" lon="13.509551276041439">
        <ele>35.37131541630534</ele>
        <time>2025-09-28T11:05:35.039Z</time>
      </trkpt>
      <trkpt lat="52.48253863854194" lon="13.509469292268063">
        <ele>35.012765327700805</ele>
        <time>2025-09-28T11:05:39.914Z</time>
      </trkpt>
      <trkpt lat="52.48245666378583" lon="13.509286498093676">
        <ele>34.76369147084391</ele>
        <time>2025-09-28T11:05:44.777Z</time>
      </trkpt>
      <trkpt lat="52.48233836961429" lon="13.50910353975176">
        <ele>34.68383513140021</ele>
        <time>2025-09-28T11:05:49.831Z</time>
      </trkpt>
      <trkpt lat="52.482263541725395" lon="13.508920829516324">
        <ele>35.191241699767005</ele>
        <time>2025-09-28T11:05:55.020Z</time>
      </trkpt>
      <trkpt lat="52.482159027867354" lon="13.508744442681664">
        <ele>34.8267802584548</ele>
        <time>2025-09-28T11:06:00.094Z</time>
      </trkpt>
      <trkpt lat="52.482054976702834" lon="13.508572771848568">
        <ele>34.638024994161164</ele>
        <time>2025-09-28T11:06:05.191Z</time>
      </trkpt>
      <trkpt lat="52.48196412580383" lon="13.508388197611579">
        <ele>34.880368079818744</ele>
        <time>2025-09-28T11:06:10.193Z</time>
      </trkpt>
      <trkpt lat="52.48187086945034" lon="13.50821282982783">
        <ele>34.659247270453456</ele>
        <time>2025-09-28T11:06:15.210Z</time>
      </trkpt>
      <trkpt lat="52.48177063316167" lon="13.508054358102543">
        <ele>34.70199843614498</ele>
        <time>2025-09-28T11:06:20.363Z</time>
      </trkpt>
      <trkpt lat="52.48166275737888" lon="13.507866882600016">
        <ele>35.11611907267871</ele>
        <time>2025-09-28T11:06:25.337Z</time>
      </trkpt>
      <trkpt lat="52.48157248452136" lon="13.507706093743433">
        <ele>34.83513774716014</ele>
        <time>2025-09-28T11:06:30.290Z</time>
      </trkpt>
      <trkpt lat="52.481490682931444" lon="13.507501870262846">
        <ele>35.24202951393531</ele>
        <time>2025-09-28T11:06:35.232Z</time>
      </trkpt>
      <trkpt lat="52.48136951568586" lon="13.507333718947343">
        <ele>35.17824839072534</ele>
        <time>2025-09-28T11:06:40.123Z</time>
      </trkpt>
      <trkpt lat="52.48128429576625" lon="13.507156637423384">
        <ele>35.17503511049807</ele>
        <time>2025-09-28T11:06:45.182Z</time>
      </trkpt>
      <trkpt lat="52.48119380795566" lon="13.506992977243204">
        <ele>34.680719991249966</ele>
        <time>2025-09-28T11:06:49.975Z</time>
      </trkpt>
      <trkpt lat="52.48110444167617" lon="13.506800503148508">
        <ele>35.16287432710245</ele>
        <time>2025-09-28T11:06:55.040Z</time>
      </trkpt>
      <trkpt lat="52.48100424365858" lon="13.50662877781885">
        <ele>34.794947129575085</ele>
        <time>2025-09-28T11:06:59.916Z</time>
      </trkpt>
      <trkpt lat="52.48090091928054" lon="13.506463969076034">
        <ele>35.1301583676797</ele>
        <time>2025-09-28T11:07:04.920Z</time>
      </trkpt>
      <trkpt lat="52.480793209345705" lon="13.506281976722615">
        <ele>34.85755826677104</ele>
        <time>2025-09-28T11:07:09.793Z</time>
      </trkpt>
      <trkpt lat="52.480705749789415" lon="13.50609601809465">
        <ele>34.90169679445846</ele>
        <time>2025-09-28T11:07:14.894Z</time>
      </trkpt>
      <trkpt lat="52.48062252697139" lon="13.505930839907425">
        <ele>35.20024058558469</ele>
        <time>2025-09-28T11:07:19.827Z</time>
      </trkpt>
      <trkpt lat="52.48050244140165" lon="13.505734055844941">
        <ele>34.58634265459356</ele>
        <time>2025-09-28T11:07:24.701Z</time>
      </trkpt>
      <trkpt lat="52.480414200744015" lon="13.505558877794071">
        <ele>34.76877836925913</ele>
        <time>2025-09-28T11:07:29.829Z</time>
      </trkpt>
      <trkpt lat="52.48030854442301" lon="13.505380031792344">
        <ele>34.43683907323312</ele>
        <time>2025-09-28T11:07:34.837Z</time>
      </trkpt>
      <trkpt lat="52.48021349468798" lon="13.505209115303316">
        <ele>34.436660786639486</ele>
        <time>2025-09-28T11:07:39.954Z</time>
      </trkpt>
      <trkpt lat="52.48013182320739" lon="13.505040613906575">
        <ele>34.630263402260205</ele>
        <time>2025-09-28T11:07:45.014Z</time>
      </trkpt>
      <trkpt lat="52.4800163494458" lon="13.504850681757365">
        <ele>34.69138294455694</ele>
        <time>2025-09-28T11:07:49.980Z</time>
      </trkpt>
      <trkpt lat="52.47992058112554" lon="13.504685190170257">
        <ele>34.66664901617805</ele>
        <time>2025-09-28T11:07:54.885Z</time>
      </trkpt>
      <trkpt lat="52.47984207177023" lon="13.504510980188163">
        <ele>34.81971465873213</ele>
        <time>2025-09-28T11:08:00.019Z</time>
      </trkpt>
      <trkpt lat="52.47974294464313" lon="13.504331012565032">
        <ele>34.60019676057094</ele>
        <time>2025-09-28T11:08:05.062Z</time>
      </trkpt>
      <trkpt lat="52.4796547041749" lon="13.504157500171004">
        <ele>34.4166080103089</ele>
        <time>2025-09-28T11:08:10.103Z</time>
      </trkpt>
      <trkpt lat="52.479552584418286" lon="13.503975153413368">
        <ele>34.76700263871797</ele>
        <time>2025-09-28T11:08:15.021Z</time>
      </trkpt>
      <trkpt lat="52.47944858276335" lon="13.503803692464064">
        <ele>34.4534453305766</ele>
        <time>2025-09-28T11:08:20.057Z</time>
      </trkpt>
      <trkpt lat="52.47934954860228" lon="13.503614013134477">
        <ele>34.811064649527296</ele>
        <time>2025-09-28T11:08:25.161Z</time>
      </trkpt>
      <trkpt lat="52.47926718567299" lon="13.503452889662666">
        <ele>34.72334914691105</ele>
        <time>2025-09-28T11:08:30.167Z</time>
      </trkpt>
      <trkpt lat="52.47916309722789" lon="13.503261091430684">
        <ele>34.427887583729685</ele>
        <time>2025-09-28T11:08:35.039Z</time>
      </trkpt>
      <trkpt lat="52.47907308386447" lon="13.503076599977943">
        <ele>34.70672383499203</ele>
        <time>2025-09-28T11:08:40.165Z</time>
      </trkpt>
      <trkpt lat="52.47896867147917" lon="13.502905548498894">
        <ele>34.594880889799796</ele>
        <time>2025-09-28T11:08:45.054Z</time>
      </trkpt>
      <trkpt lat="52.478860105968984" lon="13.502718072510826">
        <ele>35.014759558536234</ele>
        <time>2025-09-28T11:08:50.001Z</time>
      </trkpt>
      <trkpt lat="52.47876945669452" lon="13.502563225226998">
        <ele>34.77389022533958</ele>
        <time>2025-09-28T11:08:55.035Z</time>
      </trkpt>
      <trkpt lat="52.478668986312286" lon="13.50239178252998">
        <ele>34.9715277772021</ele>
        <time>2025-09-28T11:09:00.154Z</time>
      </trkpt>
      <trkpt lat="52.478582936332764" lon="13.5021937764369">
        <ele>34.63903920779694</ele>
        <time>2025-09-28T11:09:05.016Z</time>
      </trkpt>
      <trkpt lat="52.478488988693776" lon="13.502010119325291">
        <ele>34.54908100274872</ele>
        <time>2025-09-28T11:09:10.023Z</time>
      </trkpt>
      <trkpt lat="52.478380658744875" lon="13.501851047630284">
        <ele>34.35672889337214</ele>
        <time>2025-09-28T11:09:14.887Z</time>
      </trkpt>
      <trkpt lat="52.47829473835525" lon="13.501675847644698">
        <ele>34.83748821250225</ele>
        <time>2025-09-28T11:09:20.042Z</time>
      </trkpt>
      <trkpt lat="52.47820170325524" lon="13.501481272312706">
        <ele>34.55635389843809</ele>
        <time>2025-09-28T11:09:25.095Z</time>
      </trkpt>
      <trkpt lat="52.47808183815139" lon="13.501321694765888">
        <ele>34.302039265005085</ele>
        <time>2025-09-28T11:09:30.178Z</time>
      </trkpt>
      <trkpt lat="52.478003495948094" lon="13.50115035850278">
        <ele>35.00199810206325</ele>
        <time>2025-09-28T11:09:35.310Z</time>
      </trkpt>
      <trkpt lat="52.47790683886989" lon="13.500947077136326">
        <ele>34.72237009497516</ele>
        <time>2025-09-28T11:09:40.388Z</time>
      </trkpt>
      <trkpt lat="52.477793026275826" lon="13.500769642508331">
        <ele>34.86032831502095</ele>
        <time>2025-09-28T11:09:45.412Z</time>
      </trkpt>
      <trkpt lat="52.47771156700308" lon="13.500619812929383">
        <ele>34.442588019778206</ele>
        <time>2025-09-28T11:09:50.391Z</time>
      </trkpt>
      <trkpt lat="52.4776082611395" lon="13.500425875479987">
        <ele>34.77933107899964</ele>
        <time>2025-09-28T11:09:55.438Z</time>
      </trkpt>
      <trkpt lat="52.477505911717266" lon="13.50025817823664">
        <ele>34.55486739919773</ele>
        <time>2025-09-28T11:10:00.452Z</time>
      </trkpt>
      <trkpt lat="52.477411553226865" lon="13.50007745665216">
        <ele>34.355950925052596</ele>
        <time>2025-09-28T11:10:05.295Z</time>
      </trkpt>
      <trkpt lat="52.477318843429785" lon="13.499907691312313">
        <ele>34.922341946277975</ele>
        <time>2025-09-28T11:10:10.239Z</time>
      </trkpt>
      <trkpt lat="52.47722246919443" lon="13.49973209324428">
        <ele>34.89599720256029</ele>
        <time>2025-09-28T11:10:15.310Z</time>
      </trkpt>
      <trkpt lat="52.47712872180638" lon="13.499548415438172">
        <ele>34.32076465431948</ele>
        <time>2025-09-28T11:10:20.312Z</time>
      </trkpt>
      <trkpt lat="52.4770340594473" lon="13.499376051275128">
        <ele>34.40623837675106</ele>
        <time>2025-09-28T11:10:25.437Z</time>
      </trkpt>
      <trkpt lat="52.47694039395844" lon="13.49919008166497">
        <ele>34.20686633070861</ele>
        <time>2025-09-28T11:10:30.416Z</time>
      </trkpt>
      <trkpt lat="52.47684121548605" lon="13.499011746251519">
        <ele>34.66469866380748</ele>
        <time>2025-09-28T11:10:35.371Z</time>
      </trkpt>
      <trkpt lat="52.476737060228814" lon="13.498819137726393">
        <ele>34.33844077001769</ele>
        <time>2025-09-28T11:10:40.199Z</time>
      </trkpt>
      <trkpt lat="52.47665814459411" lon="13.49865306240957">
        <ele>34.74984441170702</ele>
        <time>2025-09-28T11:10:45.293Z</time>
      </trkpt>
      <trkpt lat="52.476557398301885" lon="13.498484830895723">
        <ele>34.49301812795016</ele>
        <time>2025-09-28T11:10:50.154Z</time>
      </trkpt>
      <trkpt lat="52.4764473512278" lon="13.498300718455727">
        <ele>34.13411094602013</ele>
        <time>2025-09-28T11:10:55.195Z</time>
      </trkpt>
      <trkpt lat="52.47634946757506" lon="13.498139385989619">
        <ele>34.605633083009884</ele>
        <time>2025-09-28T11:11:00.216Z</time>
      </trkpt>
      <trkpt lat="52.47626765342985" lon="13.4979363981173">
        <ele>34.117376742375576</ele>
        <time>2025-09-28T11:11:05.269Z</time>
      </trkpt>
      <trkpt lat="52.476154066719886" lon="13.497779603711875">
        <ele>34.3319780479011</ele>
        <time>2025-09-28T11:11:10.169Z</time>
      </trkpt>
      <trkpt lat="52.47607340516554" lon="13.49760087897529">
        <ele>34.693065842342605</ele>
        <time>2025-09-28T11:11:15.242Z</time>
      </trkpt>
      <trkpt lat="52.47597375045681" lon="13.497411450553425">
        <ele>34.36651127109006</ele>
        <time>2025-09-28T11:11:20.273Z</time>
      </trkpt>
      <trkpt lat="52.47587603460769" lon="13.497249268102568">
        <ele>34.569420304116385</ele>
        <time>2025-09-28T11:11:25.180Z</time>
      </trkpt>
      <trkpt lat="52.4757745449502" lon="13.497070195664563">
        <ele>34.386339616209554</ele>
        <time>2025-09-28T11:11:30.284Z</time>
      </trkpt>
      <trkpt lat="52.47567320196704" lon="13.496877142334768">
        <ele>34.25369969701401</ele>
        <time>2025-09-28T11:11:35.260Z</time>
      </trkpt>
      <trkpt lat="52.4755745951617" lon="13.496716156581627">
        <ele>34.35829235841317</ele>
        <time>2025-09-28T11:11:40.171Z</time>
      </trkpt>
      <trkpt lat="52.475487343383676" lon="13.496527625220784">
        <ele>34.19412163000142</ele>
        <time>2025-09-28T11:11:45.082Z</time>
      </trkpt>
      <trkpt lat="52.475396728471914" lon="13.496360824588946">
        <ele>34.014156396783264</ele>
        <time>2025-09-28T11:11:50.051Z</time>
      </trkpt>
      <trkpt lat="52.475302774309704" lon="13.496188672180157">
        <ele>34.44701986194689</ele>
        <time>2025-09-28T11:11:55.192Z</time>
      </trkpt>
      <trkpt lat="52.47520496339179" lon="13.495986600651888">
        <ele>34.57203378673535</ele>
        <time>2025-09-28T11:12:00.293Z</time>
      </trkpt>
      <trkpt lat="52.475105330616536" lon="13.495830011732437">
        <ele>34.515839612844026</ele>
        <time>2025-09-28T11:12:05.153Z</time>
      </trkpt>
      <trkpt lat="52.47500929668455" lon="13.495638317396063">
        <ele>34.57291761787082</ele>
        <time>2025-09-28T11:12:10.123Z</time>
      </trkpt>
      <trkpt lat="52.47491844429134" lon="13.495471737325069">
        <ele>34.306133335309205</ele>
        <time>2025-09-28T11:12:15.052Z</time>
      </trkpt>
      <trkpt lat="52.47479551093283" lon="13.49528268755082">
        <ele>33.95950001782725</ele>
        <time>2025-09-28T11:12:19.999Z</time>
      </trkpt>
      <trkpt lat="52.47471618427227" lon="13.495104631000935">
        <ele>34.10319999521377</ele>
        <time>2025-09-28T11:12:25.059Z</time>
      </trkpt>
      <trkpt lat="52.47461513359911" lon="13.49494708208363">
        <ele>34.22944664408023</ele>
        <time>2025-09-28T11:12:30.051Z</time>
      </trkpt>
      <trkpt lat="52.474531842717624" lon="13.49476873959679">
        <ele>34.41338651753322</ele>
        <time>2025-09-28T11:12:35.135Z</time>
      </trkpt>
      <trkpt lat="52.47441663785336" lon="13.494581463725956">
        <ele>34.04710553826847</ele>
        <time>2025-09-28T11:12:40.107Z</time>
      </trkpt>
      <trkpt lat="52.47433946974967" lon="13.494407770878519">
        <ele>33.9985866984433</ele>
        <time>2025-09-28T11:12:44.985Z</time>
      </trkpt>
      <trkpt lat="52.47423301437219" lon="13.494227064682242">
        <ele>34.658164909702165</ele>
        <time>2025-09-28T11:12:50.094Z</time>
      </trkpt>
      <trkpt lat="52.47413379497517" lon="13.494056537654803">
        <ele>34.120101544693256</ele>
        <time>2025-09-28T11:12:54.963Z</time>
      </trkpt>
      <trkpt lat="52.474039233439846" lon="13.493877973976865">
        <ele>34.43796288137502</ele>
        <time>2025-09-28T11:13:00.039Z</time>
      </trkpt>
      <trkpt lat="52.47393023938634" lon="13.493707943163571">
        <ele>33.954156558327064</ele>
        <time>2025-09-28T11:13:04.994Z</time>
      </trkpt>
      <trkpt lat="52.47383813258769" lon="13.493515856150394">
        <ele>34.207839793290404</ele>
        <time>2025-09-28T11:13:10.018Z</time>
      </trkpt>
      <trkpt lat="52.47375606664123" lon="13.493336149352677">
        <ele>33.949986064410936</ele>
        <time>2025-09-28T11:13:14.960Z</time>
      </trkpt>
      <trkpt lat="52.47364505122756" lon="13.493154602154027">
        <ele>33.925069749730575</ele>
        <time>2025-09-28T11:13:19.983Z</time>
      </trkpt>
      <trkpt lat="52.47353938872708" lon="13.492998746813466">
        <ele>34.42367438565072</ele>
        <time>2025-09-28T11:13:24.932Z</time>
      </trkpt>
      <trkpt lat="52.47345396971066" lon="13.492807824232196">
        <ele>33.94922087887157</ele>
        <time>2025-09-28T11:13:29.718Z</time>
      </trkpt>
      <trkpt lat="52.47334630364621" lon="13.492626542373404">
        <ele>34.49344806045871</ele>
        <time>2025-09-28T11:13:34.901Z</time>
      </trkpt>
      <trkpt lat="52.47327450439507" lon="13.492445241398055">
        <ele>33.88969574972424</ele>
        <time>2025-09-28T11:13:39.734Z</time>
      </trkpt>
      <trkpt lat="52.473175005350534" lon="13.492278245579746">
        <ele>34.16560640236522</ele>
        <time>2025-09-28T11:13:44.662Z</time>
      </trkpt>
      <trkpt lat="52.4730806411652" lon="13.492098604456833">
        <ele>34.075635881321006</ele>
        <time>2025-09-28T11:13:49.726Z</time>
      </trkpt>
      <trkpt lat="52.472967410536825" lon="13.491912065386726">
        <ele>34.50935243703166</ele>
        <time>2025-09-28T11:13:54.646Z</time>
      </trkpt>
      <trkpt lat="52.47287406500084" lon="13.491741362914864">
        <ele>33.81996618735136</ele>
        <time>2025-09-28T11:13:59.449Z</time>
      </trkpt>
      <trkpt lat="52.47279380703918" lon="13.49155738002941">
        <ele>33.85513510206037</ele>
        <time>2025-09-28T11:14:04.383Z</time>
      </trkpt>
      <trkpt lat="52.47268119612704" lon="13.491380869826541">
        <ele>34.35385886549995</ele>
        <time>2025-09-28T11:14:09.336Z</time>
      </trkpt>
      <trkpt lat="52.47258759701713" lon="13.491226812129657">
        <ele>34.246663057718656</ele>
        <time>2025-09-28T11:14:14.270Z</time>
      </trkpt>
      <trkpt lat="52.47250071807258" lon="13.49105095156724">
        <ele>34.14310354137421</ele>
        <time>2025-09-28T11:14:19.126Z</time>
      </trkpt>
      <trkpt lat="52.4723897483209" lon="13.49087049649177">
        <ele>34.427524375322974</ele>
        <time>2025-09-28T11:14:24.030Z</time>
      </trkpt>
      <trkpt lat="52.47229334324442" lon="13.490677857628045">
        <ele>34.199389304026504</ele>
        <time>2025-09-28T11:14:29.060Z</time>
      </trkpt>
      <trkpt lat="52.47221402771422" lon="13.490501540071877">
        <ele>33.84641417955911</ele>
        <time>2025-09-28T11:14:33.859Z</time>
      </trkpt>
      <trkpt lat="52.47210048109193" lon="13.490330147974516">
        <ele>34.38106962018368</ele>
        <time>2025-09-28T11:14:39.048Z</time>
      </trkpt>
      <trkpt lat="52.47201819068717" lon="13.490155901808704">
        <ele>34.17732259302845</ele>
        <time>2025-09-28T11:14:44.125Z</time>
      </trkpt>
      <trkpt lat="52.471924823794616" lon="13.489971131242998">
        <ele>34.41665831944209</ele>
        <time>2025-09-28T11:14:49.175Z</time>
      </trkpt>
      <trkpt lat="52.471817955594005" lon="13.489799090788704">
        <ele>34.38969170724069</ele>
        <time>2025-09-28T11:14:54.281Z</time>
      </trkpt>
      <trkpt lat="52.47171604307893" lon="13.4896190024673">
        <ele>34.320290285496085</ele>
        <time>2025-09-28T11:14:59.315Z</time>
      </trkpt>
      <trkpt lat="52.47160623713504" lon="13.489442391608751">
        <ele>33.74879728610236</ele>
        <time>2025-09-28T11:15:04.156Z</time>
      </trkpt>
      <trkpt lat="52.47151030287426" lon="13.489278237003727">
        <ele>33.811195170891985</ele>
        <time>2025-09-28T11:15:09.105Z</time>
      </trkpt>
      <trkpt lat="52.47142824797976" lon="13.489079073974741">
        <ele>34.12605555564287</ele>
        <time>2025-09-28T11:15:14.031Z</time>
      </trkpt>
      <trkpt lat="52.47131542766638" lon="13.488920508181446">
        <ele>33.675134744932</ele>
        <time>2025-09-28T11:15:18.893Z</time>
      </trkpt>
      <trkpt lat="52.4712472579649" lon="13.488734497826995">
        <ele>34.25119043523149</ele>
        <time>2025-09-28T11:15:23.862Z</time>
      </trkpt>
      <trkpt lat="52.47112966867696" lon="13.488542659297119">
        <ele>34.298200988326755</ele>
        <time>2025-09-28T11:15:28.891Z</time>
      </trkpt>
      <trkpt lat="52.47103766914474" lon="13.48837276506656">
        <ele>34.17312569949062</ele>
        <time>2025-09-28T11:15:34.004Z</time>
      </trkpt>
      <trkpt lat="52.47095155881745" lon="13.488201547447996">
        <ele>34.29053124802195</ele>
        <time>2025-09-28T11:15:38.926Z</time>
      </trkpt>
      <trkpt lat="52.47083206880862" lon="13.488029609017321">
        <ele>34.251107802994404</ele>
        <time>2025-09-28T11:15:44.024Z</time>
      </trkpt>
      <trkpt lat="52.47073945983666" lon="13.487862551840834">
        <ele>34.20730368610061</ele>
        <time>2025-09-28T11:15:49.120Z</time>
      </trkpt>
      <trkpt lat="52.47066476223774" lon="13.487658979954125">
        <ele>33.80405868688911</ele>
        <time>2025-09-28T11:15:54.024Z</time>
      </trkpt>
      <trkpt lat="52.4705716394361" lon="13.48750643459056">
        <ele>33.62844439436785</ele>
        <time>2025-09-28T11:15:59.017Z</time>
      </trkpt>
      <trkpt lat="52.470499705686436" lon="13.48726506644876">
        <ele>34.278621970489624</ele>
        <time>2025-09-28T11:16:04.170Z</time>
      </trkpt>
      <trkpt lat="52.47045037330723" lon="13.487070734831033">
        <ele>33.74446300603449</ele>
        <time>2025-09-28T11:16:09.081Z</time>
      </trkpt>
      <trkpt lat="52.47038175007317" lon="13.48683312244204">
        <ele>33.86580292768777</ele>
        <time>2025-09-28T11:16:14.096Z</time>
      </trkpt>
      <trkpt lat="52.47032845018858" lon="13.486641125176668">
        <ele>33.807850901037455</ele>
        <time>2025-09-28T11:16:19.001Z</time>
      </trkpt>
      <trkpt lat="52.47026121509728" lon="13.486409987292856">
        <ele>34.059905492514375</ele>
        <time>2025-09-28T11:16:24.061Z</time>
      </trkpt>
      <trkpt lat="52.470198585855144" lon="13.48619425107096">
        <ele>34.24375970605761</ele>
        <time>2025-09-28T11:16:29.071Z</time>
      </trkpt>
      <trkpt lat="52.47015483579762" lon="13.485978981261626">
        <ele>34.00365608409047</ele>
        <time>2025-09-28T11:16:34.152Z</time>
      </trkpt>
      <trkpt lat="52.47008018800138" lon="13.485760979862677">
        <ele>33.935813936963676</ele>
        <time>2025-09-28T11:16:39.053Z</time>
      </trkpt>
      <trkpt lat="52.47002159746758" lon="13.485530652710205">
        <ele>33.96609746124595</ele>
        <time>2025-09-28T11:16:44.145Z</time>
      </trkpt>
      <trkpt lat="52.469976526853785" lon="13.485326820562058">
        <ele>33.81474764794111</ele>
        <time>2025-09-28T11:16:49.078Z</time>
      </trkpt>
      <trkpt lat="52.469901166233726" lon="13.485105192195302">
        <ele>33.89493249375373</ele>
        <time>2025-09-28T11:16:54.224Z</time>
      </trkpt>
      <trkpt lat="52.469868728430676" lon="13.484890735661386">
        <ele>33.796319908834995</ele>
        <time>2025-09-28T11:16:59.083Z</time>
      </trkpt>
      <trkpt lat="52.46979618309041" lon="13.48465581687728">
        <ele>34.16697185132652</ele>
        <time>2025-09-28T11:17:03.991Z</time>
      </trkpt>
      <trkpt lat="52.469744514444834" lon="13.484440895872773">
        <ele>33.681502144783735</ele>
        <time>2025-09-28T11:17:08.861Z</time>
      </trkpt>
      <trkpt lat="52.469676183621736" lon="13.484232390963097">
        <ele>33.90473084468395</ele>
        <time>2025-09-28T11:17:13.849Z</time>
      </trkpt>
      <trkpt lat="52.46961449362658" lon="13.484017922151095">
        <ele>33.82155917212367</ele>
        <time>2025-09-28T11:17:18.713Z</time>
      </trkpt>
      <trkpt lat="52.46955858268802" lon="13.48378697578937">
        <ele>34.303709644824266</ele>
        <time>2025-09-28T11:17:23.824Z</time>
      </trkpt>
      <trkpt lat="52.46951239703913" lon="13.483580805026241">
        <ele>34.35004337802529</ele>
        <time>2025-09-28T11:17:28.727Z</time>
      </trkpt>
      <trkpt lat="52.46945553769822" lon="13.483353645599449">
        <ele>34.12466242350638</ele>
        <time>2025-09-28T11:17:33.716Z</time>
      </trkpt>
      <trkpt lat="52.469393662943986" lon="13.48314046244428">
        <ele>33.96740408930928</ele>
        <time>2025-09-28T11:17:38.645Z</time>
      </trkpt>
      <trkpt lat="52.4693464150391" lon="13.482914628511987">
        <ele>34.00088789947331</ele>
        <time>2025-09-28T11:17:43.717Z</time>
      </trkpt>
      <trkpt lat="52.4692667416304" lon="13.482695451336758">
        <ele>33.79356793053448</ele>
        <time>2025-09-28T11:17:48.540Z</time>
      </trkpt>
      <trkpt lat="52.46922807736193" lon="13.48249750283202">
        <ele>34.062745194137094</ele>
        <time>2025-09-28T11:17:53.729Z</time>
      </trkpt>
      <trkpt lat="52.46916480280615" lon="13.482268858594812">
        <ele>33.73725947048515</ele>
        <time>2025-09-28T11:17:58.541Z</time>
      </trkpt>
      <trkpt lat="52.469086165003446" lon="13.48203805930215">
        <ele>33.97426500786096</ele>
        <time>2025-09-28T11:18:03.624Z</time>
      </trkpt>
      <trkpt lat="52.469043762662885" lon="13.481837509048926">
        <ele>33.88936357088387</ele>
        <time>2025-09-28T11:18:08.745Z</time>
      </trkpt>
      <trkpt lat="52.46898403520455" lon="13.481620880199118">
        <ele>34.19101741276681</ele>
        <time>2025-09-28T11:18:13.841Z</time>
      </trkpt>
      <trkpt lat="52.46893576748916" lon="13.481387473222469">
        <ele>33.98781751934439</ele>
        <time>2025-09-28T11:18:18.947Z</time>
      </trkpt>
      <trkpt lat="52.468881269060006" lon="13.481191217757923">
        <ele>33.95734908282757</ele>
        <time>2025-09-28T11:18:23.884Z</time>
      </trkpt>
      <trkpt lat="52.46881929719175" lon="13.480974564094419">
        <ele>34.095473246090116</ele>
        <time>2025-09-28T11:18:28.826Z</time>
      </trkpt>
      <trkpt lat="52.46875896420677" lon="13.480732593807067">
        <ele>33.60775439273566</ele>
        <time>2025-09-28T11:18:33.842Z</time>
      </trkpt>
      <trkpt lat="52.468693562683335" lon="13.480526446304193">
        <ele>34.30491604991257</ele>
        <time>2025-09-28T11:18:38.956Z</time>
      </trkpt>
      <trkpt lat="52.468633873329075" lon="13.48030650886997">
        <ele>33.944537677057085</ele>
        <time>2025-09-28T11:18:43.763Z</time>
      </trkpt>
      <trkpt lat="52.468570369911845" lon="13.48009856469238">
        <ele>33.94951900523156</ele>
        <time>2025-09-28T11:18:48.722Z</time>
      </trkpt>
      <trkpt lat="52.46850625249581" lon="13.479877824918827">
        <ele>33.684395141340794</ele>
        <time>2025-09-28T11:18:53.789Z</time>
      </trkpt>
      <trkpt lat="52.46845835921651" lon="13.479665384813053">
        <ele>34.28639348838478</ele>
        <time>2025-09-28T11:18:58.788Z</time>
      </trkpt>
      <trkpt lat="52.468405511795964" lon="13.479451690524668">
        <ele>34.120513264648615</ele>
        <time>2025-09-28T11:19:03.697Z</time>
      </trkpt>
      <trkpt lat="52.46834656537791" lon="13.479215689313728">
        <ele>34.306318583711985</ele>
        <time>2025-09-28T11:19:08.649Z</time>
      </trkpt>
      <trkpt lat="52.46827984734508" lon="13.478999535191921">
        <ele>34.323398660495876</ele>
        <time>2025-09-28T11:19:13.762Z</time>
      </trkpt>
      <trkpt lat="52.46824320297386" lon="13.478773218103635">
        <ele>33.92077416088432</ele>
        <time>2025-09-28T11:19:18.689Z</time>
      </trkpt>
      <trkpt lat="52.468161188745064" lon="13.478572329539903">
        <ele>33.967634100094436</ele>
        <time>2025-09-28T11:19:23.651Z</time>
      </trkpt>
      <trkpt lat="52.46812118040384" lon="13.478340758893882">
        <ele>34.29087949041277</ele>
        <time>2025-09-28T11:19:28.671Z</time>
      </trkpt>
      <trkpt lat="52.4680576046067" lon="13.478123602063654">
        <ele>34.16480975914747</ele>
        <time>2025-09-28T11:19:33.609Z</time>
      </trkpt>
      <trkpt lat="52.46799949687441" lon="13.477901507385342">
        <ele>33.60711150113493</ele>
        <time>2025-09-28T11:19:38.509Z</time>
      </trkpt>
      <trkpt lat="52.46792561307716" lon="13.4777021171343">
        <ele>33.827294473722574</ele>
        <time>2025-09-28T11:19:43.622Z</time>
      </trkpt>
      <trkpt lat="52.46786634848334" lon="13.477484063984747">
        <ele>34.02866016253829</ele>
        <time>2025-09-28T11:19:48.605Z</time>
      </trkpt>
      <trkpt lat="52.46781980163781" lon="13.477265808552767">
        <ele>34.37493720222265</ele>
        <time>2025-09-28T11:19:53.681Z</time>
      </trkpt>
      <trkpt lat="52.4677722644077" lon="13.477052527239556">
        <ele>33.73322515208274</ele>
        <time>2025-09-28T11:19:58.629Z</time>
      </trkpt>
      <trkpt lat="52.46771434077653" lon="13.476819655104997">
        <ele>33.791582411341366</ele>
        <time>2025-09-28T11:20:03.495Z</time>
      </trkpt>
      <trkpt lat="52.46765342403456" lon="13.476590841694597">
        <ele>34.23314110133797</ele>
        <time>2025-09-28T11:20:08.679Z</time>
      </trkpt>
      <trkpt lat="52.46757969421158" lon="13.476395702585997">
        <ele>34.07234776075929</ele>
        <time>2025-09-28T11:20:13.516Z</time>
      </trkpt>
      <trkpt lat="52.467523868019235" lon="13.476169663635796">
        <ele>34.26539823412895</ele>
        <time>2025-09-28T11:20:18.691Z</time>
      </trkpt>
      <trkpt lat="52.46747390440856" lon="13.475963760522971">
        <ele>34.39908368736506</ele>
        <time>2025-09-28T11:20:23.848Z</time>
      </trkpt>
      <trkpt lat="52.467408733444394" lon="13.47574815167534">
        <ele>33.899370163865385</ele>
        <time>2025-09-28T11:20:28.821Z</time>
      </trkpt>
      <trkpt lat="52.467350189958545" lon="13.475503772896278">
        <ele>33.64307683128864</ele>
        <time>2025-09-28T11:20:33.755Z</time>
      </trkpt>
      <trkpt lat="52.467314578959794" lon="13.47530661447343">
        <ele>34.36424488127231</ele>
        <time>2025-09-28T11:20:38.920Z</time>
      </trkpt>
      <trkpt lat="52.46724839064462" lon="13.475084662167191">
        <ele>33.69825323801488</ele>
        <time>2025-09-28T11:20:43.698Z</time>
      </trkpt>
      <trkpt lat="52.46719378854816" lon="13.474858522705558">
        <ele>34.334920750930905</ele>
        <time>2025-09-28T11:20:48.895Z</time>
      </trkpt>
      <trkpt lat="52.467139752960755" lon="13.474648866629847">
        <ele>33.810212505236265</ele>
        <time>2025-09-28T11:20:53.785Z</time>
      </trkpt>
      <trkpt lat="52.46706319081921" lon="13.474433458703219">
        <ele>34.17472397107631</ele>
        <time>2025-09-28T11:20:58.977Z</time>
      </trkpt>
      <trkpt lat="52.46700755154922" lon="13.474201063715741">
        <ele>33.75916881319135</ele>
        <time>2025-09-28T11:21:03.858Z</time>
      </trkpt>
      <trkpt lat="52.466952473090245" lon="13.473984735378032">
        <ele>34.0252474764362</ele>
        <time>2025-09-28T11:21:09.020Z</time>
      </trkpt>
      <trkpt lat="52.46690773885617" lon="13.473774225665595">
        <ele>33.866121638566256</ele>
        <time>2025-09-28T11:21:14.040Z</time>
      </trkpt>
      <trkpt lat="52.466837118027115" lon="13.473540803712883">
        <ele>34.14802638329566</ele>
        <time>2025-09-28T11:21:19.077Z</time>
      </trkpt>
      <trkpt lat="52.466788901131586" lon="13.47332769616374">
        <ele>33.789377827942374</ele>
        <time>2025-09-28T11:21:23.870Z</time>
      </trkpt>
      <trkpt lat="52.466733650070566" lon="13.473126442604006">
        <ele>33.69152494948357</ele>
        <time>2025-09-28T11:21:28.939Z</time>
      </trkpt>
      <trkpt lat="52.466661987143596" lon="13.472895077661281">
        <ele>34.10652449838817</ele>
        <time>2025-09-28T11:21:34.107Z</time>
      </trkpt>
      <trkpt lat="52.46660829209675" lon="13.472688233630045">
        <ele>34.251876861974594</ele>
        <time>2025-09-28T11:21:39.087Z</time>
      </trkpt>
      <trkpt lat="52.46654382336287" lon="13.472470810987225">
        <ele>33.87677082847804</ele>
        <time>2025-09-28T11:21:44.050Z</time>
      </trkpt>
      <trkpt lat="52.46647249549001" lon="13.472252241772525">
        <ele>33.994465509615836</ele>
        <time>2025-09-28T11:21:49.084Z</time>
      </trkpt>
      <trkpt lat="52.46643062916487" lon="13.472029413834825">
        <ele>34.387051408551635</ele>
        <time>2025-09-28T11:21:54.120Z</time>
      </trkpt>
      <trkpt lat="52.46636423926398" lon="13.471807648015455">
        <ele>33.89847167227417</ele>
        <time>2025-09-28T11:21:59.099Z</time>
      </trkpt>
      <trkpt lat="52.46630351792561" lon="13.471581595905294">
        <ele>33.66504107788205</ele>
        <time>2025-09-28T11:22:04.148Z</time>
      </trkpt>
      <trkpt lat="52.46624542276757" lon="13.471387728273662">
        <ele>33.67689750976861</ele>
        <time>2025-09-28T11:22:09.293Z</time>
      </trkpt>
      <trkpt lat="52.466210033500225" lon="13.471147838078322">
        <ele>34.13585373796523</ele>
        <time>2025-09-28T11:22:14.331Z</time>
      </trkpt>
      <trkpt lat="52.46612537828645" lon="13.470943663986109">
        <ele>33.89405755456537</ele>
        <time>2025-09-28T11:22:19.345Z</time>
      </trkpt>
      <trkpt lat="52.46607756234725" lon="13.470732174514255">
        <ele>34.33627604581416</ele>
        <time>2025-09-28T11:22:24.393Z</time>
      </trkpt>
      <trkpt lat="52.46602971836794" lon="13.470500656811485">
        <ele>33.657683606259525</ele>
        <time>2025-09-28T11:22:29.150Z</time>
      </trkpt>
      <trkpt lat="52.465949768210685" lon="13.470287622008776">
        <ele>33.76176633499563</ele>
        <time>2025-09-28T11:22:34.041Z</time>
      </trkpt>
      <trkpt lat="52.46589902775132" lon="13.47005532847058">
        <ele>34.362524872832</ele>
        <time>2025-09-28T11:22:39.105Z</time>
      </trkpt>
      <trkpt lat="52.46584896508012" lon="13.469852950022338">
        <ele>33.87908679097891</ele>
        <time>2025-09-28T11:22:43.942Z</time>
      </trkpt>
      <trkpt lat="52.46579716290122" lon="13.469624037425774">
        <ele>33.65945515073836</ele>
        <time>2025-09-28T11:22:48.771Z</time>
      </trkpt>
      <trkpt lat="52.46571810406239" lon="13.469411275818562">
        <ele>33.797227195464075</ele>
        <time>2025-09-28T11:22:53.904Z</time>
      </trkpt>
      <trkpt lat="52.465678803712116" lon="13.469205308077722">
        <ele>34.08913589436561</ele>
        <time>2025-09-28T11:22:58.898Z</time>
      </trkpt>
      <trkpt lat="52.465607560099805" lon="13.468995484270401">
        <ele>34.3546909051016</ele>
        <time>2025-09-28T11:23:03.976Z</time>
      </trkpt>
      <trkpt lat="52.46556123823699" lon="13.468759665646893">
        <ele>34.304601123929025</ele>
        <time>2025-09-28T11:23:08.990Z</time>
      </trkpt>
      <trkpt lat="52.465513536437015" lon="13.468553671618936">
        <ele>33.67468945421278</ele>
        <time>2025-09-28T11:23:13.910Z</time>
      </trkpt>
      <trkpt lat="52.46542835094365" lon="13.468312840443458">
        <ele>34.14225141443312</ele>
        <time>2025-09-28T11:23:18.934Z</time>
      </trkpt>
      <trkpt lat="52.46539425224856" lon="13.468123149126361">
        <ele>34.09302654843778</ele>
        <time>2025-09-28T11:23:23.955Z</time>
      </trkpt>
      <trkpt lat="52.465332301368576" lon="13.467905308767785">
        <ele>33.67335445806384</ele>
        <time>2025-09-28T11:23:28.871Z</time>
      </trkpt>
      <trkpt lat="52.46527224968983" lon="13.467686200676445">
        <ele>33.671987066790464</ele>
        <time>2025-09-28T11:23:33.855Z</time>
      </trkpt>
      <trkpt lat="52.46520321559347" lon="13.467459171954795">
        <ele>33.89811349976808</ele>
        <time>2025-09-28T11:23:38.941Z</time>
      </trkpt>
      <trkpt lat="52.46513912116217" lon="13.467238712738963">
        <ele>34.37142046224326</ele>
        <time>2025-09-28T11:23:44.001Z</time>
      </trkpt>
      <trkpt lat="52.4650994282352" lon="13.467033734467963">
        <ele>34.07488105930388</ele>
        <time>2025-09-28T11:23:48.956Z</time>
      </trkpt>
      <trkpt lat="52.46504087212369" lon="13.466809841745118">
        <ele>34.14054441228509</ele>
        <time>2025-09-28T11:23:54.029Z</time>
      </trkpt>
      <trkpt lat="52.46496850539761" lon="13.466591320536736">
        <ele>34.01344599872827</ele>
        <time>2025-09-28T11:23:58.896Z</time>
      </trkpt>
      <trkpt lat="52.464908131217186" lon="13.466381008132771">
        <ele>33.970552049577236</ele>
        <time>2025-09-28T11:24:03.759Z</time>
      </trkpt>
      <trkpt lat="52.46485312088356" lon="13.466136159460754">
        <ele>34.045891480334106</ele>
        <time>2025-09-28T11:24:08.791Z</time>
      </trkpt>
      <trkpt lat="52.46479482221301" lon="13.465928426826753">
        <ele>33.73848816379905</ele>
        <time>2025-09-28T11:24:13.826Z</time>
      </trkpt>
      <trkpt lat="52.464758287490405" lon="13.46572282242783">
        <ele>34.028998765908185</ele>
        <time>2025-09-28T11:24:18.811Z</time>
      </trkpt>
      <trkpt lat="52.464690578816544" lon="13.465486848626774">
        <ele>33.63445463888347</ele>
        <time>2025-09-28T11:24:23.758Z</time>
      </trkpt>
      <trkpt lat="52.464634694720516" lon="13.465287584331834">
        <ele>34.26726492997259</ele>
        <time>2025-09-28T11:24:28.992Z</time>
      </trkpt>
      <trkpt lat="52.46456030590467" lon="13.465053536686877">
        <ele>33.60280828829855</ele>
        <time>2025-09-28T11:24:33.978Z</time>
      </trkpt>
      <trkpt lat="52.464515194566694" lon="13.46482795682816">
        <ele>33.80053496733308</ele>
        <time>2025-09-28T11:24:39.098Z</time>
      </trkpt>
      <trkpt lat="52.464464880473365" lon="13.464613672651106">
        <ele>33.892367895133795</ele>
        <time>2025-09-28T11:24:44.084Z</time>
      </trkpt>
      <trkpt lat="52.46440109678066" lon="13.464392302326646">
        <ele>33.93096120003611</ele>
        <time>2025-09-28T11:24:49.123Z</time>
      </trkpt>
      <trkpt lat="52.46433128980586" lon="13.464186452286866">
        <ele>34.24114136882126</ele>
        <time>2025-09-28T11:24:54.270Z</time>
      </trkpt>
      <trkpt lat="52.464290758962925" lon="13.463978040522585">
        <ele>34.20221451483667</ele>
        <time>2025-09-28T11:24:59.178Z</time>
      </trkpt>
      <trkpt lat="52.46423266812836" lon="13.463754719447861">
        <ele>33.97476008757949</ele>
        <time>2025-09-28T11:25:04.020Z</time>
      </trkpt>
      <trkpt lat="52.46415458332941" lon="13.463529140081922">
        <ele>33.95763444695622</ele>
        <time>2025-09-28T11:25:08.898Z</time>
      </trkpt>
      <trkpt lat="52.46409308086835" lon="13.463311057362384">
        <ele>34.33227877039462</ele>
        <time>2025-09-28T11:25:14.033Z</time>
      </trkpt>
      <trkpt lat="52.464049196180966" lon="13.463113485694677">
        <ele>34.076174217648806</ele>
        <time>2025-09-28T11:25:18.957Z</time>
      </trkpt>
      <trkpt lat="52.4639781863717" lon="13.462888008643425">
        <ele>34.253335575386885</ele>
        <time>2025-09-28T11:25:24.111Z</time>
      </trkpt>
      <trkpt lat="52.46392490900935" lon="13.462666946983626">
        <ele>33.73778915535659</ele>
        <time>2025-09-28T11:25:29.064Z</time>
      </trkpt>
      <trkpt lat="52.46385774733761" lon="13.462445377505196">
        <ele>33.99610384665429</ele>
        <time>2025-09-28T11:25:34.210Z</time>
      </trkpt>
      <trkpt lat="52.463822631148346" lon="13.462218273215825">
        <ele>33.64023647718132</ele>
        <time>2025-09-28T11:25:39.267Z</time>
      </trkpt>
      <trkpt lat="52.46376017994786" lon="13.462011795593535">
        <ele>33.797713462263346</ele>
        <time>2025-09-28T11:25:44.191Z</time>
      </trkpt>
      <trkpt lat="52.463685102897415" lon="13.461781761708188">
        <ele>33.60244823601097</ele>
        <time>2025-09-28T11:25:49.086Z</time>
      </trkpt>
      <trkpt lat="52.463648220956195" lon="13.461559303094619">
        <ele>34.10558468177915</ele>
        <time>2025-09-28T11:25:54.250Z</time>
      </trkpt>
      <trkpt lat="52.46357338425012" lon="13.461353350670741">
        <ele>34.18402973227203</ele>
        <time>2025-09-28T11:25:59.150Z</time>
      </trkpt>
      <trkpt lat="52.46351440643545" lon="13.461144509043148">
        <ele>34.10696205552667</ele>
        <time>2025-09-28T11:26:04.136Z</time>
      </trkpt>
      <trkpt lat="52.46346744101085" lon="13.46092957304727">
        <ele>33.736138965189454</ele>
        <time>2025-09-28T11:26:08.970Z</time>
      </trkpt>
      <trkpt lat="52.46341915989156" lon="13.460715787799407">
        <ele>33.95844793319702</ele>
        <time>2025-09-28T11:26:14.068Z</time>
      </trkpt>
      <trkpt lat="52.46334407068003" lon="13.460476292170192">
        <ele>34.230854547023775</ele>
        <time>2025-09-28T11:26:19.101Z</time>
      </trkpt>
      <trkpt lat="52.46329151572082" lon="13.460277054589284">
        <ele>33.71635452359915</ele>
        <time>2025-09-28T11:26:23.893Z</time>
      </trkpt>
      <trkpt lat="52.463228917922635" lon="13.460042001852598">
        <ele>33.89866945408285</ele>
        <time>2025-09-28T11:26:29.002Z</time>
      </trkpt>
      <trkpt lat="52.463170404193264" lon="13.459818911676871">
        <ele>33.882052417844534</ele>
        <time>2025-09-28T11:26:34.021Z</time>
      </trkpt>
      <trkpt lat="52.463116536388526" lon="13.459618691107046">
        <ele>34.29008694794029</ele>
        <time>2025-09-28T11:26:39.017Z</time>
      </trkpt>
      <trkpt lat="52.463045381295" lon="13.45940808839518">
        <ele>33.61733882483095</ele>
        <time>2025-09-28T11:26:43.788Z</time>
      </trkpt>
      <trkpt lat="52.46298915186014" lon="13.459183575905735">
        <ele>34.2258716698736</ele>
        <time>2025-09-28T11:26:49.005Z</time>
      </trkpt>
      <trkpt lat="52.46293491435147" lon="13.458946455107869">
        <ele>34.14249498415738</ele>
        <time>2025-09-28T11:26:54.032Z</time>
      </trkpt>
      <trkpt lat="52.462870142920224" lon="13.458729806503818">
        <ele>33.858592530526224</ele>
        <time>2025-09-28T11:26:59.025Z</time>
      </trkpt>
      <trkpt lat="52.46281945601991" lon="13.458534674418669">
        <ele>33.85501848924905</ele>
        <time>2025-09-28T11:27:03.921Z</time>
      </trkpt>
      <trkpt lat="52.46276969400713" lon="13.458315082979778">
        <ele>34.30764046330005</ele>
        <time>2025-09-28T11:27:08.935Z</time>
      </trkpt>
      <trkpt lat="52.462717900053114" lon="13.458096002559945">
        <ele>34.20936480611563</ele>
        <time>2025-09-28T11:27:13.796Z</time>
      </trkpt>
      <trkpt lat="52.462644110357544" lon="13.457876419142764">
        <ele>33.767928385175765</ele>
        <time>2025-09-28T11:27:18.605Z</time>
      </trkpt>
      <trkpt lat="52.46258469248484" lon="13.457661741772764">
        <ele>34.12077305261046</ele>
        <time>2025-09-28T11:27:23.800Z</time>
      </trkpt>
      <trkpt lat="52.462540271562325" lon="13.457430703902919">
        <ele>34.38788925804555</ele>
        <time>2025-09-28T11:27:28.907Z</time>
      </trkpt>
      <trkpt lat="52.46250497596901" lon="13.457206464680821">
        <ele>33.67656862571094</ele>
        <time>2025-09-28T11:27:33.864Z</time>
      </trkpt>
      <trkpt lat="52.462475965068755" lon="13.456971329231115">
        <ele>34.38682696672179</ele>
        <time>2025-09-28T11:27:38.918Z</time>
      </trkpt>
      <trkpt lat="52.46244679333157" lon="13.456731161998665">
        <ele>33.65176929068606</ele>
        <time>2025-09-28T11:27:43.778Z</time>
      </trkpt>
      <trkpt lat="52.46243297545415" lon="13.456509369439193">
        <ele>34.067488410134466</ele>
        <time>2025-09-28T11:27:48.743Z</time>
      </trkpt>
      <trkpt lat="52.46240310698626" lon="13.456268561673712">
        <ele>33.751063318909004</ele>
        <time>2025-09-28T11:27:53.732Z</time>
      </trkpt>
      <trkpt lat="52.4623767615207" lon="13.456028926533758">
        <ele>34.24316932686888</ele>
        <time>2025-09-28T11:27:58.896Z</time>
      </trkpt>
      <trkpt lat="52.46236287733183" lon="13.455810745260221">
        <ele>34.06342455145088</ele>
        <time>2025-09-28T11:28:03.956Z</time>
      </trkpt>
      <trkpt lat="52.46231066458723" lon="13.455571335710328">
        <ele>34.31791122234376</ele>
        <time>2025-09-28T11:28:09.002Z</time>
      </trkpt>
      <trkpt lat="52.46229244612501" lon="13.455324171869588">
        <ele>33.97215535467273</ele>
        <time>2025-09-28T11:28:14.000Z</time>
      </trkpt>
      <trkpt lat="52.462265941681544" lon="13.4550997213772">
        <ele>34.015749242832754</ele>
        <time>2025-09-28T11:28:19.041Z</time>
      </trkpt>
      <trkpt lat="52.46224278394375" lon="13.454870044619106">
        <ele>34.06341520316346</ele>
        <time>2025-09-28T11:28:23.998Z</time>
      </trkpt>
      <trkpt lat="52.46221084827" lon="13.454643527202279">
        <ele>33.9092559377684</ele>
        <time>2025-09-28T11:28:29.066Z</time>
      </trkpt>
      <trkpt lat="52.46217299861293" lon="13.454381672009044">
        <ele>33.979390318775984</ele>
        <time>2025-09-28T11:28:34.086Z</time>
      </trkpt>
      <trkpt lat="52.462162793582046" lon="13.454162977655617">
        <ele>34.24557037938263</ele>
        <time>2025-09-28T11:28:39.248Z</time>
      </trkpt>
      <trkpt lat="52.46213657417988" lon="13.453931900316169">
        <ele>34.13405800207227</ele>
        <time>2025-09-28T11:28:44.252Z</time>
      </trkpt>
      <trkpt lat="52.46210405230587" lon="13.453689853709506">
        <ele>34.21937734880957</ele>
        <time>2025-09-28T11:28:49.414Z</time>
      </trkpt>
      <trkpt lat="52.46208018668978" lon="13.453457160668837">
        <ele>34.14164576944269</ele>
        <time>2025-09-28T11:28:54.466Z</time>
      </trkpt>
      <trkpt lat="52.46203962213466" lon="13.453240234624735">
        <ele>34.4955606185193</ele>
        <time>2025-09-28T11:28:59.568Z</time>
      </trkpt>
      <trkpt lat="52.46202334577535" lon="13.452988392982052">
        <ele>34.470025391895035</ele>
        <time>2025-09-28T11:29:04.518Z</time>
      </trkpt>
      <trkpt lat="52.46199658200333" lon="13.452766948393139">
        <ele>34.1653842190354</ele>
        <time>2025-09-28T11:29:09.488Z</time>
      </trkpt>
      <trkpt lat="52.46197152085769" lon="13.452543216773469">
        <ele>34.433603900853626</ele>
        <time>2025-09-28T11:29:14.444Z</time>
      </trkpt>
      <trkpt lat="52.46193236176628" lon="13.452290183485538">
        <ele>34.16365637554256</ele>
        <time>2025-09-28T11:29:19.317Z</time>
      </trkpt>
      <trkpt lat="52.461902730901976" lon="13.452072938401118">
        <ele>34.549169915330125</ele>
        <time>2025-09-28T11:29:24.443Z</time>
      </trkpt>
      <trkpt lat="52.46188257448505" lon="13.451827264473561">
        <ele>33.905942636877946</ele>
        <time>2025-09-28T11:29:29.427Z</time>
      </trkpt>
      <trkpt lat="52.461867152746784" lon="13.451599056628288">
        <ele>33.929496597823594</ele>
        <time>2025-09-28T11:29:34.325Z</time>
      </trkpt>
      <trkpt lat="52.46184235587347" lon="13.45136666105384">
        <ele>34.44568620336904</ele>
        <time>2025-09-28T11:29:39.461Z</time>
      </trkpt>
      <trkpt lat="52.46179384170327" lon="13.451130058535908">
        <ele>33.92701188318925</ele>
        <time>2025-09-28T11:29:44.375Z</time>
      </trkpt>
      <trkpt lat="52.461767626055156" lon="13.45089545954103">
        <ele>33.80772781084619</ele>
        <time>2025-09-28T11:29:49.377Z</time>
      </trkpt>
      <trkpt lat="52.46175657441985" lon="13.450652489977765">
        <ele>33.9333542865717</ele>
        <time>2025-09-28T11:29:54.292Z</time>
      </trkpt>
      <trkpt lat="52.46170827050569" lon="13.45042452974472">
        <ele>34.49529837378292</ele>
        <time>2025-09-28T11:29:59.383Z</time>
      </trkpt>
      <trkpt lat="52.46168821539965" lon="13.45020042776824">
        <ele>33.92675104725931</ele>
        <time>2025-09-28T11:30:04.195Z</time>
      </trkpt>
      <trkpt lat="52.46166246956336" lon="13.449973988627338">
        <ele>33.929041962014814</ele>
        <time>2025-09-28T11:30:09.169Z</time>
      </trkpt>
      <trkpt lat="52.46162275037314" lon="13.44973764116493">
        <ele>34.00265466128898</ele>
        <time>2025-09-28T11:30:14.214Z</time>
      </trkpt>
      <trkpt lat="52.461609907906286" lon="13.449488921748712">
        <ele>34.27549353059635</ele>
        <time>2025-09-28T11:30:19.326Z</time>
      </trkpt>
      <trkpt lat="52.46157271983824" lon="13.44924902359972">
        <ele>33.91420752129604</ele>
        <time>2025-09-28T11:30:24.247Z</time>
      </trkpt>
      <trkpt lat="52.461561009880626" lon="13.44901688180828">
        <ele>34.29935013616377</ele>
        <time>2025-09-28T11:30:29.261Z</time>
      </trkpt>
      <trkpt lat="52.46151977589157" lon="13.44880138733329">
        <ele>33.989078771329794</ele>
        <time>2025-09-28T11:30:34.291Z</time>
      </trkpt>
      <trkpt lat="52.46149550357831" lon="13.448562760561378">
        <ele>33.92795631475331</ele>
        <time>2025-09-28T11:30:39.200Z</time>
      </trkpt>
      <trkpt lat="52.461482006771014" lon="13.448341177516257">
        <ele>33.873022535986955</ele>
        <time>2025-09-28T11:30:44.308Z</time>
      </trkpt>
      <trkpt lat="52.461434928000465" lon="13.448082631263588">
        <ele>33.91313333564619</ele>
        <time>2025-09-28T11:30:49.431Z</time>
      </trkpt>
      <trkpt lat="52.46142736922469" lon="13.44786607793305">
        <ele>34.556371547989684</ele>
        <time>2025-09-28T11:30:54.638Z</time>
      </trkpt>
      <trkpt lat="52.46137560268605" lon="13.447640229242932">
        <ele>34.347188398752685</ele>
        <time>2025-09-28T11:30:59.676Z</time>
      </trkpt>
      <trkpt lat="52.461367684821155" lon="13.447378264481808">
        <ele>33.96953324259869</ele>
        <time>2025-09-28T11:31:04.596Z</time>
      </trkpt>
      <trkpt lat="52.461320557354135" lon="13.447166189669181">
        <ele>34.449386886064666</ele>
        <time>2025-09-28T11:31:09.717Z</time>
      </trkpt>
      <trkpt lat="52.46130988360992" lon="13.446927064116853">
        <ele>34.24054535786897</ele>
        <time>2025-09-28T11:31:14.807Z</time>
      </trkpt>
      <trkpt lat="52.46127258389862" lon="13.446706223465997">
        <ele>34.56079907873754</ele>
        <time>2025-09-28T11:31:19.861Z</time>
      </trkpt>
      <trkpt lat="52.46124969056677" lon="13.446470618185225">
        <ele>34.21912895989544</ele>
        <time>2025-09-28T11:31:24.773Z</time>
      </trkpt>
      <trkpt lat="52.461220221825386" lon="13.446219434089345">
        <ele>34.165289733444865</ele>
        <time>2025-09-28T11:31:29.661Z</time>
      </trkpt>
      <trkpt lat="52.4611978396533" lon="13.445977696203409">
        <ele>34.289025555239775</ele>
        <time>2025-09-28T11:31:34.584Z</time>
      </trkpt>
      <trkpt lat="52.46115880002537" lon="13.445770594371254">
        <ele>34.21720682741512</ele>
        <time>2025-09-28T11:31:39.721Z</time>
      </trkpt>
      <trkpt lat="52.46114066359904" lon="13.44552795134897">
        <ele>34.62048279144072</ele>
        <time>2025-09-28T11:31:44.749Z</time>
      </trkpt>
      <trkpt lat="52.46111413974001" lon="13.445304144324847">
        <ele>34.53499441708473</ele>
        <time>2025-09-28T11:31:49.585Z</time>
      </trkpt>
      <trkpt lat="52.46108081401143" lon="13.445070325653498">
        <ele>34.56223765725137</ele>
        <time>2025-09-28T11:31:54.453Z</time>
      </trkpt>
      <trkpt lat="52.461069791615635" lon="13.444839127498396">
        <ele>34.647314905009026</ele>
        <time>2025-09-28T11:31:59.537Z</time>
      </trkpt>
      <trkpt lat="52.46103862924219" lon="13.44458960780788">
        <ele>34.002027595411036</ele>
        <time>2025-09-28T11:32:04.425Z</time>
      </trkpt>
      <trkpt lat="52.46099684338347" lon="13.444366296978538">
        <ele>34.25714487040712</ele>
        <time>2025-09-28T11:32:09.588Z</time>
      </trkpt>
      <trkpt lat="52.460967903133735" lon="13.44413546217228">
        <ele>34.29430503078866</ele>
        <time>2025-09-28T11:32:14.569Z</time>
      </trkpt>
      <trkpt lat="52.46094502949941" lon="13.443895340241959">
        <ele>34.05778655406049</ele>
        <time>2025-09-28T11:32:19.535Z</time>
      </trkpt>
      <trkpt lat="52.46091420190407" lon="13.443651579279527">
        <ele>34.618606591362315</ele>
        <time>2025-09-28T11:32:24.608Z</time>
      </trkpt>
      <trkpt lat="52.46089807323843" lon="13.443409730075716">
        <ele>34.10493450997024</ele>
        <time>2025-09-28T11:32:29.417Z</time>
      </trkpt>
      <trkpt lat="52.46087917831091" lon="13.443198048131713">
        <ele>34.22163206629846</ele>
        <time>2025-09-28T11:32:34.340Z</time>
      </trkpt>
      <trkpt lat="52.460835017478594" lon="13.442965930283291">
        <ele>34.138935220905026</ele>
        <time>2025-09-28T11:32:39.266Z</time>
      </trkpt>
      <trkpt lat="52.460799679800594" lon="13.442721465932955">
        <ele>34.57148174969535</ele>
        <time>2025-09-28T11:32:44.197Z</time>
      </trkpt>
      <trkpt lat="52.46078823787998" lon="13.442489765310459">
        <ele>34.196095936641846</ele>
        <time>2025-09-28T11:32:49.266Z</time>
      </trkpt>
      <trkpt lat="52.46075362955461" lon="13.442270344952874">
        <ele>34.07674437042047</ele>
        <time>2025-09-28T11:32:54.115Z</time>
      </trkpt>
      <trkpt lat="52.46072845377016" lon="13.44201643916405">
        <ele>34.23874355206752</ele>
        <time>2025-09-28T11:32:58.989Z</time>
      </trkpt>
      <trkpt lat="52.460690653167724" lon="13.441798413596532">
        <ele>34.7749773761755</ele>
        <time>2025-09-28T11:33:04.191Z</time>
      </trkpt>
      <trkpt lat="52.46067875050758" lon="13.441565877379503">
        <ele>34.63984239105286</ele>
        <time>2025-09-28T11:33:09.270Z</time>
      </trkpt>
      <trkpt lat="52.46063261978754" lon="13.44131920940677">
        <ele>34.33682089134103</ele>
        <time>2025-09-28T11:33:14.339Z</time>
      </trkpt>
      <trkpt lat="52.460614016875134" lon="13.441101811621905">
        <ele>34.08629168459961</ele>
        <time>2025-09-28T11:33:19.300Z</time>
      </trkpt>
      <trkpt lat="52.46058458476745" lon="13.440858765085773">
        <ele>34.21305397283866</ele>
        <time>2025-09-28T11:33:24.237Z</time>
      </trkpt>
      <trkpt lat="52.46056702946505" lon="13.440616016751017">
        <ele>34.41157304457801</ele>
        <time>2025-09-28T11:33:29.234Z</time>
      </trkpt>
      <trkpt lat="52.460537906252135" lon="13.440401951169843">
        <ele>34.387746087445535</ele>
        <time>2025-09-28T11:33:34.200Z</time>
      </trkpt>
      <trkpt lat="52.460513100733884" lon="13.440161835328343">
        <ele>34.757310400689796</ele>
        <time>2025-09-28T11:33:39.110Z</time>
      </trkpt>
      <trkpt lat="52.46047113661561" lon="13.439907593425694">
        <ele>34.67013157136648</ele>
        <time>2025-09-28T11:33:44.155Z</time>
      </trkpt>
      <trkpt lat="52.460447430156925" lon="13.439684258526515">
        <ele>34.49308855677698</ele>
        <time>2025-09-28T11:33:49.057Z</time>
      </trkpt>
      <trkpt lat="52.460412984342696" lon="13.439443547437255">
        <ele>34.69069920511492</ele>
        <time>2025-09-28T11:33:54.133Z</time>
      </trkpt>
      <trkpt lat="52.46039950048605" lon="13.43922894143872">
        <ele>34.2866233081777</ele>
        <time>2025-09-28T11:33:59.038Z</time>
      </trkpt>
      <trkpt lat="52.46036698975375" lon="13.438996297899006">
        <ele>34.695292379811264</ele>
        <time>2025-09-28T11:34:04.116Z</time>
      </trkpt>
      <trkpt lat="52.460348275478594" lon="13.438754932596616">
        <ele>34.75798688745131</ele>
        <time>2025-09-28T11:34:09.085Z</time>
      </trkpt>
      <trkpt lat="52.46030615542324" lon="13.438525797152579">
        <ele>34.5297171390506</ele>
        <time>2025-09-28T11:34:13.972Z</time>
      </trkpt>
      <trkpt lat="52.46030031144588" lon="13.43828836351742">
        <ele>34.448860338401474</ele>
        <time>2025-09-28T11:34:19.069Z</time>
      </trkpt>
      <trkpt lat="52.460253345075955" lon="13.438057308735196">
        <ele>34.669274086565395</ele>
        <time>2025-09-28T11:34:24.252Z</time>
      </trkpt>
      <trkpt lat="52.460235469223484" lon="13.437826297317287">
        <ele>34.18630585377371</ele>
        <time>2025-09-28T11:34:29.307Z</time>
      </trkpt>
      <trkpt lat="52.460201280841346" lon="13.43759463429635">
        <ele>34.905087700151896</ele>
        <time>2025-09-28T11:34:34.282Z</time>
      </trkpt>
      <trkpt lat="52.460174411716764" lon="13.437350152111376">
        <ele>34.320980659340755</ele>
        <time>2025-09-28T11:34:39.291Z</time>
      </trkpt>
      <trkpt lat="52.46015905897696" lon="13.437132255502538">
        <ele>34.85616527965056</ele>
        <time>2025-09-28T11:34:44.394Z</time>
      </trkpt>
      <trkpt lat="52.460115662442625" lon="13.436878718244229">
        <ele>34.23100641612491</ele>
        <time>2025-09-28T11:34:49.189Z</time>
      </trkpt>
      <trkpt lat="52.46009970104597" lon="13.43665397517982">
        <ele>34.6503964299279</ele>
        <time>2025-09-28T11:34:54.148Z</time>
      </trkpt>
      <trkpt lat="52.460070509410286" lon="13.436405511012754">
        <ele>34.48822683224648</ele>
        <time>2025-09-28T11:34:59.248Z</time>
      </trkpt>
      <trkpt lat="52.460036097279136" lon="13.43618485778747">
        <ele>34.360140255624685</ele>
        <time>2025-09-28T11:35:04.322Z</time>
      </trkpt>
      <trkpt lat="52.46000349238131" lon="13.43594248847599">
        <ele>35.00259463317551</ele>
        <time>2025-09-28T11:35:09.495Z</time>
      </trkpt>
      <trkpt lat="52.459977503473155" lon="13.435708932480399">
        <ele>34.478382947059984</ele>
        <time>2025-09-28T11:35:14.496Z</time>
      </trkpt>
      <trkpt lat="52.45995138034775" lon="13.435492601952712">
        <ele>34.740181819288885</ele>
        <time>2025-09-28T11:35:19.435Z</time>
      </trkpt>
      <trkpt lat="52.45993812691145" lon="13.4352578797698">
        <ele>34.97977763742496</ele>
        <time>2025-09-28T11:35:24.559Z</time>
      </trkpt>
      <trkpt lat="52.459913199263475" lon="13.435028521199506">
        <ele>34.73902232303405</ele>
        <time>2025-09-28T11:35:29.619Z</time>
      </trkpt>
      <trkpt lat="52.45989219622495" lon="13.434789052892976">
        <ele>34.44591957731125</ele>
        <time>2025-09-28T11:35:34.634Z</time>
      </trkpt>
      <trkpt lat="52.459840375119" lon="13.434548952039046">
        <ele>34.86211675767572</ele>
        <time>2025-09-28T11:35:39.595Z</time>
      </trkpt>
      <trkpt lat="52.45982703478151" lon="13.434323362432455">
        <ele>34.92373471639669</ele>
        <time>2025-09-28T11:35:44.682Z</time>
      </trkpt>
      <trkpt lat="52.45978764978803" lon="13.434091384519675">
        <ele>34.307305867657156</ele>
        <time>2025-09-28T11:35:49.671Z</time>
      </trkpt>
      <trkpt lat="52.45975440702297" lon="13.43386480433596">
        <ele>34.35879929312719</ele>
        <time>2025-09-28T11:35:54.655Z</time>
      </trkpt>
      <trkpt lat="52.45973833171544" lon="13.433613650480314">
        <ele>34.70647383689928</ele>
        <time>2025-09-28T11:35:59.789Z</time>
      </trkpt>
      <trkpt lat="52.459708297755874" lon="13.433376290818218">
        <ele>34.37758033799819</ele>
        <time>2025-09-28T11:36:04.661Z</time>
      </trkpt>
      <trkpt lat="52.459672458001286" lon="13.433146599025813">
        <ele>34.97291217392023</ele>
        <time>2025-09-28T11:36:09.613Z</time>
      </trkpt>
      <trkpt lat="52.45964747279151" lon="13.432929263766384">
        <ele>34.81098395493358</ele>
        <time>2025-09-28T11:36:14.456Z</time>
      </trkpt>
      <trkpt lat="52.45963332007454" lon="13.432677638091386">
        <ele>34.750151629925995</ele>
        <time>2025-09-28T11:36:19.553Z</time>
      </trkpt>
      <trkpt lat="52.45960808131424" lon="13.432447046724745">
        <ele>34.64146051237501</ele>
        <time>2025-09-28T11:36:24.623Z</time>
      </trkpt>
      <trkpt lat="52.45958502181989" lon="13.432203593771781">
        <ele>34.599782648468135</ele>
        <time>2025-09-28T11:36:29.649Z</time>
      </trkpt>
      <trkpt lat="52.459545434051144" lon="13.431977846602527">
        <ele>34.835557887663995</ele>
        <time>2025-09-28T11:36:34.666Z</time>
      </trkpt>
      <trkpt lat="52.45952851179009" lon="13.431753531689456">
        <ele>34.828734049523376</ele>
        <time>2025-09-28T11:36:39.665Z</time>
      </trkpt>
      <trkpt lat="52.45950780451828" lon="13.431519521927926">
        <ele>34.373646189956304</ele>
        <time>2025-09-28T11:36:44.666Z</time>
      </trkpt>
      <trkpt lat="52.45946964430136" lon="13.431294974737964">
        <ele>34.384501156511284</ele>
        <time>2025-09-28T11:36:49.625Z</time>
      </trkpt>
      <trkpt lat="52.459428215986236" lon="13.431042013757672">
        <ele>34.889414663343445</ele>
        <time>2025-09-28T11:36:54.676Z</time>
      </trkpt>
      <trkpt lat="52.45940995972877" lon="13.430825446889704">
        <ele>35.09178505660867</ele>
        <time>2025-09-28T11:36:59.589Z</time>
      </trkpt>
      <trkpt lat="52.45939799513898" lon="13.430585042894746">
        <ele>34.52729237758288</ele>
        <time>2025-09-28T11:37:04.361Z</time>
      </trkpt>
      <trkpt lat="52.45936008461635" lon="13.430354422082054">
        <ele>34.807729850034555</ele>
        <time>2025-09-28T11:37:09.447Z</time>
      </trkpt>
      <trkpt lat="52.45933719270291" lon="13.430119389168942">
        <ele>34.52135746559459</ele>
        <time>2025-09-28T11:37:14.442Z</time>
      </trkpt>
      <trkpt lat="52.45930642170269" lon="13.429894943444161">
        <ele>34.9871289557328</ele>
        <time>2025-09-28T11:37:19.395Z</time>
      </trkpt>
      <trkpt lat="52.45925923892594" lon="13.429657804872607">
        <ele>34.794661070629914</ele>
        <time>2025-09-28T11:37:24.347Z</time>
      </trkpt>
      <trkpt lat="52.45923416657906" lon="13.429410080025736">
        <ele>34.65159643853843</ele>
        <time>2025-09-28T11:37:29.235Z</time>
      </trkpt>
      <trkpt lat="52.459224096279165" lon="13.429191955742741">
        <ele>35.15920404551211</ele>
        <time>2025-09-28T11:37:34.391Z</time>
      </trkpt>
      <trkpt lat="52.45918315573059" lon="13.428944274136628">
        <ele>34.870662770052036</ele>
        <time>2025-09-28T11:37:39.408Z</time>
      </trkpt>
      <trkpt lat="52.45917258825155" lon="13.428730475749983">
        <ele>34.95407878942114</ele>
        <time>2025-09-28T11:37:44.331Z</time>
      </trkpt>
      <trkpt lat="52.459129240180005" lon="13.428475545858415">
        <ele>34.896922358293985</ele>
        <time>2025-09-28T11:37:49.285Z</time>
      </trkpt>
      <trkpt lat="52.45912062484501" lon="13.428262138350386">
        <ele>34.95432754267861</ele>
        <time>2025-09-28T11:37:54.263Z</time>
      </trkpt>
      <trkpt lat="52.45908261607559" lon="13.428027850937195">
        <ele>34.61889882307255</ele>
        <time>2025-09-28T11:37:59.172Z</time>
      </trkpt>
      <trkpt lat="52.45905273343127" lon="13.427793724138914">
        <ele>35.1154566563159</ele>
        <time>2025-09-28T11:38:04.330Z</time>
      </trkpt>
      <trkpt lat="52.45901483270054" lon="13.427540505740764">
        <ele>34.946632013780786</ele>
        <time>2025-09-28T11:38:09.337Z</time>
      </trkpt>
      <trkpt lat="52.45901176589492" lon="13.427307380044686">
        <ele>35.23941174328512</ele>
        <time>2025-09-28T11:38:14.275Z</time>
      </trkpt>
      <trkpt lat="52.45898681902056" lon="13.427087626596393">
        <ele>34.73728417913447</ele>
        <time>2025-09-28T11:38:19.123Z</time>
      </trkpt>
      <trkpt lat="52.45893827799084" lon="13.426860573933093">
        <ele>34.67950636381133</ele>
        <time>2025-09-28T11:38:24.119Z</time>
      </trkpt>
      <trkpt lat="52.45890782125574" lon="13.426605844249568">
        <ele>35.280591248429</ele>
        <time>2025-09-28T11:38:29.296Z</time>
      </trkpt>
      <trkpt lat="52.45888374094113" lon="13.42637943013196">
        <ele>35.19796315252296</ele>
        <time>2025-09-28T11:38:34.351Z</time>
      </trkpt>
      <trkpt lat="52.458866277274076" lon="13.4261334374696">
        <ele>35.14918827830161</ele>
        <time>2025-09-28T11:38:39.470Z</time>
      </trkpt>
      <trkpt lat="52.45882565561144" lon="13.425919078353994">
        <ele>35.08251007259935</ele>
        <time>2025-09-28T11:38:44.357Z</time>
      </trkpt>
      <trkpt lat="52.45879782749952" lon="13.425689916962183">
        <ele>34.89900415413026</ele>
        <time>2025-09-28T11:38:49.269Z</time>
      </trkpt>
      <trkpt lat="52.45876983638094" lon="13.425435143991276">
        <ele>34.67821199896522</ele>
        <time>2025-09-28T11:38:54.220Z</time>
      </trkpt>
      <trkpt lat="52.45874245989354" lon="13.425200101723053">
        <ele>35.245343440785824</ele>
        <time>2025-09-28T11:38:59.406Z</time>
      </trkpt>
      <trkpt lat="52.458713612099395" lon="13.42498099036673">
        <ele>34.99595559500531</ele>
        <time>2025-09-28T11:39:04.315Z</time>
      </trkpt>
      <trkpt lat="52.45869751445303" lon="13.424741166304193">
        <ele>34.80880448463579</ele>
        <time>2025-09-28T11:39:09.377Z</time>
      </trkpt>
      <trkpt lat="52.45868190157497" lon="13.424526036439097">
        <ele>34.88744187427723</ele>
        <time>2025-09-28T11:39:14.313Z</time>
      </trkpt>
      <trkpt lat="52.45864771423834" lon="13.424280693335593">
        <ele>34.89493792631534</ele>
        <time>2025-09-28T11:39:19.327Z</time>
      </trkpt>
      <trkpt lat="52.458627442808684" lon="13.42404804885359">
        <ele>35.36060647457541</ele>
        <time>2025-09-28T11:39:24.526Z</time>
      </trkpt>
      <trkpt lat="52.45858197550359" lon="13.423817311303214">
        <ele>35.05656916549896</ele>
        <time>2025-09-28T11:39:29.543Z</time>
      </trkpt>
      <trkpt lat="52.45854578379554" lon="13.423589967482624">
        <ele>35.03021614396314</ele>
        <time>2025-09-28T11:39:34.583Z</time>
      </trkpt>
      <trkpt lat="52.458564662031534" lon="13.423345412370807">
        <ele>35.11984922811389</ele>
        <time>2025-09-28T11:39:39.450Z</time>
      </trkpt>
      <trkpt lat="52.45858050987011" lon="13.423104194328662">
        <ele>35.038609239459035</ele>
        <time>2025-09-28T11:39:44.378Z</time>
      </trkpt>
      <trkpt lat="52.45857385956865" lon="13.422869430731971">
        <ele>35.26394913941622</ele>
        <time>2025-09-28T11:39:49.277Z</time>
      </trkpt>
      <trkpt lat="52.45858817051228" lon="13.422621028719007">
        <ele>34.814296286553144</ele>
        <time>2025-09-28T11:39:54.071Z</time>
      </trkpt>
      <trkpt lat="52.45860896151377" lon="13.422393946672615">
        <ele>35.22455228306353</ele>
        <time>2025-09-28T11:39:59.074Z</time>
      </trkpt>
      <trkpt lat="52.4586385138428" lon="13.422149006115182">
        <ele>34.73437468931079</ele>
        <time>2025-09-28T11:40:03.937Z</time>
      </trkpt>
      <trkpt lat="52.4586245877549" lon="13.421933194838699">
        <ele>35.03022669441998</ele>
        <time>2025-09-28T11:40:09.025Z</time>
      </trkpt>
      <trkpt lat="52.45864543078522" lon="13.42168921575047">
        <ele>34.623657875694335</ele>
        <time>2025-09-28T11:40:14.029Z</time>
      </trkpt>
      <trkpt lat="52.45865951400448" lon="13.421447088389945">
        <ele>34.672902318835256</ele>
        <time>2025-09-28T11:40:19.181Z</time>
      </trkpt>
      <trkpt lat="52.458686263478924" lon="13.421224974054402">
        <ele>35.07261463087052</ele>
        <time>2025-09-28T11:40:24.113Z</time>
      </trkpt>
      <trkpt lat="52.45868477048699" lon="13.420990220107022">
        <ele>34.7822282159701</ele>
        <time>2025-09-28T11:40:29.119Z</time>
      </trkpt>
      <trkpt lat="52.45871861051348" lon="13.420751635223393">
        <ele>35.10422403160483</ele>
        <time>2025-09-28T11:40:34.214Z</time>
      </trkpt>
      <trkpt lat="52.458708513775605" lon="13.42049270584793">
        <ele>34.836010307446124</ele>
        <time>2025-09-28T11:40:39.204Z</time>
      </trkpt>
      <trkpt lat="52.45873655599133" lon="13.420274978081258">
        <ele>35.262344050966206</ele>
        <time>2025-09-28T11:40:44.138Z</time>
      </trkpt>
      <trkpt lat="52.45874195502193" lon="13.420028448606917">
        <ele>35.11579017322511</ele>
        <time>2025-09-28T11:40:49.218Z</time>
      </trkpt>
      <trkpt lat="52.45874944697963" lon="13.419798177368843">
        <ele>35.19441660027951</ele>
        <time>2025-09-28T11:40:54.246Z</time>
      </trkpt>
      <trkpt lat="52.45876819680272" lon="13.419566034251377">
        <ele>34.6089302977547</ele>
        <time>2025-09-28T11:40:59.052Z</time>
      </trkpt>
      <trkpt lat="52.458794822436055" lon="13.41933473132573">
        <ele>34.84307692553848</ele>
        <time>2025-09-28T11:41:04.107Z</time>
      </trkpt>
      <trkpt lat="52.458815829167364" lon="13.4190705263785">
        <ele>34.946923865377904</ele>
        <time>2025-09-28T11:41:09.046Z</time>
      </trkpt>
      <trkpt lat="52.45881849551147" lon="13.41885077287944">
        <ele>35.01120614483953</ele>
        <time>2025-09-28T11:41:14.052Z</time>
      </trkpt>
      <trkpt lat="52.458829230818196" lon="13.418621920584988">
        <ele>35.163952492177486</ele>
        <time>2025-09-28T11:41:19.149Z</time>
      </trkpt>
      <trkpt lat="52.458847355129706" lon="13.418371890201959">
        <ele>34.70701450947672</ele>
        <time>2025-09-28T11:41:24.221Z</time>
      </trkpt>
      <trkpt lat="52.458851009636945" lon="13.418136183415612">
        <ele>35.19766037594527</ele>
        <time>2025-09-28T11:41:29.157Z</time>
      </trkpt>
      <trkpt lat="52.458875112721095" lon="13.417915657032687">
        <ele>35.11689116414637</ele>
        <time>2025-09-28T11:41:34.011Z</time>
      </trkpt>
      <trkpt lat="52.45888221713358" lon="13.417669573466789">
        <ele>35.22151168156415</ele>
        <time>2025-09-28T11:41:39.001Z</time>
      </trkpt>
      <trkpt lat="52.45889158811956" lon="13.417440868040584">
        <ele>35.219356301799415</ele>
        <time>2025-09-28T11:41:43.852Z</time>
      </trkpt>
      <trkpt lat="52.45891210105478" lon="13.41720150208857">
        <ele>35.20808648094535</ele>
        <time>2025-09-28T11:41:48.893Z</time>
      </trkpt>
      <trkpt lat="52.4589374043467" lon="13.416961038005587">
        <ele>34.86133114621043</ele>
        <time>2025-09-28T11:41:53.950Z</time>
      </trkpt>
      <trkpt lat="52.458938156806646" lon="13.41671966037439">
        <ele>34.70751641634852</ele>
        <time>2025-09-28T11:41:58.935Z</time>
      </trkpt>
      <trkpt lat="52.45896050388714" lon="13.41647401471958">
        <ele>35.25412880275398</ele>
        <time>2025-09-28T11:42:04.029Z</time>
      </trkpt>
      <trkpt lat="52.45898133817068" lon="13.416235863494231">
        <ele>34.74247149378061</ele>
        <time>2025-09-28T11:42:08.807Z</time>
      </trkpt>
      <trkpt lat="52.458982162573925" lon="13.415999866651292">
        <ele>35.111987413465975</ele>
        <time>2025-09-28T11:42:13.887Z</time>
      </trkpt>
      <trkpt lat="52.45900676911585" lon="13.415773604533475">
        <ele>35.138076956570146</ele>
        <time>2025-09-28T11:42:18.821Z</time>
      </trkpt>
      <trkpt lat="52.45902218856014" lon="13.415538264869058">
        <ele>34.99259916525334</ele>
        <time>2025-09-28T11:42:23.778Z</time>
      </trkpt>
      <trkpt lat="52.45902648013092" lon="13.415297479497617">
        <ele>35.355395551584664</ele>
        <time>2025-09-28T11:42:28.705Z</time>
      </trkpt>
      <trkpt lat="52.4590502583707" lon="13.41506827312395">
        <ele>35.03829037845135</ele>
        <time>2025-09-28T11:42:33.557Z</time>
      </trkpt>
      <trkpt lat="52.459045283318055" lon="13.414832632207816">
        <ele>35.34247192889452</ele>
        <time>2025-09-28T11:42:38.578Z</time>
      </trkpt>
      <trkpt lat="52.45906897659516" lon="13.4145774675702">
        <ele>34.9816213125363</ele>
        <time>2025-09-28T11:42:43.646Z</time>
      </trkpt>
      <trkpt lat="52.45907619698561" lon="13.414365290224021">
        <ele>34.70312542449683</ele>
        <time>2025-09-28T11:42:48.738Z</time>
      </trkpt>
      <trkpt lat="52.4590893446681" lon="13.414107975093406">
        <ele>35.326963340491055</ele>
        <time>2025-09-28T11:42:53.714Z</time>
      </trkpt>
      <trkpt lat="52.459126914083015" lon="13.413887750561045">
        <ele>34.82838196530938</ele>
        <time>2025-09-28T11:42:58.500Z</time>
      </trkpt>
      <trkpt lat="52.4591404595799" lon="13.413651715569783">
        <ele>34.84334377143532</ele>
        <time>2025-09-28T11:43:03.578Z</time>
      </trkpt>
      <trkpt lat="52.459136472875876" lon="13.413398102547825">
        <ele>35.372388512641194</ele>
        <time>2025-09-28T11:43:08.518Z</time>
      </trkpt>
      <trkpt lat="52.45915951098983" lon="13.413176972106877">
        <ele>35.26185683887452</ele>
        <time>2025-09-28T11:43:13.444Z</time>
      </trkpt>
      <trkpt lat="52.45916130609758" lon="13.41293424719196">
        <ele>35.12884123660624</ele>
        <time>2025-09-28T11:43:18.365Z</time>
      </trkpt>
      <trkpt lat="52.45919154314829" lon="13.412695104859996">
        <ele>34.95763842854649</ele>
        <time>2025-09-28T11:43:23.383Z</time>
      </trkpt>
      <trkpt lat="52.459197094133856" lon="13.412443804785086">
        <ele>35.226431493274866</ele>
        <time>2025-09-28T11:43:28.389Z</time>
      </trkpt>
      <trkpt lat="52.45921044437059" lon="13.412221812215526">
        <ele>34.90266493745148</ele>
        <time>2025-09-28T11:43:33.249Z</time>
      </trkpt>
      <trkpt lat="52.45923261548625" lon="13.411986933969706">
        <ele>34.87660982254893</ele>
        <time>2025-09-28T11:43:38.149Z</time>
      </trkpt>
      <trkpt lat="52.459223223241594" lon="13.411750974992199">
        <ele>35.13099378310144</ele>
        <time>2025-09-28T11:43:43.293Z</time>
      </trkpt>
      <trkpt lat="52.45924403447804" lon="13.411521769146953">
        <ele>35.343464572913945</ele>
        <time>2025-09-28T11:43:48.407Z</time>
      </trkpt>
      <trkpt lat="52.459261610198574" lon="13.4112715380799">
        <ele>34.65922356210649</ele>
        <time>2025-09-28T11:43:53.266Z</time>
      </trkpt>
      <trkpt lat="52.459291312367" lon="13.411032064935606">
        <ele>35.09815092049539</ele>
        <time>2025-09-28T11:43:58.332Z</time>
      </trkpt>
      <trkpt lat="52.459281330731024" lon="13.410798832296281">
        <ele>35.35738778952509</ele>
        <time>2025-09-28T11:44:03.418Z</time>
      </trkpt>
      <trkpt lat="52.459296375069584" lon="13.410575990491738">
        <ele>34.700510426796974</ele>
        <time>2025-09-28T11:44:08.261Z</time>
      </trkpt>
      <trkpt lat="52.45931978791653" lon="13.410326250429295">
        <ele>35.10638976264745</ele>
        <time>2025-09-28T11:44:13.211Z</time>
      </trkpt>
      <trkpt lat="52.45932386124525" lon="13.410082881275294">
        <ele>35.18367519490421</ele>
        <time>2025-09-28T11:44:18.351Z</time>
      </trkpt>
      <trkpt lat="52.45934561063941" lon="13.409863164927076">
        <ele>35.06983423903584</ele>
        <time>2025-09-28T11:44:23.412Z</time>
      </trkpt>
      <trkpt lat="52.45937662567095" lon="13.40961783187088">
        <ele>34.962951263971625</ele>
        <time>2025-09-28T11:44:28.250Z</time>
      </trkpt>
      <trkpt lat="52.45936182192771" lon="13.409378656352104">
        <ele>35.16030894219875</ele>
        <time>2025-09-28T11:44:33.373Z</time>
      </trkpt>
      <trkpt lat="52.45940051138758" lon="13.409136410905713">
        <ele>34.97075940724462</ele>
        <time>2025-09-28T11:44:38.443Z</time>
      </trkpt>
      <trkpt lat="52.459419307098884" lon="13.408906077043454">
        <ele>34.889500024169685</ele>
        <time>2025-09-28T11:44:43.541Z</time>
      </trkpt>
      <trkpt lat="52.45942469202023" lon="13.408670266927654">
        <ele>35.10835616029799</ele>
        <time>2025-09-28T11:44:48.470Z</time>
      </trkpt>
      <trkpt lat="52.459420701496356" lon="13.408434115568">
        <ele>34.75407952554524</ele>
        <time>2025-09-28T11:44:53.478Z</time>
      </trkpt>
      <trkpt lat="52.45944951984872" lon="13.408203072518942">
        <ele>34.69811369683593</ele>
        <time>2025-09-28T11:44:58.452Z</time>
      </trkpt>
      <trkpt lat="52.45947097441782" lon="13.407950935130449">
        <ele>34.71967355161905</ele>
        <time>2025-09-28T11:45:03.598Z</time>
      </trkpt>
      <trkpt lat="52.459461448010465" lon="13.4077194431707">
        <ele>35.0833371091634</ele>
        <time>2025-09-28T11:45:08.701Z</time>
      </trkpt>
      <trkpt lat="52.45948928969129" lon="13.407477668131195">
        <ele>35.01592886578292</ele>
        <time>2025-09-28T11:45:13.783Z</time>
      </trkpt>
      <trkpt lat="52.459494066980746" lon="13.407258324852563">
        <ele>34.996226638369265</ele>
        <time>2025-09-28T11:45:18.661Z</time>
      </trkpt>
      <trkpt lat="52.45951073560129" lon="13.407028507238106">
        <ele>34.69014030508697</ele>
        <time>2025-09-28T11:45:23.748Z</time>
      </trkpt>
      <trkpt lat="52.459515439450115" lon="13.406788837624097">
        <ele>35.168068843334915</ele>
        <time>2025-09-28T11:45:28.911Z</time>
      </trkpt>
      <trkpt lat="52.45954462279219" lon="13.406531074718991">
        <ele>34.61628272607923</ele>
        <time>2025-09-28T11:45:33.823Z</time>
      </trkpt>
      <trkpt lat="52.45956415117182" lon="13.406318150786953">
        <ele>35.23325540907681</ele>
        <time>2025-09-28T11:45:39.051Z</time>
      </trkpt>
      <trkpt lat="52.459584510775514" lon="13.406077519352326">
        <ele>35.26247785948217</ele>
        <time>2025-09-28T11:45:44.111Z</time>
      </trkpt>
      <trkpt lat="52.45959669350006" lon="13.405829441491523">
        <ele>34.90074453279376</ele>
        <time>2025-09-28T11:45:49.127Z</time>
      </trkpt>
      <trkpt lat="52.45959050858478" lon="13.405605058324348">
        <ele>34.942017807997765</ele>
        <time>2025-09-28T11:45:54.204Z</time>
      </trkpt>
      <trkpt lat="52.459599207799734" lon="13.405367238763041">
        <ele>35.29946281705052</ele>
        <time>2025-09-28T11:45:59.362Z</time>
      </trkpt>
      <trkpt lat="52.45962291981999" lon="13.40513507850951">
        <ele>35.38758951164782</ele>
        <time>2025-09-28T11:46:04.264Z</time>
      </trkpt>
      <trkpt lat="52.45965303107221" lon="13.404888214489281">
        <ele>35.03782551083714</ele>
        <time>2025-09-28T11:46:09.085Z</time>
      </trkpt>
      <trkpt lat="52.459653673350665" lon="13.404635972644366">
        <ele>34.86796023659408</ele>
        <time>2025-09-28T11:46:13.954Z</time>
      </trkpt>
      <trkpt lat="52.459678064553756" lon="13.40441014017374">
        <ele>34.853998174145815</ele>
        <time>2025-09-28T11:46:18.924Z</time>
      </trkpt>
      <trkpt lat="52.45966887560278" lon="13.40416383787174">
        <ele>35.04911860115826</ele>
        <time>2025-09-28T11:46:24.056Z</time>
      </trkpt>
      <trkpt lat="52.459703561319394" lon="13.40395166236435">
        <ele>34.976402467861774</ele>
        <time>2025-09-28T11:46:29.078Z</time>
      </trkpt>
      <trkpt lat="52.459718957444636" lon="13.40369377644695">
        <ele>35.36780690141022</ele>
        <time>2025-09-28T11:46:34.141Z</time>
      </trkpt>
      <trkpt lat="52.459722602055656" lon="13.403475840047406">
        <ele>35.36234504561871</ele>
        <time>2025-09-28T11:46:39.099Z</time>
      </trkpt>
      <trkpt lat="52.459725887207036" lon="13.403229255083456">
        <ele>34.66546434350312</ele>
        <time>2025-09-28T11:46:44.119Z</time>
      </trkpt>
      <trkpt lat="52.45974242577333" lon="13.402995008832667">
        <ele>35.089834100194274</ele>
        <time>2025-09-28T11:46:49.331Z</time>
      </trkpt>
      <trkpt lat="52.45977736405325" lon="13.402745742443392">
        <ele>34.687476036325094</ele>
        <time>2025-09-28T11:46:54.128Z</time>
      </trkpt>
      <trkpt lat="52.45976545306839" lon="13.402514826244087">
        <ele>35.0524771258235</ele>
        <time>2025-09-28T11:46:59.298Z</time>
      </trkpt>
      <trkpt lat="52.45980208019479" lon="13.402275622398985">
        <ele>35.205890553072095</ele>
        <time>2025-09-28T11:47:04.319Z</time>
      </trkpt>
      <trkpt lat="52.45980945860302" lon="13.40204570134527">
        <ele>35.074397712014616</ele>
        <time>2025-09-28T11:47:09.437Z</time>
      </trkpt>
      <trkpt lat="52.45980868963626" lon="13.401809330575007">
        <ele>34.677858859673144</ele>
        <time>2025-09-28T11:47:14.305Z</time>
      </trkpt>
      <trkpt lat="52.459838127788906" lon="13.401571848751399">
        <ele>34.83092751801014</ele>
        <time>2025-09-28T11:47:19.342Z</time>
      </trkpt>
      <trkpt lat="52.4598388069836" lon="13.40133389642447">
        <ele>35.22803591582924</ele>
        <time>2025-09-28T11:47:24.354Z</time>
      </trkpt>
      <trkpt lat="52.4598742418276" lon="13.401106420140565">
        <ele>35.07281630598008</ele>
        <time>2025-09-28T11:47:29.470Z</time>
      </trkpt>
      <trkpt lat="52.45986880275147" lon="13.40086582645045">
        <ele>34.6579275785014</ele>
        <time>2025-09-28T11:47:34.389Z</time>
      </trkpt>
      <trkpt lat="52.45988931224787" lon="13.400618428682987">
        <ele>34.79658757448196</ele>
        <time>2025-09-28T11:47:39.262Z</time>
      </trkpt>
      <trkpt lat="52.45990062260168" lon="13.4003824816476">
        <ele>35.04499763567001</ele>
        <time>2025-09-28T11:47:44.258Z</time>
      </trkpt>
      <trkpt lat="52.459908684460146" lon="13.400149820524078">
        <ele>35.24063726514578</ele>
        <time>2025-09-28T11:47:49.324Z</time>
      </trkpt>
      <trkpt lat="52.459928211026046" lon="13.399909224119796">
        <ele>35.16136281751096</ele>
        <time>2025-09-28T11:47:54.211Z</time>
      </trkpt>
      <trkpt lat="52.45993911106906" lon="13.399674203531738">
        <ele>34.928713459149</ele>
        <time>2025-09-28T11:47:59.042Z</time>
      </trkpt>
      <trkpt lat="52.45996491986533" lon="13.399456287120842">
        <ele>35.06971754711121</ele>
        <time>2025-09-28T11:48:04.080Z</time>
      </trkpt>
      <trkpt lat="52.459972196362514" lon="13.399217566618262">
        <ele>34.836817308701576</ele>
        <time>2025-09-28T11:48:09.162Z</time>
      </trkpt>
      <trkpt lat="52.46000229797731" lon="13.39898269349708">
        <ele>34.637352883815765</ele>
        <time>2025-09-28T11:48:14.257Z</time>
      </trkpt>
      <trkpt lat="52.459999357617576" lon="13.398740272846483">
        <ele>35.03898508623242</ele>
        <time>2025-09-28T11:48:19.309Z</time>
      </trkpt>
      <trkpt lat="52.4600193659868" lon="13.398495768578295">
        <ele>34.7733964651823</ele>
        <time>2025-09-28T11:48:24.412Z</time>
      </trkpt>
      <trkpt lat="52.46002249715405" lon="13.39825534263681">
        <ele>35.3000986283645</ele>
        <time>2025-09-28T11:48:29.381Z</time>
      </trkpt>
      <trkpt lat="52.4600448849017" lon="13.398019877762897">
        <ele>35.32784549184144</ele>
        <time>2025-09-28T11:48:34.480Z</time>
      </trkpt>
      <trkpt lat="52.46005908225521" lon="13.397777066268382">
        <ele>34.60157650690526</ele>
        <time>2025-09-28T11:48:39.244Z</time>
      </trkpt>
      <trkpt lat="52.46007408514663" lon="13.397554976255313">
        <ele>34.783379677310585</ele>
        <time>2025-09-28T11:48:44.275Z</time>
      </trkpt>
      <trkpt lat="52.4600830491352" lon="13.397321246788396">
        <ele>34.9373909605667</ele>
        <time>2025-09-28T11:48:49.223Z</time>
      </trkpt>
      <trkpt lat="52.460113801781205" lon="13.397063779511598">
        <ele>34.88329520560801</ele>
        <time>2025-09-28T11:48:54.165Z</time>
      </trkpt>
      <trkpt lat="52.46012116043931" lon="13.396838131207184">
        <ele>35.351205981895326</ele>
        <time>2025-09-28T11:48:59.275Z</time>
      </trkpt>
      <trkpt lat="52.4601231211601" lon="13.3965927829172">
        <ele>34.66946166399866</ele>
        <time>2025-09-28T11:49:04.074Z</time>
      </trkpt>
      <trkpt lat="52.46013271719751" lon="13.396350712159329">
        <ele>34.9842096272856</ele>
        <time>2025-09-28T11:49:09.064Z</time>
      </trkpt>
      <trkpt lat="52.460168304263426" lon="13.396128775520372">
        <ele>34.98379179220647</ele>
        <time>2025-09-28T11:49:14.156Z</time>
      </trkpt>
      <trkpt lat="52.46015947883595" lon="13.395894597804235">
        <ele>34.94007738549262</ele>
        <time>2025-09-28T11:49:19.279Z</time>
      </trkpt>
      <trkpt lat="52.46018076160989" lon="13.395645948312199">
        <ele>35.182036427408455</ele>
        <time>2025-09-28T11:49:24.222Z</time>
      </trkpt>
      <trkpt lat="52.46018893981593" lon="13.395411576524504">
        <ele>34.60111919976771</ele>
        <time>2025-09-28T11:49:29.278Z</time>
      </trkpt>
      <trkpt lat="52.46020813429824" lon="13.395172652826844">
        <ele>35.05914241522551</ele>
        <time>2025-09-28T11:49:34.451Z</time>
      </trkpt>
      <trkpt lat="52.460222412786" lon="13.394946980571756">
        <ele>35.28145480975509</ele>
        <time>2025-09-28T11:49:39.350Z</time>
      </trkpt>
      <trkpt lat="52.46023793901245" lon="13.39471390890469">
        <ele>35.10754244420677</ele>
        <time>2025-09-28T11:49:44.451Z</time>
      </trkpt>
      <trkpt lat="52.46024035655138" lon="13.394472238507623">
        <ele>34.63390879686922</ele>
        <time>2025-09-28T11:49:49.494Z</time>
      </trkpt>
      <trkpt lat="52.46027438175324" lon="13.39422257505956">
        <ele>34.6716423375532</ele>
        <time>2025-09-28T11:49:54.541Z</time>
      </trkpt>
      <trkpt lat="52.46028125860906" lon="13.394009621129939">
        <ele>35.29575740862638</ele>
        <time>2025-09-28T11:49:59.702Z</time>
      </trkpt>
      <trkpt lat="52.46030797847837" lon="13.393756124335383">
        <ele>34.85646644383669</ele>
        <time>2025-09-28T11:50:04.552Z</time>
      </trkpt>
      <trkpt lat="52.46031843391873" lon="13.393528230330844">
        <ele>35.261524870805445</ele>
        <time>2025-09-28T11:50:09.630Z</time>
      </trkpt>
      <trkpt lat="52.46031066591391" lon="13.393294100884836">
        <ele>35.31932476777583</ele>
        <time>2025-09-28T11:50:14.651Z</time>
      </trkpt>
      <trkpt lat="52.460327503033035" lon="13.39305948082135">
        <ele>35.312276010215285</ele>
        <time>2025-09-28T11:50:19.794Z</time>
      </trkpt>
      <trkpt lat="52.46035703640843" lon="13.392806583187927">
        <ele>35.164922401495275</ele>
        <time>2025-09-28T11:50:24.873Z</time>
      </trkpt>
      <trkpt lat="52.46036431471233" lon="13.392579017663774">
        <ele>35.35169837493449</ele>
        <time>2025-09-28T11:50:29.947Z</time>
      </trkpt>
      <trkpt lat="52.460373012018415" lon="13.392328361474018">
        <ele>34.83389811143279</ele>
        <time>2025-09-28T11:50:34.964Z</time>
      </trkpt>
      <trkpt lat="52.46038782832046" lon="13.392116496450424">
        <ele>35.035013389401136</ele>
        <time>2025-09-28T11:50:40.038Z</time>
      </trkpt>
      <trkpt lat="52.46039757616084" lon="13.391882236558176">
        <ele>34.975864426232874</ele>
        <time>2025-09-28T11:50:45.157Z</time>
      </trkpt>
      <trkpt lat="52.460416379898234" lon="13.391632269752492">
        <ele>35.34041740018874</ele>
        <time>2025-09-28T11:50:50.221Z</time>
      </trkpt>
      <trkpt lat="52.46043663278683" lon="13.391398004745746">
        <ele>34.750254769437014</ele>
        <time>2025-09-28T11:50:55.010Z</time>
      </trkpt>
      <trkpt lat="52.460434420000574" lon="13.391144457341621">
        <ele>35.03650118149817</ele>
        <time>2025-09-28T11:51:00.087Z</time>
      </trkpt>
      <trkpt lat="52.460451869341426" lon="13.39092966062556">
        <ele>34.65595668014139</ele>
        <time>2025-09-28T11:51:05.130Z</time>
      </trkpt>
      <trkpt lat="52.46048961248109" lon="13.390687710469763">
        <ele>35.17430718597025</ele>
        <time>2025-09-28T11:51:10.106Z</time>
      </trkpt>
      <trkpt lat="52.46049336104709" lon="13.390441193141731">
        <ele>34.82778475191444</ele>
        <time>2025-09-28T11:51:15.118Z</time>
      </trkpt>
      <trkpt lat="52.460514406448986" lon="13.390214336567645">
        <ele>34.76271735373884</ele>
        <time>2025-09-28T11:51:19.979Z</time>
      </trkpt>
      <trkpt lat="52.46051595798995" lon="13.389986916448043">
        <ele>34.76802559439093</ele>
        <time>2025-09-28T11:51:25.000Z</time>
      </trkpt>
      <trkpt lat="52.46052767741174" lon="13.389737262902381">
        <ele>34.78978473637253</ele>
        <time>2025-09-28T11:51:29.876Z</time>
      </trkpt>
      <trkpt lat="52.46054683044105" lon="13.38950104364558">
        <ele>34.958202020451424</ele>
        <time>2025-09-28T11:51:34.934Z</time>
      </trkpt>
      <trkpt lat="52.4605884347863" lon="13.389281411201353">
        <ele>35.175073757581416</ele>
        <time>2025-09-28T11:51:39.915Z</time>
      </trkpt>
      <trkpt lat="52.46065553103294" lon="13.389073046490138">
        <ele>34.64218344222754</ele>
        <time>2025-09-28T11:51:44.961Z</time>
      </trkpt>
      <trkpt lat="52.46071648064583" lon="13.388835347671488">
        <ele>34.953591658361255</ele>
        <time>2025-09-28T11:51:49.894Z</time>
      </trkpt>
      <trkpt lat="52.4607620381388" lon="13.388613739405391">
        <ele>35.14494017697871</ele>
        <time>2025-09-28T11:51:54.803Z</time>
      </trkpt>
      <trkpt lat="52.460830256105034" lon="13.388391490098241">
        <ele>35.38624208886176</ele>
        <time>2025-09-28T11:51:59.904Z</time>
      </trkpt>
      <trkpt lat="52.46087717017055" lon="13.388176155711404">
        <ele>34.88181932326406</ele>
        <time>2025-09-28T11:52:04.968Z</time>
      </trkpt>
      <trkpt lat="52.460940185808845" lon="13.38795941131825">
        <ele>34.72705348618329</ele>
        <time>2025-09-28T11:52:09.883Z</time>
      </trkpt>
      <trkpt lat="52.460969920134914" lon="13.387736582440743">
        <ele>35.19819758590311</ele>
        <time>2025-09-28T11:52:14.888Z</time>
      </trkpt>
      <trkpt lat="52.46104909199822" lon="13.387507470586481">
        <ele>35.25455795191228</ele>
        <time>2025-09-28T11:52:19.775Z</time>
      </trkpt>
      <trkpt lat="52.46110062215191" lon="13.38728770463101">
        <ele>34.88151670210063</ele>
        <time>2025-09-28T11:52:24.567Z</time>
      </trkpt>
      <trkpt lat="52.4611376646883" lon="13.387081624760809">
        <ele>34.92227398175746</ele>
        <time>2025-09-28T11:52:29.609Z</time>
      </trkpt>
      <trkpt lat="52.46118905520593" lon="13.386863298469567">
        <ele>35.00052648037672</ele>
        <time>2025-09-28T11:52:34.755Z</time>
      </trkpt>
      <trkpt lat="52.461255198505015" lon="13.386627199451299">
        <ele>35.184901361726226</ele>
        <time>2025-09-28T11:52:39.689Z</time>
      </trkpt>
      <trkpt lat="52.461299267984955" lon="13.386433739356283">
        <ele>34.841930522955955</ele>
        <time>2025-09-28T11:52:44.542Z</time>
      </trkpt>
      <trkpt lat="52.46137601986975" lon="13.386203931562978">
        <ele>34.93609475232661</ele>
        <time>2025-09-28T11:52:49.440Z</time>
      </trkpt>
      <trkpt lat="52.46141767014212" lon="13.385991449533492">
        <ele>35.391095598228276</ele>
        <time>2025-09-28T11:52:54.655Z</time>
      </trkpt>
      <trkpt lat="52.46149114990795" lon="13.385763390565193">
        <ele>35.04380130749196</ele>
        <time>2025-09-28T11:52:59.525Z</time>
      </trkpt>
      <trkpt lat="52.46153771600289" lon="13.385548725271368">
        <ele>34.89705393351615</ele>
        <time>2025-09-28T11:53:04.510Z</time>
      </trkpt>
      <trkpt lat="52.46158102214076" lon="13.385314458889166">
        <ele>34.94882099647075</ele>
        <time>2025-09-28T11:53:09.371Z</time>
      </trkpt>
      <trkpt lat="52.461646919214935" lon="13.385111197669145">
        <ele>35.224488344974816</ele>
        <time>2025-09-28T11:53:14.405Z</time>
      </trkpt>
      <trkpt lat="52.461705279772076" lon="13.384877303770702">
        <ele>34.626840924099085</ele>
        <time>2025-09-28T11:53:19.441Z</time>
      </trkpt>
      <trkpt lat="52.46175440284665" lon="13.38465132406783">
        <ele>35.114766537584366</ele>
        <time>2025-09-28T11:53:24.450Z</time>
      </trkpt>
      <trkpt lat="52.46181033613759" lon="13.384426575549499">
        <ele>34.846491462364796</ele>
        <time>2025-09-28T11:53:29.504Z</time>
      </trkpt>
      <trkpt lat="52.461854510765455" lon="13.384223231981741">
        <ele>34.890344952233136</ele>
        <time>2025-09-28T11:53:34.497Z</time>
      </trkpt>
      <trkpt lat="52.46190532700314" lon="13.384015229583614">
        <ele>35.08738840967417</ele>
        <time>2025-09-28T11:53:39.535Z</time>
      </trkpt>
      <trkpt lat="52.46196050232991" lon="13.383776780193497">
        <ele>35.1732935231179</ele>
        <time>2025-09-28T11:53:44.556Z</time>
      </trkpt>
      <trkpt lat="52.46203200866444" lon="13.383547250557573">
        <ele>34.640988079831004</ele>
        <time>2025-09-28T11:53:49.512Z</time>
      </trkpt>
      <trkpt lat="52.46207496582341" lon="13.383333914577161">
        <ele>34.86601932756603</ele>
        <time>2025-09-28T11:53:54.684Z</time>
      </trkpt>
      <trkpt lat="52.46215056354291" lon="13.383121634960453">
        <ele>35.354041744582354</ele>
        <time>2025-09-28T11:53:59.801Z</time>
      </trkpt>
      <trkpt lat="52.46218938456098" lon="13.382913432727065">
        <ele>35.155132899805906</ele>
        <time>2025-09-28T11:54:04.790Z</time>
      </trkpt>
      <trkpt lat="52.462234711900166" lon="13.382665908783355">
        <ele>34.735925963893536</ele>
        <time>2025-09-28T11:54:09.663Z</time>
      </trkpt>
      <trkpt lat="52.462297852517786" lon="13.382472077743051">
        <ele>35.36746947858482</ele>
        <time>2025-09-28T11:54:14.754Z</time>
      </trkpt>
      <trkpt lat="52.4623675320106" lon="13.38223783928949">
        <ele>34.910083551332356</ele>
        <time>2025-09-28T11:54:19.827Z</time>
      </trkpt>
      <trkpt lat="52.46242433168537" lon="13.382030380147025">
        <ele>35.37633652780205</ele>
        <time>2025-09-28T11:54:24.767Z</time>
      </trkpt>
      <trkpt lat="52.462477374267834" lon="13.381796132945572">
        <ele>34.76507718916982</ele>
        <time>2025-09-28T11:54:29.692Z</time>
      </trkpt>
      <trkpt lat="52.46250791666022" lon="13.381570848952178">
        <ele>34.71328253801912</ele>
        <time>2025-09-28T11:54:34.703Z</time>
      </trkpt>
      <trkpt lat="52.462563008082476" lon="13.381346239866453">
        <ele>34.83703313153237</ele>
        <time>2025-09-28T11:54:39.627Z</time>
      </trkpt>
      <trkpt lat="52.46262791624506" lon="13.381150299970825">
        <ele>35.3161596564576</ele>
        <time>2025-09-28T11:54:44.826Z</time>
      </trkpt>
      <trkpt lat="52.46267488764219" lon="13.380924504441728">
        <ele>34.60577360000461</ele>
        <time>2025-09-28T11:54:49.839Z</time>
      </trkpt>
      <trkpt lat="52.462736642004856" lon="13.380701487541838">
        <ele>35.004228027537465</ele>
        <time>2025-09-28T11:54:54.977Z</time>
      </trkpt>
      <trkpt lat="52.46278884581363" lon="13.38047694035804">
        <ele>34.66322926394641</ele>
        <time>2025-09-28T11:55:00.017Z</time>
      </trkpt>
      <trkpt lat="52.4628565644073" lon="13.380254757234468">
        <ele>35.35098322443664</ele>
        <time>2025-09-28T11:55:05.236Z</time>
      </trkpt>
      <trkpt lat="52.462898283739534" lon="13.380039208015162">
        <ele>35.158776913955805</ele>
        <time>2025-09-28T11:55:10.074Z</time>
      </trkpt>
      <trkpt lat="52.4629476731781" lon="13.37981352687353">
        <ele>34.82870627697557</ele>
        <time>2025-09-28T11:55:15.067Z</time>
      </trkpt>
      <trkpt lat="52.46301446603276" lon="13.379612939552672">
        <ele>34.88311887420714</ele>
        <time>2025-09-28T11:55:20.013Z</time>
      </trkpt>
      <trkpt lat="52.46308321747784" lon="13.379392311836252">
        <ele>35.218940472230315</ele>
        <time>2025-09-28T11:55:25.035Z</time>
      </trkpt>
      <trkpt lat="52.463113136199915" lon="13.379157888415861">
        <ele>34.8289065381512</ele>
        <time>2025-09-28T11:55:30.059Z</time>
      </trkpt>
      <trkpt lat="52.46318390273263" lon="13.378928338400662">
        <ele>35.01397008374333</ele>
        <time>2025-09-28T11:55:35.151Z</time>
      </trkpt>
      <trkpt lat="52.46322673031155" lon="13.378706747406671">
        <ele>34.75630446057767</ele>
        <time>2025-09-28T11:55:40.041Z</time>
      </trkpt>
      <trkpt lat="52.463298457605774" lon="13.37851041792013">
        <ele>35.37284185830504</ele>
        <time>2025-09-28T11:55:45.026Z</time>
      </trkpt>
      <trkpt lat="52.46335926403816" lon="13.378282011540776">
        <ele>34.761142284050585</ele>
        <time>2025-09-28T11:55:49.819Z</time>
      </trkpt>
      <trkpt lat="52.46341296806029" lon="13.378068440639916">
        <ele>35.376285039633515</ele>
        <time>2025-09-28T11:55:54.882Z</time>
      </trkpt>
      <trkpt lat="52.463465502167196" lon="13.377830067257484">
        <ele>34.874073391221465</ele>
        <time>2025-09-28T11:55:59.894Z</time>
      </trkpt>
      <trkpt lat="52.46352619898949" lon="13.377627096746185">
        <ele>35.37531773969531</ele>
        <time>2025-09-28T11:56:04.999Z</time>
      </trkpt>
      <trkpt lat="52.46357993399525" lon="13.377412195247652">
        <ele>34.65116823166609</ele>
        <time>2025-09-28T11:56:09.826Z</time>
      </trkpt>
      <trkpt lat="52.463618611928936" lon="13.377184863600805">
        <ele>34.86419171299785</ele>
        <time>2025-09-28T11:56:14.878Z</time>
      </trkpt>
      <trkpt lat="52.46368152068118" lon="13.376952548030362">
        <ele>34.600979576818645</ele>
        <time>2025-09-28T11:56:19.756Z</time>
      </trkpt>
      <trkpt lat="52.46373009782188" lon="13.376736681518937">
        <ele>35.04505951628089</ele>
        <time>2025-09-28T11:56:24.844Z</time>
      </trkpt>
      <trkpt lat="52.46377985957033" lon="13.376521567876944">
        <ele>35.22157689295709</ele>
        <time>2025-09-28T11:56:29.884Z</time>
      </trkpt>
      <trkpt lat="52.463852617680345" lon="13.376286681722817">
        <ele>34.91701926421374</ele>
        <time>2025-09-28T11:56:34.695Z</time>
      </trkpt>
      <trkpt lat="52.463886697713924" lon="13.376071693259714">
        <ele>35.32449709866196</ele>
        <time>2025-09-28T11:56:39.788Z</time>
      </trkpt>
      <trkpt lat="52.463957275372856" lon="13.375851563266377">
        <ele>34.71313321236521</ele>
        <time>2025-09-28T11:56:44.719Z</time>
      </trkpt>
      <trkpt lat="52.46400595375947" lon="13.375636164524103">
        <ele>35.37121816687286</ele>
        <time>2025-09-28T11:56:49.685Z</time>
      </trkpt>
      <trkpt lat="52.46405783551351" lon="13.375421492186371">
        <ele>35.3179130686447</ele>
        <time>2025-09-28T11:56:54.743Z</time>
      </trkpt>
      <trkpt lat="52.46410691803047" lon="13.375203346847739">
        <ele>35.35055765286088</ele>
        <time>2025-09-28T11:56:59.847Z</time>
      </trkpt>
      <trkpt lat="52.464168198758884" lon="13.374983746812125">
        <ele>35.15014691147953</ele>
        <time>2025-09-28T11:57:04.856Z</time>
      </trkpt>
      <trkpt lat="52.46424129993025" lon="13.3747710850419">
        <ele>35.271374893561</ele>
        <time>2025-09-28T11:57:10.007Z</time>
      </trkpt>
      <trkpt lat="52.46427198831066" lon="13.374528651387834">
        <ele>34.79818708691746</ele>
        <time>2025-09-28T11:57:14.818Z</time>
      </trkpt>
      <trkpt lat="52.464321619359524" lon="13.374332756528577">
        <ele>34.80844925586134</ele>
        <time>2025-09-28T11:57:19.723Z</time>
      </trkpt>
      <trkpt lat="52.464391643579965" lon="13.374114766150159">
        <ele>35.00690193921328</ele>
        <time>2025-09-28T11:57:24.808Z</time>
      </trkpt>
      <trkpt lat="52.46445374037919" lon="13.373872883981303">
        <ele>35.082860302738844</ele>
        <time>2025-09-28T11:57:29.807Z</time>
      </trkpt>
      <trkpt lat="52.46449590399234" lon="13.373670976119154">
        <ele>34.848266958259046</ele>
        <time>2025-09-28T11:57:34.767Z</time>
      </trkpt>
      <trkpt lat="52.464550272402015" lon="13.373436269937097">
        <ele>35.07214857246727</ele>
        <time>2025-09-28T11:57:39.744Z</time>
      </trkpt>
      <trkpt lat="52.46461264290031" lon="13.373210174769303">
        <ele>35.15040931887925</ele>
        <time>2025-09-28T11:57:44.680Z</time>
      </trkpt>
      <trkpt lat="52.46466824729726" lon="13.37299648660882">
        <ele>34.95420324932784</ele>
        <time>2025-09-28T11:57:49.737Z</time>
      </trkpt>
      <trkpt lat="52.464712167673156" lon="13.372768369155777">
        <ele>34.890770273655654</ele>
        <time>2025-09-28T11:57:54.637Z</time>
      </trkpt>
      <trkpt lat="52.46477547229071" lon="13.372572560054202">
        <ele>35.05955003704876</ele>
        <time>2025-09-28T11:57:59.707Z</time>
      </trkpt>
      <trkpt lat="52.464835572366454" lon="13.372329845370656">
        <ele>34.82369290720671</ele>
        <time>2025-09-28T11:58:04.612Z</time>
      </trkpt>
      <trkpt lat="52.464900840472154" lon="13.372106341543176">
        <ele>35.2803356744349</ele>
        <time>2025-09-28T11:58:09.631Z</time>
      </trkpt>
      <trkpt lat="52.464948895103056" lon="13.371901210891016">
        <ele>34.99536338131875</ele>
        <time>2025-09-28T11:58:14.541Z</time>
      </trkpt>
      <trkpt lat="52.4650013098955" lon="13.371688931322142">
        <ele>35.17994905747473</ele>
        <time>2025-09-28T11:58:19.424Z</time>
      </trkpt>
      <trkpt lat="52.46505144510929" lon="13.37145094137077">
        <ele>35.15718547105789</ele>
        <time>2025-09-28T11:58:24.412Z</time>
      </trkpt>
      <trkpt lat="52.46509675884013" lon="13.371231264420187">
        <ele>34.667102250084284</ele>
        <time>2025-09-28T11:58:29.411Z</time>
      </trkpt>
      <trkpt lat="52.4651624190829" lon="13.37102643558938">
        <ele>35.323689041286706</ele>
        <time>2025-09-28T11:58:34.563Z</time>
      </trkpt>
      <trkpt lat="52.465203152998114" lon="13.370812211349621">
        <ele>34.83077850751579</ele>
        <time>2025-09-28T11:58:39.339Z</time>
      </trkpt>
      <trkpt lat="52.46528385129648" lon="13.370593756844018">
        <ele>34.73575200345367</ele>
        <time>2025-09-28T11:58:44.420Z</time>
      </trkpt>
      <trkpt lat="52.465312105306126" lon="13.37036550857661">
        <ele>35.270260554924604</ele>
        <time>2025-09-28T11:58:49.464Z</time>
      </trkpt>
      <trkpt lat="52.46538412545198" lon="13.370134943211557">
        <ele>34.69039863683283</ele>
        <time>2025-09-28T11:58:54.436Z</time>
      </trkpt>
      <trkpt lat="52.46543877532982" lon="13.369918947998393">
        <ele>34.826298262551425</ele>
        <time>2025-09-28T11:58:59.334Z</time>
      </trkpt>
      <trkpt lat="52.46548791534804" lon="13.369705896162701">
        <ele>35.337664500251414</ele>
        <time>2025-09-28T11:59:04.368Z</time>
      </trkpt>
      <trkpt lat="52.46555973445904" lon="13.369487656222026">
        <ele>34.79028541184962</ele>
        <time>2025-09-28T11:59:09.258Z</time>
      </trkpt>
      <trkpt lat="52.465616122117744" lon="13.369252786116604">
        <ele>35.36278888732195</ele>
        <time>2025-09-28T11:59:14.222Z</time>
      </trkpt>
      <trkpt lat="52.4656678816836" lon="13.36903246361519">
        <ele>34.935343590192495</ele>
        <time>2025-09-28T11:59:19.293Z</time>
      </trkpt>
      <trkpt lat="52.465701484993254" lon="13.368827780813298">
        <ele>35.02137463297695</ele>
        <time>2025-09-28T11:59:24.203Z</time>
      </trkpt>
      <trkpt lat="52.465765785541" lon="13.368592415440887">
        <ele>34.63554504904896</ele>
        <time>2025-09-28T11:59:29.212Z</time>
      </trkpt>
      <trkpt lat="52.465819307683034" lon="13.368366589322603">
        <ele>35.134025793150066</ele>
        <time>2025-09-28T11:59:34.220Z</time>
      </trkpt>
      <trkpt lat="52.46586927996711" lon="13.368175140741585">
        <ele>34.6169630728662</ele>
        <time>2025-09-28T11:59:39.013Z</time>
      </trkpt>
      <trkpt lat="52.4659412628826" lon="13.367932429054148">
        <ele>34.816408541053534</ele>
        <time>2025-09-28T11:59:44.128Z</time>
      </trkpt>
      <trkpt lat="52.46597312066468" lon="13.367727366753725">
        <ele>34.62419819105416</ele>
        <time>2025-09-28T11:59:49.008Z</time>
      </trkpt>
      <trkpt lat="52.4660485000675" lon="13.36749972184816">
        <ele>34.86239052265883</ele>
        <time>2025-09-28T11:59:54.028Z</time>
      </trkpt>
      <trkpt lat="52.466081634071315" lon="13.367280238211546">
        <ele>35.36973560769111</ele>
        <time>2025-09-28T11:59:59.196Z</time>
      </trkpt>
      <trkpt lat="52.46613988056561" lon="13.367061766727726">
        <ele>34.96702041067183</ele>
        <time>2025-09-28T12:00:04.017Z</time>
      </trkpt>
      <trkpt lat="52.46619305687857" lon="13.366843373041421">
        <ele>34.750964143127206</ele>
        <time>2025-09-28T12:00:09.126Z</time>
      </trkpt>
      <trkpt lat="52.46625528101007" lon="13.366621735520624">
        <ele>34.94009739719331</ele>
        <time>2025-09-28T12:00:14.245Z</time>
      </trkpt>
      <trkpt lat="52.46631085474349" lon="13.366407054773209">
        <ele>35.34176783524454</ele>
        <time>2025-09-28T12:00:19.215Z</time>
      </trkpt>
      <trkpt lat="52.466381793234966" lon="13.366178756537945">
        <ele>35.124228828400376</ele>
        <time>2025-09-28T12:00:24.045Z</time>
      </trkpt>
      <trkpt lat="52.46642915624573" lon="13.365969961385163">
        <ele>34.94695621673018</ele>
        <time>2025-09-28T12:00:28.954Z</time>
      </trkpt>
      <trkpt lat="52.46648676295343" lon="13.365744451455983">
        <ele>34.70488473866135</ele>
        <time>2025-09-28T12:00:34.042Z</time>
      </trkpt>
      <trkpt lat="52.46653640512482" lon="13.365528891365752">
        <ele>35.02420951873064</ele>
        <time>2025-09-28T12:00:39.173Z</time>
      </trkpt>
      <trkpt lat="52.46658929787813" lon="13.365307182279393">
        <ele>34.71411035470665</ele>
        <time>2025-09-28T12:00:44.067Z</time>
      </trkpt>
      <trkpt lat="52.466632145233675" lon="13.365070295347504">
        <ele>34.734782884083685</ele>
        <time>2025-09-28T12:00:49.095Z</time>
      </trkpt>
      <trkpt lat="52.466714984076695" lon="13.3648739050729">
        <ele>35.1059817161411</ele>
        <time>2025-09-28T12:00:54.180Z</time>
      </trkpt>
      <trkpt lat="52.466748223407144" lon="13.364637289746327">
        <ele>35.17437959685922</ele>
        <time>2025-09-28T12:00:59.205Z</time>
      </trkpt>
      <trkpt lat="52.46681611839201" lon="13.364408339836126">
        <ele>34.9788209490478</ele>
        <time>2025-09-28T12:01:04.131Z</time>
      </trkpt>
      <trkpt lat="52.466878542193015" lon="13.364199457752846">
        <ele>35.25145431365818</ele>
        <time>2025-09-28T12:01:09.217Z</time>
      </trkpt>
      <trkpt lat="52.46692329322186" lon="13.363993382865065">
        <ele>35.24776252340526</ele>
        <time>2025-09-28T12:01:14.281Z</time>
      </trkpt>
      <trkpt lat="52.46697787219176" lon="13.363766261196243">
        <ele>35.26195405945182</ele>
        <time>2025-09-28T12:01:19.243Z</time>
      </trkpt>
      <trkpt lat="52.467030116691724" lon="13.363547062883748">
        <ele>35.067573179677126</ele>
        <time>2025-09-28T12:01:24.245Z</time>
      </trkpt>
      <trkpt lat="52.46707546331307" lon="13.363314252328081">
        <ele>34.94574680235237</ele>
        <time>2025-09-28T12:01:29.281Z</time>
      </trkpt>
      <trkpt lat="52.46712772367064" lon="13.363105237019242">
        <ele>34.85970021616667</ele>
        <time>2025-09-28T12:01:34.237Z</time>
      </trkpt>
      <trkpt lat="52.467188816498776" lon="13.362893686299875">
        <ele>34.90983551554382</ele>
        <time>2025-09-28T12:01:39.225Z</time>
      </trkpt>
      <trkpt lat="52.46724313514726" lon="13.362660023380567">
        <ele>34.721671767905356</ele>
        <time>2025-09-28T12:01:44.096Z</time>
      </trkpt>
      <trkpt lat="52.46729249167638" lon="13.362432014321444">
        <ele>35.25608455743641</ele>
        <time>2025-09-28T12:01:49.142Z</time>
      </trkpt>
      <trkpt lat="52.467373847759795" lon="13.362225714469625">
        <ele>35.01514497101307</ele>
        <time>2025-09-28T12:01:53.962Z</time>
      </trkpt>
      <trkpt lat="52.46740747969974" lon="13.3620055324787">
        <ele>34.628372905775905</ele>
        <time>2025-09-28T12:01:58.993Z</time>
      </trkpt>
      <trkpt lat="52.467477123850166" lon="13.36178500635161">
        <ele>34.603465375304225</ele>
        <time>2025-09-28T12:02:04.106Z</time>
      </trkpt>
      <trkpt lat="52.467533897567165" lon="13.361558720972402">
        <ele>34.66665874570608</ele>
        <time>2025-09-28T12:02:09.005Z</time>
      </trkpt>
      <trkpt lat="52.46758149411241" lon="13.361345011670336">
        <ele>35.13405895829201</ele>
        <time>2025-09-28T12:02:14.073Z</time>
      </trkpt>
      <trkpt lat="52.467624259214176" lon="13.361134553993232">
        <ele>35.21611277982593</ele>
        <time>2025-09-28T12:02:18.944Z</time>
      </trkpt>
      <trkpt lat="52.46769712457416" lon="13.36090950716075">
        <ele>35.15213681831956</ele>
        <time>2025-09-28T12:02:23.897Z</time>
      </trkpt>
      <trkpt lat="52.46773995391858" lon="13.360691839555654">
        <ele>35.00035209953785</ele>
        <time>2025-09-28T12:02:28.849Z</time>
      </trkpt>
      <trkpt lat="52.46780457620182" lon="13.360467391801038">
        <ele>34.941634848341344</ele>
        <time>2025-09-28T12:02:33.709Z</time>
      </trkpt>
      <trkpt lat="52.467842703870595" lon="13.36022874850025">
        <ele>35.3317743178457</ele>
        <time>2025-09-28T12:02:38.638Z</time>
      </trkpt>
      <trkpt lat="52.467905200251884" lon="13.360027397024265">
        <ele>35.30301184225827</ele>
        <time>2025-09-28T12:02:43.623Z</time>
      </trkpt>
      <trkpt lat="52.467962967533495" lon="13.359813583109485">
        <ele>35.3416773410514</ele>
        <time>2025-09-28T12:02:48.680Z</time>
      </trkpt>
      <trkpt lat="52.46801463296612" lon="13.359575706180241">
        <ele>35.192611104622486</ele>
        <time>2025-09-28T12:02:53.750Z</time>
      </trkpt>
      <trkpt lat="52.46807343783121" lon="13.359360056089495">
        <ele>35.02243366707116</ele>
        <time>2025-09-28T12:02:58.578Z</time>
      </trkpt>
      <trkpt lat="52.46813849737509" lon="13.359149825599092">
        <ele>34.68411156032234</ele>
        <time>2025-09-28T12:03:03.499Z</time>
      </trkpt>
      <trkpt lat="52.46818841857696" lon="13.358919473172106">
        <ele>35.36833986770362</ele>
        <time>2025-09-28T12:03:08.521Z</time>
      </trkpt>
      <trkpt lat="52.46823485085081" lon="13.358686641717762">
        <ele>35.0376229185611</ele>
        <time>2025-09-28T12:03:13.593Z</time>
      </trkpt>
      <trkpt lat="52.46830143970716" lon="13.358472128114878">
        <ele>34.67688313405961</ele>
        <time>2025-09-28T12:03:18.410Z</time>
      </trkpt>
      <trkpt lat="52.468351540067" lon="13.35826804093544">
        <ele>35.019988572411236</ele>
        <time>2025-09-28T12:03:23.326Z</time>
      </trkpt>
      <trkpt lat="52.46841982625099" lon="13.35803766517151">
        <ele>34.87194515019655</ele>
        <time>2025-09-28T12:03:28.366Z</time>
      </trkpt>
      <trkpt lat="52.4684752379648" lon="13.357828322057893">
        <ele>34.64377259984612</ele>
        <time>2025-09-28T12:03:33.262Z</time>
      </trkpt>
      <trkpt lat="52.46851123311194" lon="13.3575926388071">
        <ele>35.330909728258845</ele>
        <time>2025-09-28T12:03:38.502Z</time>
      </trkpt>
      <trkpt lat="52.46857668464624" lon="13.357411960668092">
        <ele>34.844840565174344</ele>
        <time>2025-09-28T12:03:43.501Z</time>
      </trkpt>
      <trkpt lat="52.46869840268467" lon="13.357228685578903">
        <ele>34.93482591879233</ele>
        <time>2025-09-28T12:03:48.551Z</time>
      </trkpt>
      <trkpt lat="52.4687883167446" lon="13.357073452458774">
        <ele>35.06518912361339</ele>
        <time>2025-09-28T12:03:53.501Z</time>
      </trkpt>
      <trkpt lat="52.46889724333105" lon="13.356892603375275">
        <ele>35.1464803675382</ele>
        <time>2025-09-28T12:03:58.391Z</time>
      </trkpt>
      <trkpt lat="52.46900320725454" lon="13.356722314669275">
        <ele>35.3309590989237</ele>
        <time>2025-09-28T12:04:03.359Z</time>
      </trkpt>
      <trkpt lat="52.469097618979454" lon="13.35653814684256">
        <ele>34.821627311105644</ele>
        <time>2025-09-28T12:04:08.314Z</time>
      </trkpt>
      <trkpt lat="52.469196268503936" lon="13.356381749198224">
        <ele>35.1904869347828</ele>
        <time>2025-09-28T12:04:13.494Z</time>
      </trkpt>
      <trkpt lat="52.46929220599628" lon="13.356206961093253">
        <ele>35.02234119971182</ele>
        <time>2025-09-28T12:04:18.582Z</time>
      </trkpt>
      <trkpt lat="52.46940568147609" lon="13.356041239853893">
        <ele>34.67885011309382</ele>
        <time>2025-09-28T12:04:23.526Z</time>
      </trkpt>
      <trkpt lat="52.46948205549878" lon="13.35586032031647">
        <ele>35.1279186475864</ele>
        <time>2025-09-28T12:04:28.555Z</time>
      </trkpt>
      <trkpt lat="52.46960058443213" lon="13.355684067306083">
        <ele>34.87648430793554</ele>
        <time>2025-09-28T12:04:33.640Z</time>
      </trkpt>
      <trkpt lat="52.46970407201552" lon="13.355525862419393">
        <ele>34.83027755081388</ele>
        <time>2025-09-28T12:04:38.683Z</time>
      </trkpt>
      <trkpt lat="52.46979344239663" lon="13.355349314067562">
        <ele>35.29507474448924</ele>
        <time>2025-09-28T12:04:43.675Z</time>
      </trkpt>
      <trkpt lat="52.46988895407591" lon="13.355170840203355">
        <ele>35.32417028722472</ele>
        <time>2025-09-28T12:04:48.804Z</time>
      </trkpt>
      <trkpt lat="52.469985882909405" lon="13.35500898318125">
        <ele>34.73834151664593</ele>
        <time>2025-09-28T12:04:53.585Z</time>
      </trkpt>
      <trkpt lat="52.470101310970485" lon="13.354835481365365">
        <ele>35.4188661384819</ele>
        <time>2025-09-28T12:04:58.634Z</time>
      </trkpt>
      <trkpt lat="52.470197524181195" lon="13.354647424776068">
        <ele>35.24684047128302</ele>
        <time>2025-09-28T12:05:03.669Z</time>
      </trkpt>
      <trkpt lat="52.470296608685295" lon="13.35448689848803">
        <ele>34.840589462220215</ele>
        <time>2025-09-28T12:05:08.531Z</time>
      </trkpt>
      <trkpt lat="52.47038124369242" lon="13.354304897467916">
        <ele>34.89160176136212</ele>
        <time>2025-09-28T12:05:13.400Z</time>
      </trkpt>
      <trkpt lat="52.470489048959635" lon="13.35414198343164">
        <ele>34.85362758157182</ele>
        <time>2025-09-28T12:05:18.312Z</time>
      </trkpt>
      <trkpt lat="52.47059948104567" lon="13.353954610308435">
        <ele>34.79599389636954</ele>
        <time>2025-09-28T12:05:23.257Z</time>
      </trkpt>
      <trkpt lat="52.47070922549312" lon="13.353800289158885">
        <ele>35.51482857010118</ele>
        <time>2025-09-28T12:05:28.478Z</time>
      </trkpt>
      <trkpt lat="52.47080056683415" lon="13.353636544689548">
        <ele>34.89397660534346</ele>
        <time>2025-09-28T12:05:33.356Z</time>
      </trkpt>
      <trkpt lat="52.47088908066511" lon="13.353450764030521">
        <ele>35.35969122160401</ele>
        <time>2025-09-28T12:05:38.427Z</time>
      </trkpt>
      <trkpt lat="52.471000272391166" lon="13.353280654982239">
        <ele>35.43323929597525</ele>
        <time>2025-09-28T12:05:43.328Z</time>
      </trkpt>
      <trkpt lat="52.47110401257873" lon="13.353096331560621">
        <ele>35.107092811554665</ele>
        <time>2025-09-28T12:05:48.132Z</time>
      </trkpt>
      <trkpt lat="52.47120271141026" lon="13.352936870235277">
        <ele>34.79999649109604</ele>
        <time>2025-09-28T12:05:53.008Z</time>
      </trkpt>
      <trkpt lat="52.47130521326286" lon="13.352758653882127">
        <ele>35.13863044015143</ele>
        <time>2025-09-28T12:05:58.144Z</time>
      </trkpt>
      <trkpt lat="52.47139729376426" lon="13.352591156327893">
        <ele>35.371793345731845</ele>
        <time>2025-09-28T12:06:03.216Z</time>
      </trkpt>
      <trkpt lat="52.4715070237204" lon="13.352421111552035">
        <ele>35.091682668145964</ele>
        <time>2025-09-28T12:06:08.045Z</time>
      </trkpt>
      <trkpt lat="52.47159452057595" lon="13.352252343111143">
        <ele>35.496153272177374</ele>
        <time>2025-09-28T12:06:13.229Z</time>
      </trkpt>
      <trkpt lat="52.47169002345693" lon="13.352085333349736">
        <ele>35.3995173843376</ele>
        <time>2025-09-28T12:06:18.336Z</time>
      </trkpt>
      <trkpt lat="52.47179896530245" lon="13.35190587968082">
        <ele>35.1214708575098</ele>
        <time>2025-09-28T12:06:23.394Z</time>
      </trkpt>
      <trkpt lat="52.47189318310282" lon="13.351721939922209">
        <ele>35.012723576866534</ele>
        <time>2025-09-28T12:06:28.269Z</time>
      </trkpt>
      <trkpt lat="52.471993114383935" lon="13.351566916259904">
        <ele>35.052828869185916</ele>
        <time>2025-09-28T12:06:33.141Z</time>
      </trkpt>
      <trkpt lat="52.47210383581751" lon="13.351386655318743">
        <ele>35.26457274247576</ele>
        <time>2025-09-28T12:06:38.130Z</time>
      </trkpt>
      <trkpt lat="52.47220976603166" lon="13.351206972340051">
        <ele>35.27122395170263</ele>
        <time>2025-09-28T12:06:43.232Z</time>
      </trkpt>
      <trkpt lat="52.47228591869256" lon="13.351044221283626">
        <ele>35.208996350262986</ele>
        <time>2025-09-28T12:06:48.161Z</time>
      </trkpt>
      <trkpt lat="52.47239673577277" lon="13.350861161397757">
        <ele>35.298944549325654</ele>
        <time>2025-09-28T12:06:53.054Z</time>
      </trkpt>
      <trkpt lat="52.47250975409493" lon="13.35071301008123">
        <ele>35.4107986619648</ele>
        <time>2025-09-28T12:06:58.075Z</time>
      </trkpt>
      <trkpt lat="52.4726089482158" lon="13.350544764206">
        <ele>35.4224427879992</ele>
        <time>2025-09-28T12:07:03.100Z</time>
      </trkpt>
      <trkpt lat="52.47268667497481" lon="13.350367182858541">
        <ele>35.40700208903194</ele>
        <time>2025-09-28T12:07:08.128Z</time>
      </trkpt>
      <trkpt lat="52.47280871395653" lon="13.35017760392056">
        <ele>35.38133717456462</ele>
        <time>2025-09-28T12:07:13.139Z</time>
      </trkpt>
      <trkpt lat="52.47288552370667" lon="13.350010697688392">
        <ele>35.087926055028184</ele>
        <time>2025-09-28T12:07:18.163Z</time>
      </trkpt>
      <trkpt lat="52.4729997621345" lon="13.349842958321219">
        <ele>35.1879654869718</ele>
        <time>2025-09-28T12:07:23.150Z</time>
      </trkpt>
      <trkpt lat="52.47310139598854" lon="13.349658902803652">
        <ele>35.50697131450959</ele>
        <time>2025-09-28T12:07:28.093Z</time>
      </trkpt>
      <trkpt lat="52.47318810406377" lon="13.349496382264705">
        <ele>35.48295030825238</ele>
        <time>2025-09-28T12:07:33.181Z</time>
      </trkpt>
      <trkpt lat="52.47328563559517" lon="13.349318719669602">
        <ele>35.519639704759534</ele>
        <time>2025-09-28T12:07:38.122Z</time>
      </trkpt>
      <trkpt lat="52.47341092005536" lon="13.349145509829519">
        <ele>35.21381387425437</ele>
        <time>2025-09-28T12:07:42.942Z</time>
      </trkpt>
      <trkpt lat="52.47350734403511" lon="13.34898785172231">
        <ele>35.746509947316206</ele>
        <time>2025-09-28T12:07:48.043Z</time>
      </trkpt>
      <trkpt lat="52.47360662574643" lon="13.348824653231143">
        <ele>35.01369702573169</ele>
        <time>2025-09-28T12:07:52.905Z</time>
      </trkpt>
      <trkpt lat="52.47370858262411" lon="13.348639271238556">
        <ele>35.22609049558599</ele>
        <time>2025-09-28T12:07:57.987Z</time>
      </trkpt>
      <trkpt lat="52.47378911361326" lon="13.348483631040038">
        <ele>35.48704053354136</ele>
        <time>2025-09-28T12:08:03.148Z</time>
      </trkpt>
      <trkpt lat="52.473892990715015" lon="13.348300487687274">
        <ele>35.07220403232955</ele>
        <time>2025-09-28T12:08:08.202Z</time>
      </trkpt>
      <trkpt lat="52.47400149471104" lon="13.348113847457217">
        <ele>35.57434566384252</ele>
        <time>2025-09-28T12:08:13.138Z</time>
      </trkpt>
      <trkpt lat="52.47409169382815" lon="13.347968320413619">
        <ele>35.50073382801172</ele>
        <time>2025-09-28T12:08:18.221Z</time>
      </trkpt>
      <trkpt lat="52.47419516801409" lon="13.347783333625443">
        <ele>35.42036694023281</ele>
        <time>2025-09-28T12:08:23.243Z</time>
      </trkpt>
      <trkpt lat="52.474315934003094" lon="13.347604660522954">
        <ele>35.483158337028634</ele>
        <time>2025-09-28T12:08:28.340Z</time>
      </trkpt>
      <trkpt lat="52.47439064935566" lon="13.34744095243478">
        <ele>35.459592623644504</ele>
        <time>2025-09-28T12:08:33.389Z</time>
      </trkpt>
      <trkpt lat="52.47449206231226" lon="13.347252643854699">
        <ele>35.732349223397726</ele>
        <time>2025-09-28T12:08:38.293Z</time>
      </trkpt>
      <trkpt lat="52.47460308721006" lon="13.347108610147819">
        <ele>35.801342001243604</ele>
        <time>2025-09-28T12:08:43.391Z</time>
      </trkpt>
      <trkpt lat="52.47469602234806" lon="13.34692254200342">
        <ele>35.2010621933175</ele>
        <time>2025-09-28T12:08:48.160Z</time>
      </trkpt>
      <trkpt lat="52.4748025192021" lon="13.346766567643671">
        <ele>35.42709347132336</ele>
        <time>2025-09-28T12:08:53.198Z</time>
      </trkpt>
      <trkpt lat="52.4748946435068" lon="13.346577401541245">
        <ele>35.43194107212526</ele>
        <time>2025-09-28T12:08:58.328Z</time>
      </trkpt>
      <trkpt lat="52.47500579540556" lon="13.346401558911191">
        <ele>35.63860187974885</ele>
        <time>2025-09-28T12:09:03.487Z</time>
      </trkpt>
      <trkpt lat="52.475116773681094" lon="13.34623171870883">
        <ele>35.58360400264935</ele>
        <time>2025-09-28T12:09:08.441Z</time>
      </trkpt>
      <trkpt lat="52.47520716767506" lon="13.346078396917656">
        <ele>35.37150002254683</ele>
        <time>2025-09-28T12:09:13.396Z</time>
      </trkpt>
      <trkpt lat="52.4753189152937" lon="13.345901890908449">
        <ele>35.10250712218931</ele>
        <time>2025-09-28T12:09:18.209Z</time>
      </trkpt>
      <trkpt lat="52.47539857555163" lon="13.345715112268646">
        <ele>35.696455062999945</ele>
        <time>2025-09-28T12:09:23.432Z</time>
      </trkpt>
      <trkpt lat="52.47549232397136" lon="13.345540011681825">
        <ele>35.40416144114607</ele>
        <time>2025-09-28T12:09:28.348Z</time>
      </trkpt>
      <trkpt lat="52.475615516647785" lon="13.345380339729852">
        <ele>35.71818894346591</ele>
        <time>2025-09-28T12:09:33.372Z</time>
      </trkpt>
      <trkpt lat="52.47570463929225" lon="13.34521591441381">
        <ele>35.497123243343815</ele>
        <time>2025-09-28T12:09:38.411Z</time>
      </trkpt>
      <trkpt lat="52.47579758356708" lon="13.345020755266157">
        <ele>35.195000416401626</ele>
        <time>2025-09-28T12:09:43.223Z</time>
      </trkpt>
      <trkpt lat="52.47589306519939" lon="13.344868425878119">
        <ele>35.76580936248871</ele>
        <time>2025-09-28T12:09:48.355Z</time>
      </trkpt>
      <trkpt lat="52.47600474993307" lon="13.344683195937758">
        <ele>35.624090194182436</ele>
        <time>2025-09-28T12:09:53.421Z</time>
      </trkpt>
      <trkpt lat="52.47610328518025" lon="13.344526832234356">
        <ele>35.75899971590286</ele>
        <time>2025-09-28T12:09:58.452Z</time>
      </trkpt>
      <trkpt lat="52.47621719131628" lon="13.344355538819372">
        <ele>35.51683310540028</ele>
        <time>2025-09-28T12:10:03.307Z</time>
      </trkpt>
      <trkpt lat="52.47631534369524" lon="13.344163099915589">
        <ele>35.41535818225066</ele>
        <time>2025-09-28T12:10:08.378Z</time>
      </trkpt>
      <trkpt lat="52.47640062826156" lon="13.344004104607478">
        <ele>35.942746723955686</ele>
        <time>2025-09-28T12:10:13.530Z</time>
      </trkpt>
      <trkpt lat="52.476521419469364" lon="13.343822618814437">
        <ele>35.191374264729454</ele>
        <time>2025-09-28T12:10:18.382Z</time>
      </trkpt>
      <trkpt lat="52.4766159860591" lon="13.343671610113084">
        <ele>35.24068926442817</ele>
        <time>2025-09-28T12:10:23.393Z</time>
      </trkpt>
      <trkpt lat="52.47670851616944" lon="13.343494723047788">
        <ele>35.419053533423124</ele>
        <time>2025-09-28T12:10:28.349Z</time>
      </trkpt>
      <trkpt lat="52.47681197049029" lon="13.343309581709915">
        <ele>35.810554659607305</ele>
        <time>2025-09-28T12:10:33.438Z</time>
      </trkpt>
      <trkpt lat="52.47689723457085" lon="13.343141618409037">
        <ele>35.21209056264302</ele>
        <time>2025-09-28T12:10:38.228Z</time>
      </trkpt>
      <trkpt lat="52.477021682174204" lon="13.342986797249011">
        <ele>35.36929189722293</ele>
        <time>2025-09-28T12:10:43.324Z</time>
      </trkpt>
      <trkpt lat="52.47710957277161" lon="13.342790750993052">
        <ele>35.89716116175021</ele>
        <time>2025-09-28T12:10:48.265Z</time>
      </trkpt>
      <trkpt lat="52.477194234876826" lon="13.342641860696219">
        <ele>35.93281902351108</ele>
        <time>2025-09-28T12:10:53.393Z</time>
      </trkpt>
      <trkpt lat="52.47730485029579" lon="13.342452346371541">
        <ele>35.83859718152671</ele>
        <time>2025-09-28T12:10:58.415Z</time>
      </trkpt>
      <trkpt lat="52.477398619829216" lon="13.342285050978582">
        <ele>35.4409170732096</ele>
        <time>2025-09-28T12:11:03.498Z</time>
      </trkpt>
      <trkpt lat="52.4774951778925" lon="13.342105706076962">
        <ele>35.29998383312288</ele>
        <time>2025-09-28T12:11:08.571Z</time>
      </trkpt>
      <trkpt lat="52.47760775999337" lon="13.341944834987688">
        <ele>35.585665738466126</ele>
        <time>2025-09-28T12:11:13.469Z</time>
      </trkpt>
      <trkpt lat="52.4777029812567" lon="13.34178407325567">
        <ele>35.55056380443461</ele>
        <time>2025-09-28T12:11:18.329Z</time>
      </trkpt>
      <trkpt lat="52.47781615535524" lon="13.34158542430331">
        <ele>36.056231887945025</ele>
        <time>2025-09-28T12:11:23.329Z</time>
      </trkpt>
      <trkpt lat="52.47790092553575" lon="13.341440313273992">
        <ele>35.385722738184135</ele>
        <time>2025-09-28T12:11:28.237Z</time>
      </trkpt>
      <trkpt lat="52.47800845858212" lon="13.341246957110142">
        <ele>36.029481203279616</ele>
        <time>2025-09-28T12:11:33.197Z</time>
      </trkpt>
      <trkpt lat="52.4781122408178" lon="13.341069087593965">
        <ele>35.8954530722557</ele>
        <time>2025-09-28T12:11:38.110Z</time>
      </trkpt>
      <trkpt lat="52.47822274620324" lon="13.340906067414897">
        <ele>35.38781874295072</ele>
        <time>2025-09-28T12:11:43.095Z</time>
      </trkpt>
      <trkpt lat="52.47830567583751" lon="13.340741324434262">
        <ele>35.70984542664546</ele>
        <time>2025-09-28T12:11:48.160Z</time>
      </trkpt>
      <trkpt lat="52.478397874771574" lon="13.34055538126053">
        <ele>35.66649922997823</ele>
        <time>2025-09-28T12:11:53.303Z</time>
      </trkpt>
      <trkpt lat="52.478509808124564" lon="13.340394911311847">
        <ele>36.10099738279216</ele>
        <time>2025-09-28T12:11:58.358Z</time>
      </trkpt>
      <trkpt lat="52.47860887075055" lon="13.340234128380635">
        <ele>35.84557788180703</ele>
        <time>2025-09-28T12:12:03.180Z</time>
      </trkpt>
      <trkpt lat="52.478710758028654" lon="13.340042693753267">
        <ele>35.785599021122415</ele>
        <time>2025-09-28T12:12:08.253Z</time>
      </trkpt>
      <trkpt lat="52.47879947183693" lon="13.339889527184365">
        <ele>35.84607962742416</ele>
        <time>2025-09-28T12:12:13.332Z</time>
      </trkpt>
      <trkpt lat="52.4789017129174" lon="13.339707358496499">
        <ele>35.49240718234956</ele>
        <time>2025-09-28T12:12:18.309Z</time>
      </trkpt>
      <trkpt lat="52.47900595410552" lon="13.339530428699282">
        <ele>35.73203893085362</ele>
        <time>2025-09-28T12:12:23.357Z</time>
      </trkpt>
      <trkpt lat="52.47911426317185" lon="13.339377532751236">
        <ele>35.472378987987376</ele>
        <time>2025-09-28T12:12:28.349Z</time>
      </trkpt>
      <trkpt lat="52.47921007866114" lon="13.339199021933618">
        <ele>35.95317946403092</ele>
        <time>2025-09-28T12:12:33.279Z</time>
      </trkpt>
      <trkpt lat="52.47930423123393" lon="13.339020209872391">
        <ele>35.516931458595174</ele>
        <time>2025-09-28T12:12:38.156Z</time>
      </trkpt>
      <trkpt lat="52.47941755338584" lon="13.338843861185305">
        <ele>35.45834841333517</ele>
        <time>2025-09-28T12:12:43.154Z</time>
      </trkpt>
      <trkpt lat="52.47952221448181" lon="13.338666767970668">
        <ele>36.028004488059395</ele>
        <time>2025-09-28T12:12:48.306Z</time>
      </trkpt>
      <trkpt lat="52.479606698525075" lon="13.338517287657826">
        <ele>35.70390607939674</ele>
        <time>2025-09-28T12:12:53.366Z</time>
      </trkpt>
      <trkpt lat="52.479721292448836" lon="13.338343066577371">
        <ele>35.589069253525885</ele>
        <time>2025-09-28T12:12:58.348Z</time>
      </trkpt>
      <trkpt lat="52.47979991566556" lon="13.338161145414006">
        <ele>35.55148783183681</ele>
        <time>2025-09-28T12:13:03.454Z</time>
      </trkpt>
      <trkpt lat="52.47990349400359" lon="13.33797656256569">
        <ele>35.610952877064534</ele>
        <time>2025-09-28T12:13:08.321Z</time>
      </trkpt>
      <trkpt lat="52.48000673866673" lon="13.337833304502311">
        <ele>35.66601798359713</ele>
        <time>2025-09-28T12:13:13.456Z</time>
      </trkpt>
      <trkpt lat="52.48012901945213" lon="13.33764649099356">
        <ele>35.56263633654587</ele>
        <time>2025-09-28T12:13:18.584Z</time>
      </trkpt>
      <trkpt lat="52.4802083812754" lon="13.337476309071036">
        <ele>35.494747428948536</ele>
        <time>2025-09-28T12:13:23.444Z</time>
      </trkpt>
      <trkpt lat="52.48032774274832" lon="13.337315629849964">
        <ele>36.01893220106658</ele>
        <time>2025-09-28T12:13:28.635Z</time>
      </trkpt>
      <trkpt lat="52.48041997641174" lon="13.337142071665852">
        <ele>35.54466437514184</ele>
        <time>2025-09-28T12:13:33.514Z</time>
      </trkpt>
      <trkpt lat="52.48051201750061" lon="13.336966925168511">
        <ele>36.10372531950444</ele>
        <time>2025-09-28T12:13:38.502Z</time>
      </trkpt>
      <trkpt lat="52.480616689741616" lon="13.336783823757248">
        <ele>35.93091135200741</ele>
        <time>2025-09-28T12:13:43.517Z</time>
      </trkpt>
      <trkpt lat="52.48072116688245" lon="13.336606763516354">
        <ele>36.04353526217286</ele>
        <time>2025-09-28T12:13:48.605Z</time>
      </trkpt>
      <trkpt lat="52.480802068526216" lon="13.336439327007657">
        <ele>36.155760008041625</ele>
        <time>2025-09-28T12:13:53.615Z</time>
      </trkpt>
      <trkpt lat="52.48090179877196" lon="13.336260153952145">
        <ele>35.55047140537568</ele>
        <time>2025-09-28T12:13:58.598Z</time>
      </trkpt>
      <trkpt lat="52.48102957367375" lon="13.336110948250504">
        <ele>35.66845376081298</ele>
        <time>2025-09-28T12:14:03.479Z</time>
      </trkpt>
      <trkpt lat="52.48110817251634" lon="13.335926143052163">
        <ele>36.05714075818849</ele>
        <time>2025-09-28T12:14:08.655Z</time>
      </trkpt>
      <trkpt lat="52.481218271275104" lon="13.335746216457764">
        <ele>36.290275059127346</ele>
        <time>2025-09-28T12:14:13.718Z</time>
      </trkpt>
      <trkpt lat="52.481312468058846" lon="13.335573129019691">
        <ele>35.75464148835853</ele>
        <time>2025-09-28T12:14:18.525Z</time>
      </trkpt>
      <trkpt lat="52.481418678218404" lon="13.335411144576543">
        <ele>35.92192441514063</ele>
        <time>2025-09-28T12:14:23.596Z</time>
      </trkpt>
      <trkpt lat="52.481521311882894" lon="13.335246305377192">
        <ele>36.059192922553315</ele>
        <time>2025-09-28T12:14:28.631Z</time>
      </trkpt>
      <trkpt lat="52.48161744920741" lon="13.335070578678156">
        <ele>35.69494669787339</ele>
        <time>2025-09-28T12:14:33.426Z</time>
      </trkpt>
      <trkpt lat="52.48171012358385" lon="13.334902809397823">
        <ele>36.271121641513346</ele>
        <time>2025-09-28T12:14:38.380Z</time>
      </trkpt>
      <trkpt lat="52.48180392352419" lon="13.33472048713855">
        <ele>36.29202193935539</ele>
        <time>2025-09-28T12:14:43.320Z</time>
      </trkpt>
      <trkpt lat="52.48193277533747" lon="13.334551772443913">
        <ele>35.60109160704401</ele>
        <time>2025-09-28T12:14:48.281Z</time>
      </trkpt>
      <trkpt lat="52.48202008669093" lon="13.334372294594894">
        <ele>36.13249698119759</ele>
        <time>2025-09-28T12:14:53.316Z</time>
      </trkpt>
      <trkpt lat="52.48212641488705" lon="13.33422342138148">
        <ele>36.08304220288308</ele>
        <time>2025-09-28T12:14:58.322Z</time>
      </trkpt>
      <trkpt lat="52.48222677922078" lon="13.33403626631962">
        <ele>35.931489683054124</ele>
        <time>2025-09-28T12:15:03.399Z</time>
      </trkpt>
      <trkpt lat="52.48232155125596" lon="13.333879785962315">
        <ele>35.693250077820174</ele>
        <time>2025-09-28T12:15:08.451Z</time>
      </trkpt>
      <trkpt lat="52.48241302891924" lon="13.333686564560688">
        <ele>36.242285269101934</ele>
        <time>2025-09-28T12:15:13.579Z</time>
      </trkpt>
      <trkpt lat="52.482510794789334" lon="13.33351450245138">
        <ele>36.30805920986542</ele>
        <time>2025-09-28T12:15:18.738Z</time>
      </trkpt>
      <trkpt lat="52.482634838892494" lon="13.333393330029544">
        <ele>35.998994855582716</ele>
        <time>2025-09-28T12:15:23.588Z</time>
      </trkpt>
      <trkpt lat="52.48276051905007" lon="13.333268392554547">
        <ele>36.332846073061226</ele>
        <time>2025-09-28T12:15:28.778Z</time>
      </trkpt>
      <trkpt lat="52.48287088829253" lon="13.333142050882186">
        <ele>36.19154504686594</ele>
        <time>2025-09-28T12:15:33.873Z</time>
      </trkpt>
      <trkpt lat="52.48300537618982" lon="13.333013931224258">
        <ele>35.82334452234208</ele>
        <time>2025-09-28T12:15:38.689Z</time>
      </trkpt>
      <trkpt lat="52.48313877612535" lon="13.33290060610397">
        <ele>36.18836637791246</ele>
        <time>2025-09-28T12:15:43.669Z</time>
      </trkpt>
      <trkpt lat="52.48325689968518" lon="13.33277160827486">
        <ele>36.351100666634736</ele>
        <time>2025-09-28T12:15:48.746Z</time>
      </trkpt>
      <trkpt lat="52.48337459549788" lon="13.332631890842535">
        <ele>36.27555092908442</ele>
        <time>2025-09-28T12:15:53.735Z</time>
      </trkpt>
      <trkpt lat="52.48351268455537" lon="13.332509268479528">
        <ele>36.065586869418624</ele>
        <time>2025-09-28T12:15:58.828Z</time>
      </trkpt>
      <trkpt lat="52.4836272823905" lon="13.33240439620728">
        <ele>36.16287648584694</ele>
        <time>2025-09-28T12:16:03.889Z</time>
      </trkpt>
      <trkpt lat="52.483750746948694" lon="13.332272826739075">
        <ele>35.86373826321214</ele>
        <time>2025-09-28T12:16:08.895Z</time>
      </trkpt>
      <trkpt lat="52.48386546077338" lon="13.33213709945461">
        <ele>35.71301113273948</ele>
        <time>2025-09-28T12:16:13.755Z</time>
      </trkpt>
      <trkpt lat="52.4839844082215" lon="13.332023342213212">
        <ele>36.31774698961526</ele>
        <time>2025-09-28T12:16:18.956Z</time>
      </trkpt>
      <trkpt lat="52.48411566690239" lon="13.331894389528406">
        <ele>36.348215424641964</ele>
        <time>2025-09-28T12:16:24.000Z</time>
      </trkpt>
      <trkpt lat="52.48424419926122" lon="13.3317763462693">
        <ele>35.995764212869105</ele>
        <time>2025-09-28T12:16:28.944Z</time>
      </trkpt>
      <trkpt lat="52.48435400424072" lon="13.33164616755204">
        <ele>36.263561914116146</ele>
        <time>2025-09-28T12:16:34.027Z</time>
      </trkpt>
      <trkpt lat="52.48448389672142" lon="13.331536337590562">
        <ele>35.778438962437214</ele>
        <time>2025-09-28T12:16:39.047Z</time>
      </trkpt>
      <trkpt lat="52.48462439939225" lon="13.331422160103582">
        <ele>35.94027672819793</ele>
        <time>2025-09-28T12:16:44.069Z</time>
      </trkpt>
      <trkpt lat="52.48474459587089" lon="13.331269769276547">
        <ele>36.343430516123775</ele>
        <time>2025-09-28T12:16:49.032Z</time>
      </trkpt>
      <trkpt lat="52.48484919816241" lon="13.331164347647213">
        <ele>36.277259308099744</ele>
        <time>2025-09-28T12:16:54.040Z</time>
      </trkpt>
      <trkpt lat="52.48497781703554" lon="13.33103721251028">
        <ele>35.652329882606864</ele>
        <time>2025-09-28T12:16:59.038Z</time>
      </trkpt>
      <trkpt lat="52.48511466179951" lon="13.33090048685144">
        <ele>36.18401542995125</ele>
        <time>2025-09-28T12:17:04.042Z</time>
      </trkpt>
      <trkpt lat="52.48523550858699" lon="13.330801783294811">
        <ele>35.99321721624583</ele>
        <time>2025-09-28T12:17:08.885Z</time>
      </trkpt>
      <trkpt lat="52.48536771550931" lon="13.330667090939624">
        <ele>36.03769219238311</ele>
        <time>2025-09-28T12:17:13.892Z</time>
      </trkpt>
      <trkpt lat="52.48546773172216" lon="13.330543554797188">
        <ele>35.694323379918934</ele>
        <time>2025-09-28T12:17:18.765Z</time>
      </trkpt>
      <trkpt lat="52.48559327477925" lon="13.330420268931128">
        <ele>35.828684280626476</ele>
        <time>2025-09-28T12:17:23.879Z</time>
      </trkpt>
      <trkpt lat="52.48574301279674" lon="13.330289368253707">
        <ele>35.899687411636116</ele>
        <time>2025-09-28T12:17:28.959Z</time>
      </trkpt>
      <trkpt lat="52.485841678553015" lon="13.330165373499181">
        <ele>36.2942697416991</ele>
        <time>2025-09-28T12:17:33.901Z</time>
      </trkpt>
      <trkpt lat="52.485981944098" lon="13.33003934513562">
        <ele>36.02470392975956</ele>
        <time>2025-09-28T12:17:38.716Z</time>
      </trkpt>
      <trkpt lat="52.4860992399389" lon="13.329933939469447">
        <ele>35.700103148259224</ele>
        <time>2025-09-28T12:17:43.797Z</time>
      </trkpt>
      <trkpt lat="52.486239484169936" lon="13.32980869651925">
        <ele>36.249855656549336</ele>
        <time>2025-09-28T12:17:48.864Z</time>
      </trkpt>
      <trkpt lat="52.48635235866048" lon="13.329674965801123">
        <ele>36.38296467997134</ele>
        <time>2025-09-28T12:17:53.898Z</time>
      </trkpt>
      <trkpt lat="52.48647917205812" lon="13.329552052561468">
        <ele>36.14594184570014</ele>
        <time>2025-09-28T12:17:58.847Z</time>
      </trkpt>
      <trkpt lat="52.4865825768921" lon="13.329427122097952">
        <ele>36.266621037200096</ele>
        <time>2025-09-28T12:18:03.973Z</time>
      </trkpt>
      <trkpt lat="52.486731198151745" lon="13.329297520076922">
        <ele>36.099971644766626</ele>
        <time>2025-09-28T12:18:08.990Z</time>
      </trkpt>
      <trkpt lat="52.48685411834546" lon="13.329190004967023">
        <ele>36.24047006256878</ele>
        <time>2025-09-28T12:18:14.065Z</time>
      </trkpt>
      <trkpt lat="52.486952824248334" lon="13.329068035815936">
        <ele>35.82851026300341</ele>
        <time>2025-09-28T12:18:19.136Z</time>
      </trkpt>
      <trkpt lat="52.48709068925625" lon="13.32891883262732">
        <ele>36.31023900695145</ele>
        <time>2025-09-28T12:18:24.055Z</time>
      </trkpt>
      <trkpt lat="52.48722377631531" lon="13.328818463351768">
        <ele>35.92754910215736</ele>
        <time>2025-09-28T12:18:29.022Z</time>
      </trkpt>
      <trkpt lat="52.48733083003975" lon="13.328682902691297">
        <ele>36.213985642790796</ele>
        <time>2025-09-28T12:18:34.051Z</time>
      </trkpt>
      <trkpt lat="52.48746280273943" lon="13.328570982154769">
        <ele>36.17927287146449</ele>
        <time>2025-09-28T12:18:38.938Z</time>
      </trkpt>
      <trkpt lat="52.48759165126749" lon="13.328432912513545">
        <ele>36.30171202048659</ele>
        <time>2025-09-28T12:18:43.955Z</time>
      </trkpt>
      <trkpt lat="52.48770113730382" lon="13.328307806164885">
        <ele>35.87486880067736</ele>
        <time>2025-09-28T12:18:48.840Z</time>
      </trkpt>
      <trkpt lat="52.487833459278036" lon="13.32819490646398">
        <ele>36.31058232858777</ele>
        <time>2025-09-28T12:18:53.757Z</time>
      </trkpt>
      <trkpt lat="52.487969819029374" lon="13.328077422162123">
        <ele>36.384654443897304</ele>
        <time>2025-09-28T12:18:58.791Z</time>
      </trkpt>
      <trkpt lat="52.48807141873799" lon="13.327932026269465">
        <ele>35.968268876336516</ele>
        <time>2025-09-28T12:19:03.620Z</time>
      </trkpt>
      <trkpt lat="52.488201414655755" lon="13.327805711979199">
        <ele>35.78007578793913</ele>
        <time>2025-09-28T12:19:08.688Z</time>
      </trkpt>
      <trkpt lat="52.488328899839864" lon="13.327687092598918">
        <ele>35.821098330058156</ele>
        <time>2025-09-28T12:19:13.738Z</time>
      </trkpt>
      <trkpt lat="52.48846657477403" lon="13.327575841169725">
        <ele>35.99165615104139</ele>
        <time>2025-09-28T12:19:18.851Z</time>
      </trkpt>
      <trkpt lat="52.48859048807778" lon="13.327449716704905">
        <ele>35.71205466128886</ele>
        <time>2025-09-28T12:19:23.780Z</time>
      </trkpt>
      <trkpt lat="52.488711224246806" lon="13.327336655906613">
        <ele>36.217956858873364</ele>
        <time>2025-09-28T12:19:29.012Z</time>
      </trkpt>
      <trkpt lat="52.48882248091765" lon="13.327195002740213">
        <ele>36.12198500800878</ele>
        <time>2025-09-28T12:19:33.990Z</time>
      </trkpt>
      <trkpt lat="52.488953784267814" lon="13.32706596105978">
        <ele>36.093516947887835</ele>
        <time>2025-09-28T12:19:39.067Z</time>
      </trkpt>
      <trkpt lat="52.48906306570262" lon="13.326956629799064">
        <ele>35.96737667899579</ele>
        <time>2025-09-28T12:19:44.090Z</time>
      </trkpt>
      <trkpt lat="52.489208279751566" lon="13.326821479785924">
        <ele>35.897927581705154</ele>
        <time>2025-09-28T12:19:49.045Z</time>
      </trkpt>
      <trkpt lat="52.48931508937353" lon="13.326698695722817">
        <ele>35.668885545246305</ele>
        <time>2025-09-28T12:19:54.096Z</time>
      </trkpt>
      <trkpt lat="52.489452718275" lon="13.326570195865642">
        <ele>36.35445341356099</ele>
        <time>2025-09-28T12:19:59.311Z</time>
      </trkpt>
      <trkpt lat="52.48955270543817" lon="13.326471893541022">
        <ele>36.262501049414276</ele>
        <time>2025-09-28T12:20:04.356Z</time>
      </trkpt>
      <trkpt lat="52.489682468756804" lon="13.326343116401691">
        <ele>36.28084586169571</ele>
        <time>2025-09-28T12:20:09.363Z</time>
      </trkpt>
      <trkpt lat="52.48980939288191" lon="13.32620552159318">
        <ele>36.215573102980855</ele>
        <time>2025-09-28T12:20:14.377Z</time>
      </trkpt>
      <trkpt lat="52.4899363801567" lon="13.326083007500355">
        <ele>35.78187801167369</ele>
        <time>2025-09-28T12:20:19.197Z</time>
      </trkpt>
      <trkpt lat="52.49006051914149" lon="13.32596879194244">
        <ele>36.36497214473784</ele>
        <time>2025-09-28T12:20:24.272Z</time>
      </trkpt>
      <trkpt lat="52.490174383622055" lon="13.325829138897253">
        <ele>36.21749703008682</ele>
        <time>2025-09-28T12:20:29.200Z</time>
      </trkpt>
      <trkpt lat="52.49029923795284" lon="13.325714345986315">
        <ele>36.18688115216791</ele>
        <time>2025-09-28T12:20:34.126Z</time>
      </trkpt>
      <trkpt lat="52.49042818343881" lon="13.325580975997465">
        <ele>35.742033949308095</ele>
        <time>2025-09-28T12:20:39.081Z</time>
      </trkpt>
      <trkpt lat="52.490542324057294" lon="13.32547532751248">
        <ele>35.859766002185644</ele>
        <time>2025-09-28T12:20:44.169Z</time>
      </trkpt>
      <trkpt lat="52.490671080877235" lon="13.32532980301314">
        <ele>35.79637285266072</ele>
        <time>2025-09-28T12:20:49.061Z</time>
      </trkpt>
      <trkpt lat="52.49081397111219" lon="13.325229696219127">
        <ele>35.89943346939981</ele>
        <time>2025-09-28T12:20:53.993Z</time>
      </trkpt>
      <trkpt lat="52.490919481789795" lon="13.32508822639043">
        <ele>36.1306235101074</ele>
        <time>2025-09-28T12:20:58.979Z</time>
      </trkpt>
      <trkpt lat="52.491056070657585" lon="13.324967054485583">
        <ele>35.630730625614525</ele>
        <time>2025-09-28T12:21:04.039Z</time>
      </trkpt>
      <trkpt lat="52.491164195779476" lon="13.324853544138879">
        <ele>36.35530352182686</ele>
        <time>2025-09-28T12:21:09.290Z</time>
      </trkpt>
      <trkpt lat="52.49128476430866" lon="13.324719439092409">
        <ele>35.6639937158674</ele>
        <time>2025-09-28T12:21:14.167Z</time>
      </trkpt>
      <trkpt lat="52.491417784504485" lon="13.324591132197122">
        <ele>36.394085984677076</ele>
        <time>2025-09-28T12:21:19.406Z</time>
      </trkpt>
      <trkpt lat="52.49155861269691" lon="13.324474583670614">
        <ele>35.887300888448955</ele>
        <time>2025-09-28T12:21:24.289Z</time>
      </trkpt>
      <trkpt lat="52.49166429022979" lon="13.324368028213213">
        <ele>35.759562390111384</ele>
        <time>2025-09-28T12:21:29.364Z</time>
      </trkpt>
      <trkpt lat="52.49179097318187" lon="13.324227234337242">
        <ele>36.030206132121386</ele>
        <time>2025-09-28T12:21:34.473Z</time>
      </trkpt>
      <trkpt lat="52.49191102793459" lon="13.324118210667491">
        <ele>36.375361242704095</ele>
        <time>2025-09-28T12:21:39.665Z</time>
      </trkpt>
      <trkpt lat="52.49205206850853" lon="13.323993710236559">
        <ele>35.764996621757746</ele>
        <time>2025-09-28T12:21:44.705Z</time>
      </trkpt>
      <trkpt lat="52.49216971955107" lon="13.323861050127073">
        <ele>35.79375171046704</ele>
        <time>2025-09-28T12:21:49.773Z</time>
      </trkpt>
      <trkpt lat="52.49227578628309" lon="13.323736276597371">
        <ele>35.64756028484553</ele>
        <time>2025-09-28T12:21:54.856Z</time>
      </trkpt>
      <trkpt lat="52.49241811959694" lon="13.32360087261953">
        <ele>36.23500594571233</ele>
        <time>2025-09-28T12:22:00.065Z</time>
      </trkpt>
      <trkpt lat="52.49253856257855" lon="13.323477816257292">
        <ele>36.078298702463506</ele>
        <time>2025-09-28T12:22:04.973Z</time>
      </trkpt>
      <trkpt lat="52.492654335213565" lon="13.323355331476634">
        <ele>36.33416934348643</ele>
        <time>2025-09-28T12:22:09.865Z</time>
      </trkpt>
      <trkpt lat="52.49277496246986" lon="13.323241433086848">
        <ele>35.84522881302983</ele>
        <time>2025-09-28T12:22:14.775Z</time>
      </trkpt>
      <trkpt lat="52.49289304025693" lon="13.323128294057174">
        <ele>36.263366762548685</ele>
        <time>2025-09-28T12:22:19.827Z</time>
      </trkpt>
      <trkpt lat="52.49303083798547" lon="13.322988231745548">
        <ele>35.85157232806087</ele>
        <time>2025-09-28T12:22:24.872Z</time>
      </trkpt>
      <trkpt lat="52.49315669304316" lon="13.322858501996933">
        <ele>36.145127387531105</ele>
        <time>2025-09-28T12:22:29.921Z</time>
      </trkpt>
      <trkpt lat="52.4932794312701" lon="13.322743256000765">
        <ele>36.02982531581074</ele>
        <time>2025-09-28T12:22:34.847Z</time>
      </trkpt>
      <trkpt lat="52.49341241903553" lon="13.322635269603976">
        <ele>36.26734448298812</ele>
        <time>2025-09-28T12:22:39.778Z</time>
      </trkpt>
      <trkpt lat="52.493513951380834" lon="13.32249171932395">
        <ele>36.18558655735105</ele>
        <time>2025-09-28T12:22:44.759Z</time>
      </trkpt>
      <trkpt lat="52.493651061595806" lon="13.32237527807883">
        <ele>35.774948068894446</ele>
        <time>2025-09-28T12:22:49.601Z</time>
      </trkpt>
      <trkpt lat="52.49377678025506" lon="13.322246817702515">
        <ele>36.05272053200751</ele>
        <time>2025-09-28T12:22:54.537Z</time>
      </trkpt>
      <trkpt lat="52.49390301961928" lon="13.322121069694045">
        <ele>36.391500442661346</ele>
        <time>2025-09-28T12:22:59.548Z</time>
      </trkpt>
      <trkpt lat="52.49401960640639" lon="13.322013108317643">
        <ele>35.979681248962876</ele>
        <time>2025-09-28T12:23:04.604Z</time>
      </trkpt>
      <trkpt lat="52.49415329417512" lon="13.321871716058897">
        <ele>35.62923579774797</ele>
        <time>2025-09-28T12:23:09.684Z</time>
      </trkpt>
      <trkpt lat="52.49427743866419" lon="13.32175872247932">
        <ele>36.296675921976565</ele>
        <time>2025-09-28T12:23:14.682Z</time>
      </trkpt>
      <trkpt lat="52.49439915164744" lon="13.321624606688774">
        <ele>35.61869321297854</ele>
        <time>2025-09-28T12:23:19.582Z</time>
      </trkpt>
      <trkpt lat="52.49452042754535" lon="13.321503539425656">
        <ele>36.19500289335847</ele>
        <time>2025-09-28T12:23:24.799Z</time>
      </trkpt>
      <trkpt lat="52.494644464846495" lon="13.321372493598977">
        <ele>36.17440071310848</ele>
        <time>2025-09-28T12:23:29.942Z</time>
      </trkpt>
      <trkpt lat="52.494759702178946" lon="13.321265253937227">
        <ele>36.356818600185214</ele>
        <time>2025-09-28T12:23:35.063Z</time>
      </trkpt>
      <trkpt lat="52.494884204998705" lon="13.321124699715101">
        <ele>35.66378901191056</ele>
        <time>2025-09-28T12:23:39.932Z</time>
      </trkpt>
      <trkpt lat="52.495011887847575" lon="13.32100156940726">
        <ele>35.78131063692272</ele>
        <time>2025-09-28T12:23:44.966Z</time>
      </trkpt>
      <trkpt lat="52.49513471048501" lon="13.320879470646553">
        <ele>36.166637210547925</ele>
        <time>2025-09-28T12:23:49.884Z</time>
      </trkpt>
      <trkpt lat="52.49525720815446" lon="13.320768177382385">
        <ele>35.76042134221643</ele>
        <time>2025-09-28T12:23:54.926Z</time>
      </trkpt>
      <trkpt lat="52.49539594503879" lon="13.320656635829785">
        <ele>35.92496528252959</ele>
        <time>2025-09-28T12:23:59.946Z</time>
      </trkpt>
      <trkpt lat="52.49549494283639" lon="13.32052359024704">
        <ele>35.91985798664391</ele>
        <time>2025-09-28T12:24:04.835Z</time>
      </trkpt>
      <trkpt lat="52.4956300576457" lon="13.320391552088381">
        <ele>35.6707503721118</ele>
        <time>2025-09-28T12:24:09.893Z</time>
      </trkpt>
      <trkpt lat="52.49575213841231" lon="13.320264740775542">
        <ele>35.761856694705784</ele>
        <time>2025-09-28T12:24:15.007Z</time>
      </trkpt>
      <trkpt lat="52.49587402634201" lon="13.320135829934571">
        <ele>35.92545588649809</ele>
        <time>2025-09-28T12:24:19.903Z</time>
      </trkpt>
      <trkpt lat="52.49600421180666" lon="13.320011345229036">
        <ele>36.03681158628315</ele>
        <time>2025-09-28T12:24:24.991Z</time>
      </trkpt>
      <trkpt lat="52.496111345906634" lon="13.319908372983564">
        <ele>36.04767426233739</ele>
        <time>2025-09-28T12:24:30.034Z</time>
      </trkpt>
      <trkpt lat="52.49626048823365" lon="13.31977368593522">
        <ele>35.94174984563142</ele>
        <time>2025-09-28T12:24:35.117Z</time>
      </trkpt>
      <trkpt lat="52.496369404204245" lon="13.31965409594157">
        <ele>36.221884915418926</ele>
        <time>2025-09-28T12:24:40.311Z</time>
      </trkpt>
      <trkpt lat="52.49648965032844" lon="13.319535679630196">
        <ele>35.831653172522785</ele>
        <time>2025-09-28T12:24:45.202Z</time>
      </trkpt>
      <trkpt lat="52.4966050673982" lon="13.319396767910456">
        <ele>35.61454936619848</ele>
        <time>2025-09-28T12:24:50.048Z</time>
      </trkpt>
      <trkpt lat="52.49675086531244" lon="13.319273655034362">
        <ele>35.622568438760936</ele>
        <time>2025-09-28T12:24:55.075Z</time>
      </trkpt>
      <trkpt lat="52.49687932495665" lon="13.319148992821372">
        <ele>36.37699409648776</ele>
        <time>2025-09-28T12:25:00.232Z</time>
      </trkpt>
      <trkpt lat="52.49697948573573" lon="13.319034423927459">
        <ele>35.892574729956685</ele>
        <time>2025-09-28T12:25:05.209Z</time>
      </trkpt>
      <trkpt lat="52.497111511988635" lon="13.318905024647776">
        <ele>36.04364893119782</ele>
        <time>2025-09-28T12:25:10.182Z</time>
      </trkpt>
      <trkpt lat="52.49722737765937" lon="13.318778784516647">
        <ele>36.381596172973516</ele>
        <time>2025-09-28T12:25:15.262Z</time>
      </trkpt>
      <trkpt lat="52.497370782439695" lon="13.318658269044489">
        <ele>36.144801715761425</ele>
        <time>2025-09-28T12:25:20.187Z</time>
      </trkpt>
      <trkpt lat="52.49748185838314" lon="13.318534550134647">
        <ele>36.03075500223785</ele>
        <time>2025-09-28T12:25:25.256Z</time>
      </trkpt>
      <trkpt lat="52.49762351271176" lon="13.318401530658507">
        <ele>36.245596376806496</ele>
        <time>2025-09-28T12:25:30.253Z</time>
      </trkpt>
      <trkpt lat="52.497733633840454" lon="13.318278863054434">
        <ele>35.740689649805425</ele>
        <time>2025-09-28T12:25:35.307Z</time>
      </trkpt>
      <trkpt lat="52.49786794887342" lon="13.318169488214647">
        <ele>35.77056644614786</ele>
        <time>2025-09-28T12:25:40.194Z</time>
      </trkpt>
      <trkpt lat="52.497984931722705" lon="13.318051166596971">
        <ele>36.10258549470454</ele>
        <time>2025-09-28T12:25:45.103Z</time>
      </trkpt>
      <trkpt lat="52.49810730143825" lon="13.317909844267193">
        <ele>35.7252908391878</ele>
        <time>2025-09-28T12:25:50.139Z</time>
      </trkpt>
      <trkpt lat="52.49822788312863" lon="13.317793642941494">
        <ele>36.14149938821792</ele>
        <time>2025-09-28T12:25:55.268Z</time>
      </trkpt>
      <trkpt lat="52.498338932238326" lon="13.31765853519076">
        <ele>36.38103933371603</ele>
        <time>2025-09-28T12:26:00.316Z</time>
      </trkpt>
      <trkpt lat="52.49848279182829" lon="13.317560043385146">
        <ele>36.329225704446436</ele>
        <time>2025-09-28T12:26:05.443Z</time>
      </trkpt>
      <trkpt lat="52.49861710031171" lon="13.317448131924165">
        <ele>36.21988812759518</ele>
        <time>2025-09-28T12:26:10.421Z</time>
      </trkpt>
      <trkpt lat="52.49874940615352" lon="13.317420129141686">
        <ele>36.17898424491286</ele>
        <time>2025-09-28T12:26:15.491Z</time>
      </trkpt>
      <trkpt lat="52.498901198882244" lon="13.317385035843017">
        <ele>36.38285122253001</ele>
        <time>2025-09-28T12:26:20.526Z</time>
      </trkpt>
      <trkpt lat="52.499044362144176" lon="13.317344410475181">
        <ele>36.207262608408925</ele>
        <time>2025-09-28T12:26:25.527Z</time>
      </trkpt>
      <trkpt lat="52.49917139605128" lon="13.317316995316306">
        <ele>36.3746794115752</ele>
        <time>2025-09-28T12:26:30.590Z</time>
      </trkpt>
      <trkpt lat="52.499328670676995" lon="13.317283497603851">
        <ele>35.60668467395008</ele>
        <time>2025-09-28T12:26:35.382Z</time>
      </trkpt>
      <trkpt lat="52.499469860708416" lon="13.317248104114167">
        <ele>35.817117233015594</ele>
        <time>2025-09-28T12:26:40.480Z</time>
      </trkpt>
      <trkpt lat="52.49961747169312" lon="13.317213484059561">
        <ele>35.912076611071825</ele>
        <time>2025-09-28T12:26:45.551Z</time>
      </trkpt>
      <trkpt lat="52.499743572963034" lon="13.317160586920837">
        <ele>35.91261737793684</ele>
        <time>2025-09-28T12:26:50.458Z</time>
      </trkpt>
      <trkpt lat="52.49988293298419" lon="13.317129653484447">
        <ele>35.78990402445197</ele>
        <time>2025-09-28T12:26:55.559Z</time>
      </trkpt>
      <trkpt lat="52.500043410775916" lon="13.31709992600024">
        <ele>36.09988764803857</ele>
        <time>2025-09-28T12:27:00.539Z</time>
      </trkpt>
      <trkpt lat="52.50017288776503" lon="13.317071975663547">
        <ele>35.95227729342878</ele>
        <time>2025-09-28T12:27:05.522Z</time>
      </trkpt>
      <trkpt lat="52.500321535921536" lon="13.317029667019131">
        <ele>35.68077229727059</ele>
        <time>2025-09-28T12:27:10.368Z</time>
      </trkpt>
      <trkpt lat="52.50047660760497" lon="13.316984903712138">
        <ele>36.169318751432</ele>
        <time>2025-09-28T12:27:15.428Z</time>
      </trkpt>
      <trkpt lat="52.50059922672819" lon="13.316963725811783">
        <ele>35.80260285846889</ele>
        <time>2025-09-28T12:27:20.218Z</time>
      </trkpt>
      <trkpt lat="52.500745408226436" lon="13.316936205612558">
        <ele>35.80325725600123</ele>
        <time>2025-09-28T12:27:25.227Z</time>
      </trkpt>
      <trkpt lat="52.50088488215006" lon="13.316898958539461">
        <ele>36.33707235865295</ele>
        <time>2025-09-28T12:27:30.374Z</time>
      </trkpt>
      <trkpt lat="52.501029755116086" lon="13.31685495313428">
        <ele>36.07235678527504</ele>
        <time>2025-09-28T12:27:35.222Z</time>
      </trkpt>
      <trkpt lat="52.50118032261252" lon="13.316823649212287">
        <ele>36.15808519199491</ele>
        <time>2025-09-28T12:27:40.089Z</time>
      </trkpt>
      <trkpt lat="52.50131434526134" lon="13.316791652150004">
        <ele>36.021260175295176</ele>
        <time>2025-09-28T12:27:44.998Z</time>
      </trkpt>
      <trkpt lat="52.50146773086584" lon="13.316757680558501">
        <ele>35.83549922090024</ele>
        <time>2025-09-28T12:27:50.059Z</time>
      </trkpt>
      <trkpt lat="52.50161999536772" lon="13.316717983927203">
        <ele>36.020719138160345</ele>
        <time>2025-09-28T12:27:54.965Z</time>
      </trkpt>
      <trkpt lat="52.50176204086931" lon="13.316687221171868">
        <ele>36.2530133837834</ele>
        <time>2025-09-28T12:27:59.995Z</time>
      </trkpt>
      <trkpt lat="52.50189535740378" lon="13.316636014449898">
        <ele>35.64298244342208</ele>
        <time>2025-09-28T12:28:04.922Z</time>
      </trkpt>
      <trkpt lat="52.50204670141304" lon="13.316603650076875">
        <ele>35.961878606677054</ele>
        <time>2025-09-28T12:28:09.962Z</time>
      </trkpt>
      <trkpt lat="52.50219569347155" lon="13.316561195454106">
        <ele>36.175942935980856</ele>
        <time>2025-09-28T12:28:14.902Z</time>
      </trkpt>
      <trkpt lat="52.502341298236736" lon="13.316530510132212">
        <ele>36.08332312293351</ele>
        <time>2025-09-28T12:28:19.756Z</time>
      </trkpt>
      <trkpt lat="52.50247144831171" lon="13.31649936119686">
        <ele>36.10819168072194</ele>
        <time>2025-09-28T12:28:24.763Z</time>
      </trkpt>
      <trkpt lat="52.50262896825528" lon="13.316464236658819">
        <ele>35.77759289648384</ele>
        <time>2025-09-28T12:28:29.587Z</time>
      </trkpt>
      <trkpt lat="52.50276182608324" lon="13.316429436024803">
        <ele>35.6244726408273</ele>
        <time>2025-09-28T12:28:34.623Z</time>
      </trkpt>
      <trkpt lat="52.502915289701946" lon="13.316391098093158">
        <ele>36.324590919725594</ele>
        <time>2025-09-28T12:28:39.795Z</time>
      </trkpt>
      <trkpt lat="52.50305226505727" lon="13.316344869935808">
        <ele>35.75669800434262</ele>
        <time>2025-09-28T12:28:44.850Z</time>
      </trkpt>
      <trkpt lat="52.503185623786464" lon="13.316310426545472">
        <ele>36.39155006669462</ele>
        <time>2025-09-28T12:28:50.052Z</time>
      </trkpt>
      <trkpt lat="52.50333347787062" lon="13.316272256840962">
        <ele>36.14796300064772</ele>
        <time>2025-09-28T12:28:54.914Z</time>
      </trkpt>
      <trkpt lat="52.503484580437075" lon="13.316245966409323">
        <ele>35.75686477869749</ele>
        <time>2025-09-28T12:28:59.782Z</time>
      </trkpt>
      <trkpt lat="52.50362355898339" lon="13.316213165036633">
        <ele>35.92077331822365</ele>
        <time>2025-09-28T12:29:04.793Z</time>
      </trkpt>
      <trkpt lat="52.503755326853" lon="13.316185868691898">
        <ele>35.981194799765944</ele>
        <time>2025-09-28T12:29:09.765Z</time>
      </trkpt>
      <trkpt lat="52.50391306258957" lon="13.316134720829488">
        <ele>36.0134144904092</ele>
        <time>2025-09-28T12:29:14.725Z</time>
      </trkpt>
      <trkpt lat="52.504034859057725" lon="13.31608867527822">
        <ele>36.072997129894794</ele>
        <time>2025-09-28T12:29:19.761Z</time>
      </trkpt>
      <trkpt lat="52.50419635572084" lon="13.316069711682383">
        <ele>36.235919647850096</ele>
        <time>2025-09-28T12:29:24.795Z</time>
      </trkpt>
      <trkpt lat="52.504336246339435" lon="13.316040900681367">
        <ele>35.619442503526805</ele>
        <time>2025-09-28T12:29:29.807Z</time>
      </trkpt>
      <trkpt lat="52.50449367686267" lon="13.316002943754913">
        <ele>36.12617625445127</ele>
        <time>2025-09-28T12:29:34.857Z</time>
      </trkpt>
      <trkpt lat="52.504626626993975" lon="13.315959229817368">
        <ele>35.795022178068756</ele>
        <time>2025-09-28T12:29:39.880Z</time>
      </trkpt>
      <trkpt lat="52.50477419389459" lon="13.315915786252525">
        <ele>36.17883502934128</ele>
        <time>2025-09-28T12:29:44.917Z</time>
      </trkpt>
      <trkpt lat="52.50492269827243" lon="13.315899033591382">
        <ele>36.16837694980204</ele>
        <time>2025-09-28T12:29:50.017Z</time>
      </trkpt>
      <trkpt lat="52.50506278031145" lon="13.315860593957334">
        <ele>35.802177673764525</ele>
        <time>2025-09-28T12:29:54.818Z</time>
      </trkpt>
      <trkpt lat="52.5052014011043" lon="13.315804419987753">
        <ele>35.658850853145125</ele>
        <time>2025-09-28T12:29:59.881Z</time>
      </trkpt>
      <trkpt lat="52.50533204685079" lon="13.31577033864834">
        <ele>35.692768269404766</ele>
        <time>2025-09-28T12:30:04.805Z</time>
      </trkpt>
      <trkpt lat="52.50549074674688" lon="13.315736915329083">
        <ele>36.33835882321</ele>
        <time>2025-09-28T12:30:09.747Z</time>
      </trkpt>
      <trkpt lat="52.505620730341036" lon="13.31570972537688">
        <ele>35.73495483528823</ele>
        <time>2025-09-28T12:30:14.680Z</time>
      </trkpt>
      <trkpt lat="52.50576220962258" lon="13.315667397376671">
        <ele>35.66347824111581</ele>
        <time>2025-09-28T12:30:19.521Z</time>
      </trkpt>
      <trkpt lat="52.505920296341465" lon="13.315638576596326">
        <ele>35.978423049487176</ele>
        <time>2025-09-28T12:30:24.626Z</time>
      </trkpt>
      <trkpt lat="52.50604496885105" lon="13.315601638755071">
        <ele>36.14648102875799</ele>
        <time>2025-09-28T12:30:29.619Z</time>
      </trkpt>
      <trkpt lat="52.5062106032011" lon="13.315563865701137">
        <ele>35.79044385943562</ele>
        <time>2025-09-28T12:30:34.550Z</time>
      </trkpt>
      <trkpt lat="52.506346068134455" lon="13.315519218478125">
        <ele>36.257060148194434</ele>
        <time>2025-09-28T12:30:39.633Z</time>
      </trkpt>
      <trkpt lat="52.5064873916002" lon="13.315479717061498">
        <ele>36.07340811099857</ele>
        <time>2025-09-28T12:30:44.612Z</time>
      </trkpt>
      <trkpt lat="52.506620536309605" lon="13.315456414220954">
        <ele>35.9523898685351</ele>
        <time>2025-09-28T12:30:49.457Z</time>
      </trkpt>
      <trkpt lat="52.50676592372044" lon="13.31541950370865">
        <ele>35.62970789279789</ele>
        <time>2025-09-28T12:30:54.352Z</time>
      </trkpt>
      <trkpt lat="52.506921231469136" lon="13.315389560195278">
        <ele>35.90974164213985</ele>
        <time>2025-09-28T12:30:59.317Z</time>
      </trkpt>
      <trkpt lat="52.507067290563946" lon="13.31535812707581">
        <ele>36.24569684099406</ele>
        <time>2025-09-28T12:31:04.424Z</time>
      </trkpt>
      <trkpt lat="52.507200824926564" lon="13.315304486643388">
        <ele>35.844767190888525</ele>
        <time>2025-09-28T12:31:09.363Z</time>
      </trkpt>
      <trkpt lat="52.50734439391385" lon="13.31526509821555">
        <ele>35.741703850403425</ele>
        <time>2025-09-28T12:31:14.424Z</time>
      </trkpt>
      <trkpt lat="52.50747741881609" lon="13.315229718368839">
        <ele>35.906133430451156</ele>
        <time>2025-09-28T12:31:19.587Z</time>
      </trkpt>
      <trkpt lat="52.50762064880862" lon="13.31521539168259">
        <ele>35.724817105196415</ele>
        <time>2025-09-28T12:31:24.621Z</time>
      </trkpt>
      <trkpt lat="52.50777997703269" lon="13.315177710354714">
        <ele>36.18001528102904</ele>
        <time>2025-09-28T12:31:29.732Z</time>
      </trkpt>
      <trkpt lat="52.50790944796841" lon="13.315143637582318">
        <ele>35.991052380949256</ele>
        <time>2025-09-28T12:31:34.669Z</time>
      </trkpt>
      <trkpt lat="52.50804824018223" lon="13.315086495437654">
        <ele>35.65678274575621</ele>
        <time>2025-09-28T12:31:39.682Z</time>
      </trkpt>
      <trkpt lat="52.50821758492287" lon="13.315054619937072">
        <ele>36.247918736748396</ele>
        <time>2025-09-28T12:31:44.622Z</time>
      </trkpt>
      <trkpt lat="52.50835443814769" lon="13.315024835475832">
        <ele>35.931649460271004</ele>
        <time>2025-09-28T12:31:49.659Z</time>
      </trkpt>
      <trkpt lat="52.508494171770856" lon="13.31497949735645">
        <ele>35.942380979843435</ele>
        <time>2025-09-28T12:31:54.770Z</time>
      </trkpt>
      <trkpt lat="52.508646777735486" lon="13.314957386520872">
        <ele>35.63050918187946</ele>
        <time>2025-09-28T12:31:59.686Z</time>
      </trkpt>
      <trkpt lat="52.50878494667693" lon="13.31490783189293">
        <ele>35.647400909475984</ele>
        <time>2025-09-28T12:32:04.695Z</time>
      </trkpt>
      <trkpt lat="52.508920532834935" lon="13.31488940471572">
        <ele>36.00234393775463</ele>
        <time>2025-09-28T12:32:09.707Z</time>
      </trkpt>
      <trkpt lat="52.509067226637825" lon="13.314850688687445">
        <ele>35.72003312055021</ele>
        <time>2025-09-28T12:32:14.579Z</time>
      </trkpt>
      <trkpt lat="52.509206057931515" lon="13.314823587881628">
        <ele>36.14158417675644</ele>
        <time>2025-09-28T12:32:19.770Z</time>
      </trkpt>
      <trkpt lat="52.509347553243934" lon="13.314787117252958">
        <ele>36.36681074760854</ele>
        <time>2025-09-28T12:32:24.864Z</time>
      </trkpt>
      <trkpt lat="52.50950333135709" lon="13.31473464825251">
        <ele>36.33771734908223</ele>
        <time>2025-09-28T12:32:29.729Z</time>
      </trkpt>
      <trkpt lat="52.50963902602486" lon="13.314706789793934">
        <ele>35.716830755770204</ele>
        <time>2025-09-28T12:32:34.776Z</time>
      </trkpt>
      <trkpt lat="52.509792980873044" lon="13.3146727496319">
        <ele>36.20920904055238</ele>
        <time>2025-09-28T12:32:39.706Z</time>
      </trkpt>
      <trkpt lat="52.509935233593325" lon="13.314644482189912">
        <ele>36.15200920794159</ele>
        <time>2025-09-28T12:32:44.590Z</time>
      </trkpt>
      <trkpt lat="52.51005911064908" lon="13.314607925030776">
        <ele>35.718987171165644</ele>
        <time>2025-09-28T12:32:49.625Z</time>
      </trkpt>
      <trkpt lat="52.51022160247033" lon="13.314546366193348">
        <ele>35.989371553622185</ele>
        <time>2025-09-28T12:32:54.784Z</time>
      </trkpt>
      <trkpt lat="52.51035968769241" lon="13.314519035023476">
        <ele>36.27186842039227</ele>
        <time>2025-09-28T12:32:59.869Z</time>
      </trkpt>
      <trkpt lat="52.510484340188164" lon="13.314499808129451">
        <ele>36.25153270792216</ele>
        <time>2025-09-28T12:33:04.974Z</time>
      </trkpt>
      <trkpt lat="52.51063542882352" lon="13.314455334811866">
        <ele>35.90566067006439</ele>
        <time>2025-09-28T12:33:09.974Z</time>
      </trkpt>
      <trkpt lat="52.510790021570664" lon="13.314408833569622">
        <ele>35.64605221170932</ele>
        <time>2025-09-28T12:33:14.838Z</time>
      </trkpt>
      <trkpt lat="52.51092834783708" lon="13.314367639855869">
        <ele>36.374214936606585</ele>
        <time>2025-09-28T12:33:19.836Z</time>
      </trkpt>
      <trkpt lat="52.511073516294786" lon="13.314341755672373">
        <ele>36.28612299375236</ele>
        <time>2025-09-28T12:33:24.767Z</time>
      </trkpt>
      <trkpt lat="52.511212855648225" lon="13.314304123356823">
        <ele>36.343503184057774</ele>
        <time>2025-09-28T12:33:29.658Z</time>
      </trkpt>
      <trkpt lat="52.5113589057906" lon="13.314288070332235">
        <ele>35.823612770438196</ele>
        <time>2025-09-28T12:33:34.525Z</time>
      </trkpt>
      <trkpt lat="52.51150672857643" lon="13.314236596367506">
        <ele>35.818205698765816</ele>
        <time>2025-09-28T12:33:39.452Z</time>
      </trkpt>
      <trkpt lat="52.511637377018374" lon="13.3141886640635">
        <ele>36.3094859553501</ele>
        <time>2025-09-28T12:33:44.640Z</time>
      </trkpt>
      <trkpt lat="52.51179692232295" lon="13.314180838178492">
        <ele>36.16516645420343</ele>
        <time>2025-09-28T12:33:49.714Z</time>
      </trkpt>
      <trkpt lat="52.511921573838336" lon="13.31413449916059">
        <ele>35.74099522847682</ele>
        <time>2025-09-28T12:33:54.732Z</time>
      </trkpt>
      <trkpt lat="52.51205986727451" lon="13.314109772378265">
        <ele>36.20929920654744</ele>
        <time>2025-09-28T12:33:59.842Z</time>
      </trkpt>
      <trkpt lat="52.51222182088512" lon="13.314067821812504">
        <ele>35.68104234356433</ele>
        <time>2025-09-28T12:34:04.906Z</time>
      </trkpt>
      <trkpt lat="52.51236471393957" lon="13.314026480404454">
        <ele>36.23405805453658</ele>
        <time>2025-09-28T12:34:09.948Z</time>
      </trkpt>
      <trkpt lat="52.512486682199125" lon="13.31400197077324">
        <ele>35.835366318747404</ele>
        <time>2025-09-28T12:34:14.811Z</time>
      </trkpt>
      <trkpt lat="52.51263542350306" lon="13.31395327154126">
        <ele>36.016899917460975</ele>
        <time>2025-09-28T12:34:19.702Z</time>
      </trkpt>
      <trkpt lat="52.512785809720675" lon="13.313921860459127">
        <ele>35.769985736534</ele>
        <time>2025-09-28T12:34:24.795Z</time>
      </trkpt>
      <trkpt lat="52.5129252505916" lon="13.313882122854356">
        <ele>36.343084446527065</ele>
        <time>2025-09-28T12:34:29.969Z</time>
      </trkpt>
      <trkpt lat="52.5130779456716" lon="13.31385797457859">
        <ele>35.94451162368059</ele>
        <time>2025-09-28T12:34:34.945Z</time>
      </trkpt>
      <trkpt lat="52.51320925608971" lon="13.31381912895778">
        <ele>35.906784464791414</ele>
        <time>2025-09-28T12:34:39.869Z</time>
      </trkpt>
      <trkpt lat="52.513373072917815" lon="13.313778647722938">
        <ele>36.38104111328721</ele>
        <time>2025-09-28T12:34:44.839Z</time>
      </trkpt>
      <trkpt lat="52.51349543909616" lon="13.313723051444473">
        <ele>35.99764542747289</ele>
        <time>2025-09-28T12:34:49.655Z</time>
      </trkpt>
      <trkpt lat="52.51365938968542" lon="13.313692476346183">
        <ele>35.63877897299826</ele>
        <time>2025-09-28T12:34:54.653Z</time>
      </trkpt>
      <trkpt lat="52.513790933477225" lon="13.313658371020718">
        <ele>35.767551377229395</ele>
        <time>2025-09-28T12:34:59.686Z</time>
      </trkpt>
      <trkpt lat="52.513919880326036" lon="13.313618352402802">
        <ele>36.144683216139676</ele>
        <time>2025-09-28T12:35:04.781Z</time>
      </trkpt>
      <trkpt lat="52.51406319944229" lon="13.31359967382425">
        <ele>36.22604114692658</ele>
        <time>2025-09-28T12:35:09.814Z</time>
      </trkpt>
      <trkpt lat="52.5142213599322" lon="13.313556893835013">
        <ele>35.70415094327181</ele>
        <time>2025-09-28T12:35:14.724Z</time>
      </trkpt>
      <trkpt lat="52.51435188275553" lon="13.313521291052338">
        <ele>36.053756528533995</ele>
        <time>2025-09-28T12:35:19.816Z</time>
      </trkpt>
      <trkpt lat="52.51451147320459" lon="13.313497001134728">
        <ele>36.158989120833574</ele>
        <time>2025-09-28T12:35:24.899Z</time>
      </trkpt>
      <trkpt lat="52.51463847104669" lon="13.313516981210501">
        <ele>35.88130288218707</ele>
        <time>2025-09-28T12:35:29.740Z</time>
      </trkpt>
      <trkpt lat="52.5147860023703" lon="13.313592989864496">
        <ele>35.64891381955463</ele>
        <time>2025-09-28T12:35:34.598Z</time>
      </trkpt>
      <trkpt lat="52.51490858913225" lon="13.313656728322165">
        <ele>36.02844118535405</ele>
        <time>2025-09-28T12:35:39.623Z</time>
      </trkpt>
      <trkpt lat="52.51504874083361" lon="13.313738380732183">
        <ele>36.03774249223076</ele>
        <time>2025-09-28T12:35:44.511Z</time>
      </trkpt>
      <trkpt lat="52.51521256080618" lon="13.313788197103117">
        <ele>35.75670269770692</ele>
        <time>2025-09-28T12:35:49.601Z</time>
      </trkpt>
      <trkpt lat="52.515339371846274" lon="13.313879198770922">
        <ele>35.95008198960958</ele>
        <time>2025-09-28T12:35:54.491Z</time>
      </trkpt>
      <trkpt lat="52.51547516751964" lon="13.313951358031657">
        <ele>35.705182588737756</ele>
        <time>2025-09-28T12:35:59.314Z</time>
      </trkpt>
      <trkpt lat="52.5156043704555" lon="13.314007880219277">
        <ele>35.96524959979179</ele>
        <time>2025-09-28T12:36:04.370Z</time>
      </trkpt>
      <trkpt lat="52.515767308857676" lon="13.314087915212081">
        <ele>35.656790504145526</ele>
        <time>2025-09-28T12:36:09.390Z</time>
      </trkpt>
      <trkpt lat="52.515883116520044" lon="13.314158772983832">
        <ele>35.88810612514474</ele>
        <time>2025-09-28T12:36:14.465Z</time>
      </trkpt>
      <trkpt lat="52.51601653123894" lon="13.314227571488711">
        <ele>35.91155937400633</ele>
        <time>2025-09-28T12:36:19.323Z</time>
      </trkpt>
      <trkpt lat="52.516160783281215" lon="13.314276030809483">
        <ele>35.48385145137203</ele>
        <time>2025-09-28T12:36:24.337Z</time>
      </trkpt>
      <trkpt lat="52.51630771970534" lon="13.314368593101504">
        <ele>36.05243661008089</ele>
        <time>2025-09-28T12:36:29.544Z</time>
      </trkpt>
      <trkpt lat="52.516459702929076" lon="13.31442847253094">
        <ele>35.77589138910549</ele>
        <time>2025-09-28T12:36:34.415Z</time>
      </trkpt>
      <trkpt lat="52.51659812671789" lon="13.314507034004025">
        <ele>36.01442673148159</ele>
        <time>2025-09-28T12:36:39.435Z</time>
      </trkpt>
      <trkpt lat="52.51673168541602" lon="13.314570278196594">
        <ele>35.44802281389646</ele>
        <time>2025-09-28T12:36:44.427Z</time>
      </trkpt>
      <trkpt lat="52.51686372729049" lon="13.314633702510607">
        <ele>35.680768625809044</ele>
        <time>2025-09-28T12:36:49.467Z</time>
      </trkpt>
      <trkpt lat="52.51698900176014" lon="13.314693667196215">
        <ele>35.97808727138636</ele>
        <time>2025-09-28T12:36:54.534Z</time>
      </trkpt>
      <trkpt lat="52.51714331429887" lon="13.314776832080021">
        <ele>35.68608332743956</ele>
        <time>2025-09-28T12:36:59.633Z</time>
      </trkpt>
      <trkpt lat="52.51726609526809" lon="13.314845207999783">
        <ele>35.9202904098037</ele>
        <time>2025-09-28T12:37:04.621Z</time>
      </trkpt>
      <trkpt lat="52.51740967775958" lon="13.31490669467074">
        <ele>35.313160129863505</ele>
        <time>2025-09-28T12:37:09.585Z</time>
      </trkpt>
      <trkpt lat="52.517564107301006" lon="13.314980771313207">
        <ele>35.87287734007007</ele>
        <time>2025-09-28T12:37:14.806Z</time>
      </trkpt>
      <trkpt lat="52.51769837971954" lon="13.315038034036531">
        <ele>35.898544880995985</ele>
        <time>2025-09-28T12:37:19.863Z</time>
      </trkpt>
      <trkpt lat="52.517831886308066" lon="13.315119894301837">
        <ele>35.61694624617498</ele>
        <time>2025-09-28T12:37:24.896Z</time>
      </trkpt>
      <trkpt lat="52.51796983838383" lon="13.315182482440527">
        <ele>35.74187799625962</ele>
        <time>2025-09-28T12:37:29.995Z</time>
      </trkpt>
      <trkpt lat="52.51811132991197" lon="13.315256062805231">
        <ele>35.57950693192021</ele>
        <time>2025-09-28T12:37:34.894Z</time>
      </trkpt>
      <trkpt lat="52.51823658160802" lon="13.315335142186523">
        <ele>35.90867378014328</ele>
        <time>2025-09-28T12:37:40.057Z</time>
      </trkpt>
      <trkpt lat="52.51837861016709" lon="13.315403266581393">
        <ele>35.51420183956942</ele>
        <time>2025-09-28T12:37:44.957Z</time>
      </trkpt>
      <trkpt lat="52.51853325121983" lon="13.315477041546462">
        <ele>35.46400503267981</ele>
        <time>2025-09-28T12:37:50.013Z</time>
      </trkpt>
      <trkpt lat="52.518669499346814" lon="13.31554503459299">
        <ele>35.691100573862144</ele>
        <time>2025-09-28T12:37:54.949Z</time>
      </trkpt>
      <trkpt lat="52.518802194952166" lon="13.315599835043095">
        <ele>35.07258928060305</ele>
        <time>2025-09-28T12:37:59.872Z</time>
      </trkpt>
      <trkpt lat="52.518941168332454" lon="13.31566280272346">
        <ele>35.367369739309844</ele>
        <time>2025-09-28T12:38:04.857Z</time>
      </trkpt>
      <trkpt lat="52.51908150625432" lon="13.315751658626965">
        <ele>35.29827348420428</ele>
        <time>2025-09-28T12:38:09.824Z</time>
      </trkpt>
      <trkpt lat="52.5192335059623" lon="13.31580843429281">
        <ele>35.19615928474044</ele>
        <time>2025-09-28T12:38:14.821Z</time>
      </trkpt>
      <trkpt lat="52.51934635244385" lon="13.315891661768465">
        <ele>35.056740052628435</ele>
        <time>2025-09-28T12:38:19.700Z</time>
      </trkpt>
      <trkpt lat="52.5195007455832" lon="13.315961558616939">
        <ele>35.069393711364356</ele>
        <time>2025-09-28T12:38:24.830Z</time>
      </trkpt>
      <trkpt lat="52.51964235682226" lon="13.316016377726438">
        <ele>35.3310259256753</ele>
        <time>2025-09-28T12:38:29.749Z</time>
      </trkpt>
      <trkpt lat="52.519775263991356" lon="13.316080798095111">
        <ele>35.19557162135585</ele>
        <time>2025-09-28T12:38:34.783Z</time>
      </trkpt>
      <trkpt lat="52.519901939839734" lon="13.316150943798043">
        <ele>35.24821191471876</ele>
        <time>2025-09-28T12:38:39.772Z</time>
      </trkpt>
      <trkpt lat="52.520046605005405" lon="13.316228881243767">
        <ele>35.320084833968465</ele>
        <time>2025-09-28T12:38:44.683Z</time>
      </trkpt>
      <trkpt lat="52.52019773381505" lon="13.316286926327264">
        <ele>35.12461882799065</ele>
        <time>2025-09-28T12:38:49.663Z</time>
      </trkpt>
      <trkpt lat="52.52034229110901" lon="13.316377262265446">
        <ele>35.335639932269984</ele>
        <time>2025-09-28T12:38:54.840Z</time>
      </trkpt>
      <trkpt lat="52.520463817256115" lon="13.316443945277303">
        <ele>35.03942895745318</ele>
        <time>2025-09-28T12:38:59.924Z</time>
      </trkpt>
      <trkpt lat="52.52061869670777" lon="13.316492533895692">
        <ele>35.30139123620985</ele>
        <time>2025-09-28T12:39:04.928Z</time>
      </trkpt>
      <trkpt lat="52.52075644101609" lon="13.316562555008053">
        <ele>34.96038086034075</ele>
        <time>2025-09-28T12:39:09.930Z</time>
      </trkpt>
      <trkpt lat="52.52087148487514" lon="13.316652573086893">
        <ele>35.04233726293627</ele>
        <time>2025-09-28T12:39:14.925Z</time>
      </trkpt>
      <trkpt lat="52.52101435168374" lon="13.31671811587052">
        <ele>34.990667922552426</ele>
        <time>2025-09-28T12:39:20.059Z</time>
      </trkpt>
      <trkpt lat="52.521162028741" lon="13.316792331216185">
        <ele>34.803329246259416</ele>
        <time>2025-09-28T12:39:25.102Z</time>
      </trkpt>
      <trkpt lat="52.52130544540774" lon="13.316865264882574">
        <ele>35.194618085550616</ele>
        <time>2025-09-28T12:39:30.074Z</time>
      </trkpt>
      <trkpt lat="52.52144172404623" lon="13.316925381413554">
        <ele>34.97436121252728</ele>
        <time>2025-09-28T12:39:34.906Z</time>
      </trkpt>
      <trkpt lat="52.52158547802854" lon="13.316997963381667">
        <ele>35.00020204464465</ele>
        <time>2025-09-28T12:39:40.032Z</time>
      </trkpt>
      <trkpt lat="52.521706500405514" lon="13.317067063668999">
        <ele>35.34276085458385</ele>
        <time>2025-09-28T12:39:45.018Z</time>
      </trkpt>
      <trkpt lat="52.52183877905135" lon="13.317126008489756">
        <ele>35.40845102482294</ele>
        <time>2025-09-28T12:39:50.086Z</time>
      </trkpt>
      <trkpt lat="52.5219854935741" lon="13.317206947396436">
        <ele>35.30878058282606</ele>
        <time>2025-09-28T12:39:54.967Z</time>
      </trkpt>
      <trkpt lat="52.52211937914441" lon="13.31727110807623">
        <ele>35.2337782483835</ele>
        <time>2025-09-28T12:39:59.895Z</time>
      </trkpt>
      <trkpt lat="52.52227163577051" lon="13.317324676248107">
        <ele>35.035975028241246</ele>
        <time>2025-09-28T12:40:04.987Z</time>
      </trkpt>
      <trkpt lat="52.52241429438079" lon="13.317416699833327">
        <ele>35.22900273208841</ele>
        <time>2025-09-28T12:40:10.087Z</time>
      </trkpt>
      <trkpt lat="52.52254135599595" lon="13.31746272260125">
        <ele>35.067379093230684</ele>
        <time>2025-09-28T12:40:14.981Z</time>
      </trkpt>
      <trkpt lat="52.52253734063518" lon="13.317697962855146">
        <ele>35.39783797897398</ele>
        <time>2025-09-28T12:40:19.986Z</time>
      </trkpt>
      <trkpt lat="52.522505200444094" lon="13.31794186304112">
        <ele>34.7102910714224</ele>
        <time>2025-09-28T12:40:24.749Z</time>
      </trkpt>
      <trkpt lat="52.52248547110437" lon="13.318170809742366">
        <ele>34.75563563462347</ele>
        <time>2025-09-28T12:40:29.756Z</time>
      </trkpt>
      <trkpt lat="52.52246854626986" lon="13.31841361831156">
        <ele>34.7407867660746</ele>
        <time>2025-09-28T12:40:34.662Z</time>
      </trkpt>
      <trkpt lat="52.52243446183848" lon="13.318664179147666">
        <ele>35.095847324468195</ele>
        <time>2025-09-28T12:40:39.766Z</time>
      </trkpt>
      <trkpt lat="52.522429520404735" lon="13.318874407484335">
        <ele>34.98169732410461</ele>
        <time>2025-09-28T12:40:44.649Z</time>
      </trkpt>
      <trkpt lat="52.52239399058566" lon="13.319115066926368">
        <ele>34.84500430226326</ele>
        <time>2025-09-28T12:40:49.747Z</time>
      </trkpt>
      <trkpt lat="52.522370903208106" lon="13.319347298584717">
        <ele>34.84101500157267</ele>
        <time>2025-09-28T12:40:54.865Z</time>
      </trkpt>
      <trkpt lat="52.522358464953655" lon="13.319591276118064">
        <ele>34.965550317242744</ele>
        <time>2025-09-28T12:41:00.003Z</time>
      </trkpt>
      <trkpt lat="52.52233667713485" lon="13.31982609966339">
        <ele>34.628050035052</ele>
        <time>2025-09-28T12:41:04.852Z</time>
      </trkpt>
      <trkpt lat="52.52230848207149" lon="13.320066161029285">
        <ele>34.753994604945184</ele>
        <time>2025-09-28T12:41:10.002Z</time>
      </trkpt>
      <trkpt lat="52.52228432669739" lon="13.320281573209668">
        <ele>35.267532399483024</ele>
        <time>2025-09-28T12:41:15.106Z</time>
      </trkpt>
      <trkpt lat="52.52225399994808" lon="13.320531557364152">
        <ele>34.61549521684647</ele>
        <time>2025-09-28T12:41:19.918Z</time>
      </trkpt>
      <trkpt lat="52.52225000016283" lon="13.320774174349658">
        <ele>34.79092046450823</ele>
        <time>2025-09-28T12:41:24.816Z</time>
      </trkpt>
      <trkpt lat="52.522225334550804" lon="13.321008960229099">
        <ele>35.11285710465163</ele>
        <time>2025-09-28T12:41:29.827Z</time>
      </trkpt>
      <trkpt lat="52.522188747682726" lon="13.32124436370587">
        <ele>35.12368744127453</ele>
        <time>2025-09-28T12:41:34.798Z</time>
      </trkpt>
      <trkpt lat="52.522175529958524" lon="13.32147842122411">
        <ele>35.11608531232923</ele>
        <time>2025-09-28T12:41:39.810Z</time>
      </trkpt>
      <trkpt lat="52.522154659342064" lon="13.321707001793465">
        <ele>34.707690918073055</ele>
        <time>2025-09-28T12:41:44.623Z</time>
      </trkpt>
      <trkpt lat="52.52214321728424" lon="13.321953148872044">
        <ele>35.083190648816526</ele>
        <time>2025-09-28T12:41:49.609Z</time>
      </trkpt>
      <trkpt lat="52.52210048824581" lon="13.322179105474316">
        <ele>34.86953534707427</ele>
        <time>2025-09-28T12:41:54.712Z</time>
      </trkpt>
      <trkpt lat="52.52207989698176" lon="13.322411612987722">
        <ele>34.79172512385994</ele>
        <time>2025-09-28T12:41:59.646Z</time>
      </trkpt>
      <trkpt lat="52.52206649725137" lon="13.322653863379978">
        <ele>34.96927980501205</ele>
        <time>2025-09-28T12:42:04.781Z</time>
      </trkpt>
      <trkpt lat="52.52203324108952" lon="13.322883210829469">
        <ele>35.16870193555951</ele>
        <time>2025-09-28T12:42:09.717Z</time>
      </trkpt>
      <trkpt lat="52.52201139992563" lon="13.323119039358069">
        <ele>34.68043839689344</ele>
        <time>2025-09-28T12:42:14.691Z</time>
      </trkpt>
      <trkpt lat="52.5219820947574" lon="13.323345880500705">
        <ele>34.6096887299791</ele>
        <time>2025-09-28T12:42:19.651Z</time>
      </trkpt>
      <trkpt lat="52.5219703584911" lon="13.323597298545687">
        <ele>35.0573608122766</ele>
        <time>2025-09-28T12:42:24.617Z</time>
      </trkpt>
      <trkpt lat="52.52194880439942" lon="13.323815944444414">
        <ele>34.9689999377355</ele>
        <time>2025-09-28T12:42:29.727Z</time>
      </trkpt>
      <trkpt lat="52.52192794391926" lon="13.324074912646454">
        <ele>34.73344570621848</ele>
        <time>2025-09-28T12:42:34.612Z</time>
      </trkpt>
      <trkpt lat="52.521913826038116" lon="13.324298725154703">
        <ele>34.68804980907589</ele>
        <time>2025-09-28T12:42:39.533Z</time>
      </trkpt>
      <trkpt lat="52.521879645524265" lon="13.324527414970996">
        <ele>35.198196867108344</ele>
        <time>2025-09-28T12:42:44.510Z</time>
      </trkpt>
      <trkpt lat="52.521856599057756" lon="13.324773738884376">
        <ele>35.35872489027679</ele>
        <time>2025-09-28T12:42:49.387Z</time>
      </trkpt>
      <trkpt lat="52.521839467332384" lon="13.324993643985225">
        <ele>35.10009275749326</ele>
        <time>2025-09-28T12:42:54.334Z</time>
      </trkpt>
      <trkpt lat="52.52180635721363" lon="13.325251007630609">
        <ele>35.32082420811057</ele>
        <time>2025-09-28T12:42:59.454Z</time>
      </trkpt>
      <trkpt lat="52.52178927700354" lon="13.325473554155803">
        <ele>34.960668872110546</ele>
        <time>2025-09-28T12:43:04.513Z</time>
      </trkpt>
      <trkpt lat="52.521783471733954" lon="13.325713973406184">
        <ele>34.649391313456</ele>
        <time>2025-09-28T12:43:09.505Z</time>
      </trkpt>
      <trkpt lat="52.52175320354389" lon="13.325930777344643">
        <ele>34.88359783496708</ele>
        <time>2025-09-28T12:43:14.551Z</time>
      </trkpt>
      <trkpt lat="52.52172792808291" lon="13.326167571195077">
        <ele>35.09561437778175</ele>
        <time>2025-09-28T12:43:19.474Z</time>
      </trkpt>
      <trkpt lat="52.52170897886711" lon="13.32641398778852">
        <ele>34.66072463579476</ele>
        <time>2025-09-28T12:43:24.363Z</time>
      </trkpt>
      <trkpt lat="52.521683605223316" lon="13.326652447470684">
        <ele>35.05099600814283</ele>
        <time>2025-09-28T12:43:29.395Z</time>
      </trkpt>
      <trkpt lat="52.52165229110496" lon="13.326873723507838">
        <ele>34.954735656641425</ele>
        <time>2025-09-28T12:43:34.454Z</time>
      </trkpt>
      <trkpt lat="52.52164439868238" lon="13.327121256410583">
        <ele>35.05088785681873</ele>
        <time>2025-09-28T12:43:39.369Z</time>
      </trkpt>
      <trkpt lat="52.521616957863436" lon="13.327352496614344">
        <ele>35.32797464877367</ele>
        <time>2025-09-28T12:43:44.393Z</time>
      </trkpt>
      <trkpt lat="52.52160738160712" lon="13.327591905356375">
        <ele>35.31133565101773</ele>
        <time>2025-09-28T12:43:49.418Z</time>
      </trkpt>
      <trkpt lat="52.52157414286731" lon="13.32781403292346">
        <ele>34.96916151177138</ele>
        <time>2025-09-28T12:43:54.422Z</time>
      </trkpt>
      <trkpt lat="52.52156400875114" lon="13.328065826869043">
        <ele>34.61786841899156</ele>
        <time>2025-09-28T12:43:59.281Z</time>
      </trkpt>
      <trkpt lat="52.52154104781333" lon="13.32830672117409">
        <ele>35.14658334851265</ele>
        <time>2025-09-28T12:44:04.481Z</time>
      </trkpt>
      <trkpt lat="52.521523915306695" lon="13.328518204925876">
        <ele>34.87979601547122</ele>
        <time>2025-09-28T12:44:09.471Z</time>
      </trkpt>
      <trkpt lat="52.52150210163402" lon="13.3287620694303">
        <ele>34.74487362895161</ele>
        <time>2025-09-28T12:44:14.412Z</time>
      </trkpt>
      <trkpt lat="52.52145844372168" lon="13.328989825658896">
        <ele>34.865354099310935</ele>
        <time>2025-09-28T12:44:19.440Z</time>
      </trkpt>
      <trkpt lat="52.52144379316233" lon="13.329224571198646">
        <ele>35.143173759244384</ele>
        <time>2025-09-28T12:44:24.347Z</time>
      </trkpt>
      <trkpt lat="52.52142206900321" lon="13.329482650483712">
        <ele>35.037046772241595</ele>
        <time>2025-09-28T12:44:29.309Z</time>
      </trkpt>
      <trkpt lat="52.521409852179296" lon="13.32970167224747">
        <ele>35.04386862814427</ele>
        <time>2025-09-28T12:44:34.230Z</time>
      </trkpt>
      <trkpt lat="52.52137611330015" lon="13.32993117907698">
        <ele>35.35367771796882</ele>
        <time>2025-09-28T12:44:39.407Z</time>
      </trkpt>
      <trkpt lat="52.52136326814035" lon="13.33019391434681">
        <ele>35.20208256021142</ele>
        <time>2025-09-28T12:44:44.355Z</time>
      </trkpt>
      <trkpt lat="52.52132859252797" lon="13.330414754326393">
        <ele>35.12145957835018</ele>
        <time>2025-09-28T12:44:49.405Z</time>
      </trkpt>
      <trkpt lat="52.52131820298135" lon="13.330637867730358">
        <ele>35.0589593026787</ele>
        <time>2025-09-28T12:44:54.436Z</time>
      </trkpt>
      <trkpt lat="52.52129349798914" lon="13.330887237109462">
        <ele>35.15874895919114</ele>
        <time>2025-09-28T12:44:59.519Z</time>
      </trkpt>
      <trkpt lat="52.52126707076061" lon="13.331129924774778">
        <ele>35.28193551301956</ele>
        <time>2025-09-28T12:45:04.600Z</time>
      </trkpt>
      <trkpt lat="52.521245324227706" lon="13.33135190740715">
        <ele>35.39533646386117</ele>
        <time>2025-09-28T12:45:09.504Z</time>
      </trkpt>
      <trkpt lat="52.52121433668451" lon="13.331599595712982">
        <ele>35.18518156893551</ele>
        <time>2025-09-28T12:45:14.436Z</time>
      </trkpt>
      <trkpt lat="52.52118922042744" lon="13.331818412181768">
        <ele>34.977909923158585</ele>
        <time>2025-09-28T12:45:19.505Z</time>
      </trkpt>
      <trkpt lat="52.521189347003194" lon="13.332056263353882">
        <ele>35.04641320444644</ele>
        <time>2025-09-28T12:45:24.378Z</time>
      </trkpt>
      <trkpt lat="52.521159111618104" lon="13.332288915827071">
        <ele>35.323636684566736</ele>
        <time>2025-09-28T12:45:29.273Z</time>
      </trkpt>
      <trkpt lat="52.521140075603086" lon="13.332522181788963">
        <ele>34.6824837660417</ele>
        <time>2025-09-28T12:45:34.239Z</time>
      </trkpt>
      <trkpt lat="52.521107477216844" lon="13.332780189883795">
        <ele>35.10430654659867</ele>
        <time>2025-09-28T12:45:39.277Z</time>
      </trkpt>
      <trkpt lat="52.52110294860269" lon="13.332998579360861">
        <ele>34.69576251711696</ele>
        <time>2025-09-28T12:45:44.236Z</time>
      </trkpt>
      <trkpt lat="52.52107542090655" lon="13.333252938023199">
        <ele>34.83202799763531</ele>
        <time>2025-09-28T12:45:49.289Z</time>
      </trkpt>
      <trkpt lat="52.52103589648365" lon="13.333468017454221">
        <ele>34.775941256433725</ele>
        <time>2025-09-28T12:45:54.383Z</time>
      </trkpt>
      <trkpt lat="52.52102645929772" lon="13.333723627827666">
        <ele>35.09980533570051</ele>
        <time>2025-09-28T12:45:59.472Z</time>
      </trkpt>
      <trkpt lat="52.52100118765744" lon="13.333950643917202">
        <ele>34.970464332588016</ele>
        <time>2025-09-28T12:46:04.480Z</time>
      </trkpt>
      <trkpt lat="52.52098770316216" lon="13.334187071914458">
        <ele>35.26497139353305</ele>
        <time>2025-09-28T12:46:09.636Z</time>
      </trkpt>
      <trkpt lat="52.520967067238836" lon="13.334429097941538">
        <ele>35.03505147024989</ele>
        <time>2025-09-28T12:46:14.451Z</time>
      </trkpt>
      <trkpt lat="52.52093311607732" lon="13.334652474819947">
        <ele>35.07630444988608</ele>
        <time>2025-09-28T12:46:19.578Z</time>
      </trkpt>
      <trkpt lat="52.52092096705016" lon="13.334883494197776">
        <ele>34.60932526942342</ele>
        <time>2025-09-28T12:46:24.396Z</time>
      </trkpt>
      <trkpt lat="52.520891376386075" lon="13.335120777676028">
        <ele>34.818187239579856</ele>
        <time>2025-09-28T12:46:29.523Z</time>
      </trkpt>
      <trkpt lat="52.52087172230761" lon="13.33535899132295">
        <ele>35.06852896157652</ele>
        <time>2025-09-28T12:46:34.415Z</time>
      </trkpt>
      <trkpt lat="52.5208371485231" lon="13.335588130711855">
        <ele>35.22071226648986</ele>
        <time>2025-09-28T12:46:39.529Z</time>
      </trkpt>
      <trkpt lat="52.52082231814607" lon="13.335836165781659">
        <ele>34.80690829195082</ele>
        <time>2025-09-28T12:46:44.446Z</time>
      </trkpt>
      <trkpt lat="52.520790244020894" lon="13.33605248532481">
        <ele>35.0347359534353</ele>
        <time>2025-09-28T12:46:49.473Z</time>
      </trkpt>
      <trkpt lat="52.52079037256713" lon="13.336286997670765">
        <ele>34.87410710342228</ele>
        <time>2025-09-28T12:46:54.465Z</time>
      </trkpt>
      <trkpt lat="52.52075257183662" lon="13.33652632285401">
        <ele>34.72233543191105</ele>
        <time>2025-09-28T12:46:59.508Z</time>
      </trkpt>
      <trkpt lat="52.52072699085823" lon="13.336762066016806">
        <ele>34.76933255400509</ele>
        <time>2025-09-28T12:47:04.599Z</time>
      </trkpt>
      <trkpt lat="52.5207300470867" lon="13.337001419484999">
        <ele>35.38517115134746</ele>
        <time>2025-09-28T12:47:09.555Z</time>
      </trkpt>
      <trkpt lat="52.52069138259376" lon="13.337245367934925">
        <ele>34.82705485858023</ele>
        <time>2025-09-28T12:47:14.576Z</time>
      </trkpt>
      <trkpt lat="52.520663962849845" lon="13.337465495661084">
        <ele>34.9504777893424</ele>
        <time>2025-09-28T12:47:19.600Z</time>
      </trkpt>
      <trkpt lat="52.5206435893405" lon="13.337700885440324">
        <ele>34.89719315730035</ele>
        <time>2025-09-28T12:47:24.619Z</time>
      </trkpt>
      <trkpt lat="52.52063285779693" lon="13.33795264306223">
        <ele>34.97080055531114</ele>
        <time>2025-09-28T12:47:29.530Z</time>
      </trkpt>
      <trkpt lat="52.520597727513746" lon="13.338194575081921">
        <ele>34.765879603475334</ele>
        <time>2025-09-28T12:47:34.621Z</time>
      </trkpt>
      <trkpt lat="52.52058998545663" lon="13.338411990045781">
        <ele>34.91260429117828</ele>
        <time>2025-09-28T12:47:39.542Z</time>
      </trkpt>
      <trkpt lat="52.520557270373914" lon="13.338648213473785">
        <ele>34.843919868581</ele>
        <time>2025-09-28T12:47:44.604Z</time>
      </trkpt>
      <trkpt lat="52.520550236414024" lon="13.338898009781087">
        <ele>34.75043800100684</ele>
        <time>2025-09-28T12:47:49.554Z</time>
      </trkpt>
      <trkpt lat="52.52051908832169" lon="13.339119992406781">
        <ele>34.97092023976147</ele>
        <time>2025-09-28T12:47:54.625Z</time>
      </trkpt>
      <trkpt lat="52.52049393537018" lon="13.339346087425156">
        <ele>35.289470420405266</ele>
        <time>2025-09-28T12:47:59.622Z</time>
      </trkpt>
      <trkpt lat="52.520463762965264" lon="13.33959572538686">
        <ele>35.085050667263566</ele>
        <time>2025-09-28T12:48:04.475Z</time>
      </trkpt>
      <trkpt lat="52.52045665863297" lon="13.33982565632037">
        <ele>35.302432398684324</ele>
        <time>2025-09-28T12:48:09.632Z</time>
      </trkpt>
      <trkpt lat="52.52043210026219" lon="13.340053403757452">
        <ele>35.01881163213402</ele>
        <time>2025-09-28T12:48:14.648Z</time>
      </trkpt>
      <trkpt lat="52.52040564200917" lon="13.340310482612146">
        <ele>34.811853082105515</ele>
        <time>2025-09-28T12:48:19.642Z</time>
      </trkpt>
      <trkpt lat="52.52038597367554" lon="13.340544570266026">
        <ele>35.21857584491372</ele>
        <time>2025-09-28T12:48:24.618Z</time>
      </trkpt>
      <trkpt lat="52.520357190443164" lon="13.340768441251361">
        <ele>35.37475903276354</ele>
        <time>2025-09-28T12:48:29.742Z</time>
      </trkpt>
      <trkpt lat="52.52033761594928" lon="13.341014214892336">
        <ele>34.83361210729927</ele>
        <time>2025-09-28T12:48:34.575Z</time>
      </trkpt>
      <trkpt lat="52.520311123505444" lon="13.34122993944184">
        <ele>34.831903668865564</ele>
        <time>2025-09-28T12:48:39.558Z</time>
      </trkpt>
      <trkpt lat="52.52029429838512" lon="13.34146705828959">
        <ele>34.87476132772863</ele>
        <time>2025-09-28T12:48:44.635Z</time>
      </trkpt>
      <trkpt lat="52.520271522511635" lon="13.341707230230213">
        <ele>35.12130246832967</ele>
        <time>2025-09-28T12:48:49.667Z</time>
      </trkpt>
      <trkpt lat="52.52026701324178" lon="13.341951760970716">
        <ele>35.3433530267328</ele>
        <time>2025-09-28T12:48:54.826Z</time>
      </trkpt>
      <trkpt lat="52.52023387210615" lon="13.342176139581953">
        <ele>34.835110533982515</ele>
        <time>2025-09-28T12:48:59.888Z</time>
      </trkpt>
      <trkpt lat="52.52022439176807" lon="13.342428193040087">
        <ele>34.61634329278022</ele>
        <time>2025-09-28T12:49:04.981Z</time>
      </trkpt>
      <trkpt lat="52.52018196239661" lon="13.342660607451377">
        <ele>34.70440866779536</ele>
        <time>2025-09-28T12:49:09.942Z</time>
      </trkpt>
      <trkpt lat="52.52016702383275" lon="13.342878655882883">
        <ele>35.11873273253441</ele>
        <time>2025-09-28T12:49:15.116Z</time>
      </trkpt>
      <trkpt lat="52.520147968443865" lon="13.343136488167458">
        <ele>35.00315402392298</ele>
        <time>2025-09-28T12:49:20.130Z</time>
      </trkpt>
      <trkpt lat="52.52012057211151" lon="13.34336026613788">
        <ele>34.78276145923883</ele>
        <time>2025-09-28T12:49:25.168Z</time>
      </trkpt>
      <trkpt lat="52.52010375291898" lon="13.343588826799555">
        <ele>34.637852006219326</ele>
        <time>2025-09-28T12:49:30.173Z</time>
      </trkpt>
      <trkpt lat="52.520072485076014" lon="13.343841425111277">
        <ele>34.82089810706675</ele>
        <time>2025-09-28T12:49:35.251Z</time>
      </trkpt>
      <trkpt lat="52.520068386701546" lon="13.344052595090654">
        <ele>34.718000843003395</ele>
        <time>2025-09-28T12:49:40.356Z</time>
      </trkpt>
      <trkpt lat="52.52002386129415" lon="13.34429198007355">
        <ele>35.072464775666596</ele>
        <time>2025-09-28T12:49:45.397Z</time>
      </trkpt>
      <trkpt lat="52.52000246411235" lon="13.344526893162474">
        <ele>34.98214590419084</ele>
        <time>2025-09-28T12:49:50.396Z</time>
      </trkpt>
      <trkpt lat="52.51998257378591" lon="13.34478317721835">
        <ele>35.094994944892825</ele>
        <time>2025-09-28T12:49:55.396Z</time>
      </trkpt>
      <trkpt lat="52.51995675559257" lon="13.345016936677748">
        <ele>34.76239792536944</ele>
        <time>2025-09-28T12:50:00.224Z</time>
      </trkpt>
      <trkpt lat="52.51993018876516" lon="13.345252636491523">
        <ele>35.00844661258161</ele>
        <time>2025-09-28T12:50:05.359Z</time>
      </trkpt>
      <trkpt lat="52.51993476050541" lon="13.345470044211114">
        <ele>35.32700498998165</ele>
        <time>2025-09-28T12:50:10.472Z</time>
      </trkpt>
      <trkpt lat="52.51989399968354" lon="13.345697624254646">
        <ele>35.226163112930955</ele>
        <time>2025-09-28T12:50:15.477Z</time>
      </trkpt>
      <trkpt lat="52.51987092352351" lon="13.345932620910368">
        <ele>34.880913141183555</ele>
        <time>2025-09-28T12:50:20.391Z</time>
      </trkpt>
      <trkpt lat="52.51986181878969" lon="13.346181636245298">
        <ele>34.98165406174958</ele>
        <time>2025-09-28T12:50:25.417Z</time>
      </trkpt>
      <trkpt lat="52.51982051093501" lon="13.346423629648019">
        <ele>34.796087035164234</ele>
        <time>2025-09-28T12:50:30.287Z</time>
      </trkpt>
      <trkpt lat="52.51982677919924" lon="13.346658580477802">
        <ele>35.14148480724543</ele>
        <time>2025-09-28T12:50:35.274Z</time>
      </trkpt>
      <trkpt lat="52.51979683904526" lon="13.346898063954978">
        <ele>35.21692160423845</ele>
        <time>2025-09-28T12:50:40.334Z</time>
      </trkpt>
      <trkpt lat="52.51975555185634" lon="13.34710799454352">
        <ele>34.68799276221544</ele>
        <time>2025-09-28T12:50:45.266Z</time>
      </trkpt>
      <trkpt lat="52.519756657840276" lon="13.347372718328446">
        <ele>35.05295053627342</ele>
        <time>2025-09-28T12:50:50.417Z</time>
      </trkpt>
      <trkpt lat="52.51972713037292" lon="13.347586628392293">
        <ele>34.801631794124845</ele>
        <time>2025-09-28T12:50:55.380Z</time>
      </trkpt>
      <trkpt lat="52.51969758139427" lon="13.347819577875285">
        <ele>34.6494204884395</ele>
        <time>2025-09-28T12:51:00.481Z</time>
      </trkpt>
      <trkpt lat="52.5196848380657" lon="13.348054840141806">
        <ele>35.034950090013446</ele>
        <time>2025-09-28T12:51:05.643Z</time>
      </trkpt>
      <trkpt lat="52.51964691269555" lon="13.348313657594312">
        <ele>35.33148740362376</ele>
        <time>2025-09-28T12:51:10.574Z</time>
      </trkpt>
      <trkpt lat="52.519621865836385" lon="13.348534913989074">
        <ele>35.231467093527314</ele>
        <time>2025-09-28T12:51:15.685Z</time>
      </trkpt>
      <trkpt lat="52.51961850762572" lon="13.348784801834555">
        <ele>34.69907612986863</ele>
        <time>2025-09-28T12:51:20.466Z</time>
      </trkpt>
      <trkpt lat="52.51957954789242" lon="13.349017535314855">
        <ele>35.1001890771091</ele>
        <time>2025-09-28T12:51:25.602Z</time>
      </trkpt>
      <trkpt lat="52.51956221118382" lon="13.349240623861615">
        <ele>34.751607585139574</ele>
        <time>2025-09-28T12:51:30.455Z</time>
      </trkpt>
      <trkpt lat="52.51954263875864" lon="13.349470997046696">
        <ele>34.608833119645716</ele>
        <time>2025-09-28T12:51:35.503Z</time>
      </trkpt>
    </trkseg>
  </trk>
</gpx>
